,0.0989000000000000,0.117352500000000,0.135805000000000,0.154257500000000,0.172710000000000,0.191162500000000,0.209615000000000,0.228067500000000,0.246520000000000,0.264972500000000,0.283425000000000,0.301877500000000,0.320330000000000,0.338782500000000,0.357235000000000,0.375687500000000,0.394140000000000,0.412592500000000,0.431045000000000,0.449497500000000,0.467950000000000,0.486402500000000,0.504855000000000,0.523307500000000,0.541760000000000,0.560212500000000,0.578665000000000,0.597117500000000,0.615570000000000,0.634022500000000,0.652475000000000,0.670927500000000,0.689380000000000,0.707832500000000,0.726285000000000,0.744737500000000,0.763190000000000,0.781642500000000,0.800095000000000,0.818547500000000,0.837000000000000
1E-6,0.0085644,0.0215972,0.0355948,0.0358144,0.0408868,0.0425152,0.0380892,0.02618,0.0336784,0.0288976,0.0293732,0.0372028,0.0451088,0.0606364,0.072704,0.093648,0.1052652,0.1237468,0.1255876,0.152194,0.1408832,0.1259656,0.1376924,0.1442024,0.1308484,0.1505516,0.1678124,0.1553784,0.1481004,0.1411356,0.124856,0.1106076,0.0931552,0.073612,0.0608852,0.0484124,0.037658,0.032148,0.0276348,0.0191016,0.0137752
1.00850850850851E-6,0.0117348,0.0294904,0.0485432,0.0488456,0.0557532,0.0579832,0.0519656,0.0358008,0.0459752,0.0394708,0.040128,0.050734,0.0614592,0.0824784,0.0988468,0.1272068,0.1429116,0.1679284,0.1704104,0.2063168,0.1910312,0.170858,0.18658,0.1952396,0.177152,0.2036388,0.226816,0.2099744,0.2000888,0.1906168,0.168608,0.1493588,0.1257816,0.0994116,0.0822024,0.0653424,0.0508136,0.0433556,0.0372536,0.0257504,0.018566
1.01701701701702E-6,0.0150724,0.0377452,0.062052,0.0624432,0.0712608,0.0741232,0.0664568,0.045894,0.0588352,0.0505408,0.0513928,0.0648604,0.0784996,0.1051712,0.125984,0.1619832,0.1818864,0.2136308,0.2167704,0.2621944,0.2428304,0.217258,0.2370164,0.2478124,0.224848,0.2582244,0.287398,0.2660136,0.253426,0.24135,0.2134568,0.1890768,0.1592172,0.1258604,0.1040444,0.0826792,0.0642788,0.0548148,0.0470808,0.0325436,0.0234588
1.02552552552553E-6,0.0158808,0.0395096,0.064798,0.0652156,0.0743988,0.0774116,0.0694572,0.0481808,0.0615688,0.0529468,0.0538592,0.0677468,0.081852,0.1093188,0.130836,0.1679332,0.1883808,0.2210712,0.2242848,0.2707912,0.2509144,0.2246308,0.2446008,0.2553392,0.2316644,0.265576,0.2951528,0.273104,0.2600556,0.247508,0.2188508,0.1938344,0.1631984,0.1290536,0.1066284,0.0846824,0.0658028,0.056056,0.048108,0.0332544,0.0239608
1.03403403403403E-6,0.0167176,0.0413168,0.0676004,0.0680464,0.0776032,0.0807732,0.0725356,0.0505468,0.0643896,0.0554356,0.0564128,0.0707252,0.085304,0.113576,0.1358104,0.1740212,0.1950216,0.2286728,0.2319676,0.2795632,0.259172,0.2321736,0.2523496,0.2630208,0.2386284,0.2730688,0.303042,0.2803188,0.2667996,0.2537684,0.2243352,0.1986712,0.1672448,0.1323,0.109254,0.0867172,0.0673508,0.0573156,0.0491496,0.0339752,0.0244696
1.04254254254254E-6,0.017584,0.0431672,0.0704592,0.0709372,0.0808748,0.0842084,0.0756928,0.0529932,0.0672984,0.0580084,0.0590548,0.0737972,0.0888576,0.117944,0.140908,0.1802472,0.2018096,0.236436,0.23982,0.288512,0.2676056,0.2398888,0.2602656,0.2708592,0.2457416,0.2807036,0.311066,0.2876576,0.273658,0.2601312,0.2299108,0.2035872,0.1713572,0.1356004,0.111922,0.0887836,0.0689224,0.0585928,0.0502052,0.0347056,0.0249848
1.05105105105105E-6,0.0184804,0.0450608,0.0733728,0.073886,0.0842116,0.0877152,0.0789272,0.0555208,0.0702964,0.0606668,0.0617868,0.0769648,0.0925148,0.1224248,0.1461312,0.1866144,0.2087476,0.2443632,0.247844,0.297638,0.2762156,0.2477768,0.2683484,0.2788544,0.2530052,0.2884812,0.3192256,0.295122,0.2806316,0.2665968,0.2355776,0.2085824,0.1755352,0.1389552,0.114632,0.090882,0.0705184,0.0598884,0.0512744,0.0354456,0.025506
1.05955955955956E-6,0.019408,0.0469976,0.0763416,0.0768932,0.0876136,0.0912944,0.0822416,0.0581324,0.073386,0.0634136,0.0646116,0.08023,0.0962776,0.1270204,0.1514812,0.1931228,0.2158352,0.252454,0.25604,0.306942,0.2850036,0.2558408,0.2766008,0.2870084,0.2604212,0.2964032,0.3275208,0.302712,0.2877212,0.2731656,0.241336,0.213658,0.1797796,0.1423644,0.1173852,0.0930128,0.0721384,0.0612024,0.0523576,0.0361948,0.0260332
1.06806806806807E-6,0.0203672,0.048978,0.0793648,0.079958,0.0910804,0.0949452,0.0856348,0.0608288,0.0765672,0.0662488,0.06753,0.083594,0.1001464,0.1317312,0.1569588,0.1997732,0.2230736,0.2607096,0.26441,0.3164252,0.2939712,0.264082,0.2850244,0.2953228,0.2679916,0.3044704,0.3359532,0.3104288,0.2949272,0.279838,0.2471864,0.2188136,0.1840904,0.145828,0.1201804,0.0951752,0.073782,0.0625344,0.0534548,0.036954,0.0265672
1.07657657657658E-6,0.021358,0.0510012,0.0824416,0.0830808,0.094612,0.098668,0.089108,0.0636112,0.079842,0.0691752,0.0705448,0.08706,0.1041248,0.1365596,0.1625664,0.2065668,0.2304636,0.2691308,0.2729548,0.3260876,0.3031188,0.272502,0.2936204,0.3037988,0.2757176,0.312684,0.3445228,0.3182728,0.30225,0.2866144,0.25313,0.22405,0.188468,0.1493468,0.1230192,0.09737,0.0754504,0.0638852,0.0545664,0.0377228,0.0271076
1.08508508508509E-6,0.022382,0.053068,0.0855716,0.08626,0.0982064,0.1024608,0.0926604,0.0664808,0.0832112,0.0721936,0.0736564,0.090628,0.1082128,0.141506,0.1683044,0.2135052,0.2380072,0.2777192,0.2816764,0.3359312,0.3124484,0.2811024,0.30239,0.3124376,0.2836008,0.3210452,0.3532304,0.3262448,0.30969,0.2934948,0.259166,0.2293672,0.1929124,0.1529212,0.1259016,0.0995976,0.0771432,0.0652544,0.0556916,0.0385008,0.027654
1.09359359359359E-6,0.02344,0.0551788,0.0887556,0.0894972,0.1018648,0.1063244,0.096294,0.0694396,0.0866764,0.0753064,0.076868,0.0943,0.1124124,0.146572,0.1741736,0.220588,0.245704,0.286474,0.2905752,0.345956,0.3219604,0.2898848,0.3113348,0.3212396,0.291642,0.3295544,0.362076,0.3343448,0.317248,0.3004804,0.2652956,0.2347664,0.1974252,0.156552,0.128828,0.1018584,0.0788608,0.0666424,0.0568316,0.0392892,0.0282076
1.1021021021021E-6,0.0245316,0.0573332,0.091992,0.0927908,0.105586,0.110258,0.1000072,0.072488,0.0902384,0.0785144,0.0801808,0.0980784,0.1167252,0.1517592,0.180176,0.2278164,0.2535552,0.2953964,0.2996516,0.356162,0.3316564,0.2988508,0.3204564,0.3302072,0.2998432,0.338212,0.37106,0.3425736,0.324924,0.3075712,0.2715196,0.2402476,0.2020056,0.1602388,0.1317976,0.1041516,0.0806028,0.0680488,0.0579852,0.0400872,0.0287672
1.11061061061061E-6,0.0256576,0.0595308,0.09528,0.0961404,0.1093692,0.1142612,0.1038016,0.0756284,0.0939,0.0818212,0.0835976,0.1019656,0.121154,0.1570696,0.1863132,0.2351928,0.2615628,0.3044884,0.308908,0.3665508,0.3415368,0.3080012,0.3297548,0.33934,0.3082048,0.3470192,0.3801828,0.3509316,0.3327188,0.3147676,0.277838,0.2458108,0.2066536,0.1639816,0.1348112,0.1064776,0.08237,0.0694744,0.0591532,0.0408948,0.0293332
1.11911911911912E-6,0.0268204,0.061774,0.0986216,0.0995476,0.1132156,0.118334,0.1076772,0.0788612,0.0976604,0.0852256,0.0871184,0.1059612,0.1256988,0.1625036,0.1925856,0.2427168,0.2697272,0.3137496,0.3183448,0.3771228,0.3516032,0.3173376,0.3392324,0.3486404,0.3167292,0.3559772,0.3894452,0.3594192,0.3406324,0.3220696,0.2842504,0.2514564,0.21137,0.1677808,0.1378688,0.1088372,0.084162,0.0709188,0.0603356,0.0417124,0.0299056
1.12762762762763E-6,0.0280188,0.0640608,0.102014,0.1030104,0.1171232,0.122476,0.1116348,0.0821892,0.1015228,0.0887324,0.0907476,0.1100692,0.1303624,0.1680632,0.1989944,0.2503888,0.2780484,0.3231808,0.3279628,0.387878,0.361856,0.3268616,0.3488892,0.358108,0.3254168,0.3650856,0.3988468,0.3680372,0.3486664,0.3294788,0.2907596,0.257186,0.216156,0.1716372,0.1409708,0.11123,0.0859792,0.072382,0.0615324,0.04254,0.0304844
1.13613613613614E-6,0.0292544,0.0663928,0.1054584,0.1065292,0.1210924,0.1266872,0.115674,0.0856124,0.1054872,0.0923412,0.0944848,0.1142904,0.1351464,0.1737504,0.2055424,0.2582116,0.2865284,0.3327832,0.3377632,0.3988172,0.3722968,0.3365756,0.3587284,0.367746,0.3342708,0.3743468,0.4083888,0.3767856,0.35682,0.3369936,0.2973636,0.2629976,0.2210096,0.1755496,0.1441164,0.1136552,0.0878208,0.0738636,0.0627428,0.0433768,0.0310692
1.14464464464464E-6,0.0305284,0.06877,0.1089548,0.1101044,0.1251228,0.1309668,0.1197956,0.089132,0.1095548,0.096054,0.0983324,0.1186264,0.1400524,0.1795656,0.2122292,0.2661848,0.2951676,0.3425564,0.3477468,0.4099408,0.3829256,0.3464796,0.3687504,0.3775544,0.3432916,0.383762,0.4180716,0.3856648,0.3650936,0.3446148,0.3040624,0.268892,0.225932,0.1795192,0.1473064,0.1161136,0.0896876,0.0753644,0.0639676,0.0442236,0.0316608
1.15315315315315E-6,0.0318416,0.0711932,0.1125032,0.1137364,0.1292148,0.1353152,0.124,0.0927496,0.1137264,0.099872,0.102292,0.1230784,0.1450812,0.18551,0.219056,0.274308,0.303966,0.3525008,0.357914,0.4212484,0.3937436,0.3565752,0.378956,0.387534,0.3524804,0.3933304,0.4278948,0.3946752,0.3734876,0.3523428,0.3108576,0.2748704,0.2309244,0.1835468,0.1505416,0.118606,0.0915796,0.0768836,0.0652068,0.0450804,0.0322588
1.16166166166166E-6,0.033194,0.0736616,0.1161024,0.1174236,0.1333664,0.1397308,0.1282868,0.0964664,0.118004,0.1037984,0.1063664,0.1276492,0.1502352,0.1915852,0.2260236,0.2825828,0.3129244,0.3626168,0.3682656,0.4327416,0.4047516,0.3668644,0.3893468,0.397686,0.361838,0.4030536,0.4378592,0.4038176,0.3820032,0.3601784,0.3177492,0.280932,0.2359852,0.1876312,0.1538204,0.1211312,0.0934964,0.0784212,0.0664592,0.0459464,0.0328624
1.17017017017017E-6,0.0345872,0.0761772,0.1197544,0.1211684,0.13758,0.1442152,0.1326572,0.1002836,0.1223884,0.1078332,0.1105564,0.1323404,0.1555164,0.1977932,0.2331352,0.2910116,0.3220448,0.372906,0.3788036,0.4444204,0.4159508,0.377348,0.399924,0.4080116,0.3713664,0.4129324,0.4479652,0.413092,0.3906392,0.3681204,0.3247364,0.2870768,0.2411148,0.1917728,0.1571436,0.1236892,0.095438,0.0799776,0.067726,0.0468224,0.0334728
1.17867867867868E-6,0.0360216,0.0787392,0.1234576,0.1249692,0.1418532,0.1487668,0.1371108,0.104202,0.1268804,0.1119784,0.114864,0.1371532,0.1609256,0.2041344,0.2403896,0.2995928,0.3313268,0.383368,0.3895276,0.4562852,0.4273416,0.3880264,0.4106872,0.4185108,0.3810656,0.4229664,0.4582124,0.4224988,0.3993968,0.3761704,0.3318208,0.2933064,0.2463148,0.1959728,0.160512,0.1262812,0.0974048,0.0815528,0.0690064,0.0477076,0.0340888
1.18718718718719E-6,0.0374976,0.081348,0.127212,0.1288264,0.1461868,0.1533864,0.1416488,0.108224,0.131482,0.1162364,0.1192912,0.1420892,0.1664644,0.2106104,0.2477892,0.3083284,0.340772,0.394004,0.4004388,0.4683356,0.4389244,0.3989012,0.421638,0.4291848,0.3909372,0.4331564,0.4686012,0.4320384,0.408276,0.384328,0.3390024,0.29962,0.2515844,0.2002308,0.163926,0.1289076,0.0993976,0.0831472,0.0703016,0.0486028,0.0347112
1.1956956956957E-6,0.039016,0.084004,0.131018,0.13274,0.1505804,0.1580732,0.1462708,0.1123496,0.1361932,0.120608,0.12384,0.1471512,0.1721352,0.2172228,0.2553344,0.3172184,0.3503792,0.4048128,0.4115372,0.4805724,0.4507,0.409974,0.432778,0.4400348,0.4009828,0.443504,0.479132,0.4417112,0.4172776,0.3925932,0.3462804,0.3060172,0.2569228,0.204546,0.167384,0.1315668,0.1014156,0.0847604,0.07161,0.0495072,0.0353396
1.2042042042042E-6,0.0405776,0.0867072,0.1348748,0.1367096,0.1550332,0.1628264,0.1509768,0.1165796,0.1410148,0.125094,0.1285108,0.1523392,0.1779388,0.2239728,0.2630272,0.3262644,0.3601512,0.4157968,0.4228248,0.492996,0.4626696,0.4212456,0.4441076,0.4510612,0.4112032,0.4540088,0.4898048,0.4515168,0.4264008,0.400966,0.353656,0.3124992,0.262332,0.20892,0.170888,0.13426,0.1034588,0.0863924,0.0729328,0.0504212,0.0359744
1.21271271271271E-6,0.042184,0.0894588,0.1387832,0.140736,0.1595456,0.1676464,0.1557676,0.120916,0.145948,0.1296964,0.1333052,0.1576548,0.183876,0.2308608,0.2708668,0.3354656,0.3700868,0.426954,0.4343,0.5056052,0.474832,0.432716,0.4556272,0.4622644,0.4215988,0.4646716,0.5006192,0.4614556,0.4356464,0.4094472,0.3611288,0.3190656,0.2678108,0.213352,0.1744368,0.1369872,0.1055276,0.088044,0.07427,0.0513452,0.0366156
1.22122122122122E-6,0.0438348,0.092258,0.1427424,0.1448184,0.1641168,0.172532,0.1606424,0.1253584,0.1509928,0.134416,0.1382252,0.1631,0.1899488,0.237888,0.2788552,0.3448228,0.3801868,0.4382856,0.4459648,0.5184008,0.4871888,0.4443872,0.4673384,0.4736456,0.4321712,0.4754932,0.5115756,0.4715276,0.445014,0.4180356,0.3686988,0.325716,0.2733588,0.2178416,0.1780304,0.1397476,0.107622,0.0897148,0.075622,0.0522796,0.0372636
1.22972972972973E-6,0.0455316,0.095106,0.1467532,0.1489576,0.1687472,0.177484,0.1656028,0.1299092,0.1561516,0.1392552,0.1432724,0.1686764,0.1961584,0.2450556,0.2869924,0.354336,0.3904508,0.4497908,0.4578184,0.5313828,0.4997404,0.4562596,0.4792416,0.4852052,0.4429208,0.4864732,0.5226736,0.4817328,0.454504,0.426732,0.3763664,0.3324512,0.2789768,0.2223892,0.1816684,0.1425412,0.1097412,0.091404,0.0769872,0.0532232,0.0379172
1.23823823823824E-6,0.0472748,0.0980028,0.1508148,0.1531532,0.1734352,0.1825004,0.1706472,0.134568,0.1614236,0.1442144,0.1484476,0.1743844,0.202506,0.2523652,0.2952804,0.3640072,0.4008812,0.4614712,0.469862,0.5445512,0.5124868,0.468334,0.4913376,0.4969444,0.4538492,0.4976132,0.5339144,0.4920716,0.464116,0.435536,0.3841316,0.3392704,0.2846648,0.2269952,0.185352,0.1453688,0.111886,0.093112,0.0783664,0.054176,0.0385764
1.24674674674675E-6,0.0490652,0.1009492,0.154928,0.1574056,0.1781824,0.1875832,0.1757772,0.1393372,0.1668112,0.149296,0.1537536,0.1802276,0.208994,0.259818,0.30372,0.3738356,0.4114768,0.4733252,0.4820948,0.5579044,0.5254276,0.4806104,0.5036268,0.5088636,0.4649572,0.5089132,0.5452972,0.502544,0.4738504,0.444448,0.3919944,0.3461744,0.2904228,0.2316596,0.1890804,0.14823,0.1140564,0.0948392,0.0797596,0.0551388,0.039242
1.25525525525526E-6,0.0509032,0.1039448,0.159092,0.161714,0.1829864,0.1927292,0.1809904,0.1442144,0.1723124,0.1544996,0.1591904,0.1862056,0.2156228,0.2674144,0.3123112,0.3838212,0.4222376,0.4853536,0.494518,0.571444,0.5385644,0.4930908,0.51611,0.5209628,0.4762448,0.5203728,0.5568216,0.5131496,0.4837068,0.4534672,0.3999548,0.3531628,0.2962508,0.2363824,0.192854,0.1511244,0.1162516,0.0965844,0.081166,0.0561104,0.0399132
1.26376376376376E-6,0.0527892,0.1069896,0.1633064,0.1660788,0.1878484,0.19794,0.1862896,0.149204,0.1779308,0.159828,0.1647604,0.19232,0.2223932,0.2751548,0.3210544,0.3939644,0.4331644,0.4975556,0.5071308,0.5851684,0.551896,0.5057744,0.5287872,0.5332424,0.4877128,0.531992,0.5684872,0.5238884,0.4936852,0.462594,0.4080128,0.3602356,0.3021488,0.2411636,0.1966728,0.1540528,0.1184724,0.0983484,0.082586,0.0570912,0.04059
1.27227227227227E-6,0.054724,0.1100844,0.1675712,0.1704992,0.192766,0.2032128,0.1916712,0.1543032,0.183664,0.1652808,0.170464,0.1985724,0.2293072,0.2830412,0.3299512,0.404266,0.4442572,0.5099316,0.519934,0.599078,0.5654232,0.5186628,0.5416592,0.5457032,0.4993624,0.543772,0.5802944,0.5347608,0.503786,0.4718284,0.4161688,0.3673932,0.3081172,0.2460036,0.2005372,0.1570148,0.1207188,0.1001312,0.08402,0.0580816,0.0412732
1.28078078078078E-6,0.0567092,0.11323,0.1718876,0.1749764,0.1977412,0.2085492,0.1971376,0.1595144,0.189514,0.1708596,0.1763024,0.2049636,0.2363652,0.2910736,0.3390012,0.4147248,0.4555156,0.5224808,0.5329272,0.613172,0.579146,0.5317556,0.554726,0.5583448,0.5111932,0.5557124,0.5922428,0.5457664,0.5140088,0.4811704,0.424422,0.3746356,0.3141556,0.250902,0.2044464,0.1600104,0.12299,0.1019324,0.0854676,0.0590816,0.0419624
1.28928928928929E-6,0.0587444,0.1164252,0.1762536,0.1795092,0.2027712,0.2139464,0.2026872,0.1648368,0.1954796,0.1765644,0.1822756,0.2114932,0.2435672,0.2992516,0.348204,0.4253412,0.4669396,0.5352032,0.5461108,0.6274508,0.5930644,0.5450536,0.5679872,0.5711664,0.5232048,0.567812,0.6043312,0.5569048,0.5243536,0.4906196,0.4327728,0.3819616,0.3202632,0.255858,0.2084,0.1630388,0.1252864,0.103752,0.0869288,0.0600908,0.0426576
1.2977977977978E-6,0.0608304,0.1196708,0.18067,0.184098,0.2078568,0.2194052,0.2083208,0.1702724,0.2015632,0.182398,0.1883872,0.2181648,0.250916,0.307578,0.357562,0.4361164,0.4785304,0.5480988,0.559484,0.6419128,0.607178,0.5585572,0.5814444,0.5841708,0.5354,0.5800728,0.6165604,0.568176,0.5348196,0.5001752,0.44122,0.3893712,0.32644,0.260872,0.2123988,0.1661012,0.1276084,0.1055908,0.0884036,0.0611092,0.0433584
1.30630630630631E-6,0.0629684,0.122968,0.1851372,0.1887432,0.2129976,0.2249248,0.2140372,0.1758204,0.2077636,0.1883604,0.1946368,0.2249788,0.2584124,0.3160532,0.3670744,0.4470488,0.4902852,0.5611652,0.5730456,0.6565568,0.6214856,0.572266,0.5950972,0.5973568,0.5477784,0.5924952,0.6289308,0.5795804,0.5454076,0.5098384,0.4497652,0.3968656,0.3326872,0.2659452,0.2164428,0.1691972,0.1299556,0.107448,0.0898916,0.0621368,0.0440648
1.31481481481481E-6,0.0651584,0.1263156,0.189654,0.193444,0.2181932,0.2305052,0.2198376,0.1814824,0.2140816,0.194452,0.2010248,0.2319348,0.266056,0.3246768,0.376742,0.4581392,0.5022064,0.574404,0.5867968,0.6713832,0.635988,0.5861804,0.6089456,0.6107248,0.56034,0.6050776,0.6414408,0.5911168,0.5561164,0.519608,0.4584076,0.4044436,0.3390036,0.271076,0.2205312,0.172326,0.1323276,0.1093236,0.0913928,0.0631732,0.0447768
1.32332332332332E-6,0.0674004,0.1297136,0.1942196,0.1981996,0.2234416,0.236144,0.2257196,0.1872572,0.2205168,0.2006736,0.2075528,0.2390348,0.2738484,0.3334492,0.3865644,0.4693868,0.514292,0.5878128,0.600736,0.68639,0.6506836,0.6003,0.6229892,0.624274,0.5730852,0.61782,0.6540896,0.6027852,0.5669464,0.529484,0.4671472,0.4121052,0.3453892,0.2762648,0.224664,0.175488,0.1347252,0.111218,0.0929076,0.0642192,0.0454948
1.33183183183183E-6,0.069696,0.1331632,0.1988352,0.2030108,0.228744,0.241842,0.231684,0.1931464,0.2270704,0.2070272,0.2142228,0.2462812,0.2817916,0.3423732,0.3965432,0.480792,0.5265424,0.6013916,0.6148624,0.7015768,0.6655724,0.6146252,0.6372288,0.638006,0.5860148,0.6307236,0.6668776,0.6145852,0.577896,0.5394648,0.4759824,0.4198496,0.3518432,0.2815112,0.2288416,0.1786832,0.1371472,0.1131304,0.0944356,0.065274,0.046218
1.34034034034034E-6,0.0720444,0.1366632,0.2034992,0.2078764,0.2340988,0.247598,0.23773,0.1991488,0.2337408,0.2135116,0.2210332,0.253672,0.2898844,0.3514468,0.4066772,0.4923532,0.5389564,0.6151392,0.629176,0.7169424,0.680654,0.6291556,0.6516636,0.6519192,0.599128,0.6437872,0.679804,0.6265164,0.588966,0.5495516,0.4849144,0.4276772,0.3583668,0.2868156,0.2330632,0.1819112,0.1395944,0.1150604,0.0959764,0.066338,0.0469468
1.34884884884885E-6,0.0744468,0.140214,0.208212,0.2127964,0.2395052,0.2534104,0.2438568,0.2052648,0.2405284,0.2201276,0.2279856,0.2612088,0.2981276,0.3606708,0.4169672,0.5040716,0.5515352,0.629056,0.6436772,0.7324872,0.6959288,0.6438916,0.666294,0.6660144,0.6124256,0.6570104,0.692868,0.6385784,0.6001552,0.5597428,0.4939416,0.4355868,0.364958,0.2921768,0.2373288,0.1851716,0.1420664,0.1170088,0.0975304,0.0674108,0.0476816
1.35735735735736E-6,0.076904,0.1438168,0.2129744,0.2177716,0.2449636,0.2592792,0.250064,0.2114944,0.2474336,0.2268768,0.2350816,0.2688932,0.3065224,0.3700456,0.427412,0.5159448,0.5642756,0.6431392,0.6583636,0.7482084,0.7113944,0.658832,0.6811188,0.68029,0.6259068,0.6703932,0.7060692,0.6507708,0.611464,0.5700388,0.5030644,0.4435792,0.371618,0.2975956,0.2416388,0.1884656,0.1445636,0.1189756,0.099098,0.0684932,0.048422
1.36586586586587E-6,0.079416,0.1474708,0.2177852,0.2228008,0.2504728,0.2652036,0.2563512,0.217838,0.254456,0.2337592,0.2423208,0.2767248,0.3150688,0.379572,0.4380128,0.5279736,0.5771792,0.6573892,0.6732348,0.7641056,0.7270508,0.6739772,0.6961384,0.6947472,0.639572,0.6839352,0.7194064,0.6630924,0.6228904,0.580438,0.512282,0.4516532,0.3783452,0.3030708,0.2459924,0.1917916,0.1470848,0.1209604,0.1006784,0.069584,0.0491676
1.37437437437437E-6,0.0819832,0.1511764,0.2226448,0.2278844,0.2560324,0.2711824,0.2627172,0.224294,0.2615944,0.2407744,0.2497032,0.2847032,0.3237664,0.389248,0.4487676,0.5401556,0.5902436,0.671804,0.6882904,0.7801772,0.7428976,0.6893268,0.7113524,0.7093852,0.653422,0.6976364,0.73288,0.6755436,0.6344356,0.5909416,0.5215956,0.45981,0.385142,0.3086044,0.2503904,0.1951504,0.1496312,0.1229632,0.1022716,0.070684,0.0499192
1.38288288288288E-6,0.0846064,0.1549336,0.2275528,0.233022,0.2616416,0.2772148,0.2691616,0.2308632,0.2688492,0.2479232,0.2572296,0.29283,0.3326168,0.3990756,0.4596772,0.5524916,0.6034688,0.686382,0.703528,0.7964216,0.7589324,0.7048792,0.7267596,0.7242028,0.6674552,0.7114956,0.7464884,0.6881236,0.6460988,0.6015488,0.5310044,0.4680488,0.392006,0.3141944,0.254832,0.1985416,0.1522016,0.124984,0.103878,0.0717928,0.050676
1.39139139139139E-6,0.0872852,0.158742,0.232508,0.2382132,0.2672992,0.2833,0.2756832,0.2375452,0.2762196,0.255206,0.2649004,0.3011056,0.34162,0.4090548,0.470742,0.5649808,0.6168544,0.7011236,0.7189476,0.8128376,0.7751552,0.7206344,0.7423592,0.7392,0.6816716,0.725512,0.7602308,0.7008312,0.6578784,0.6122584,0.5405072,0.4763684,0.3989376,0.3198412,0.2593172,0.2019656,0.1547968,0.1270224,0.1054968,0.07291,0.0514376
1.3998998998999E-6,0.0900204,0.162602,0.2375112,0.243458,0.2730056,0.2894372,0.2822816,0.2443392,0.2837044,0.2626216,0.2727152,0.3095296,0.350776,0.4191852,0.4819612,0.5776224,0.6303992,0.7160264,0.734548,0.8294244,0.7915652,0.7365928,0.7581524,0.7543772,0.696072,0.7396864,0.7741068,0.7136664,0.6697744,0.62307,0.550104,0.4847684,0.4059356,0.3255444,0.2638452,0.2054204,0.1574156,0.129078,0.1071276,0.0740356,0.0522048
1.40840840840841E-6,0.092812,0.1665132,0.2425616,0.2487556,0.2787592,0.2956252,0.288956,0.2512452,0.2913044,0.270172,0.2806756,0.3181032,0.3600852,0.4294664,0.4933336,0.5904144,0.6441012,0.7310888,0.7503272,0.8461796,0.8081604,0.752752,0.7741368,0.7697328,0.7106552,0.7540176,0.788116,0.7266284,0.6817868,0.6339836,0.5597944,0.4932492,0.4130012,0.331304,0.2684168,0.208908,0.1600592,0.1311512,0.1087712,0.07517,0.0529772
1.41691691691692E-6,0.09566,0.1704756,0.2476588,0.254106,0.28456,0.3018636,0.2957056,0.2582628,0.299018,0.2778556,0.2887804,0.326826,0.3695476,0.4398992,0.5048604,0.6033576,0.6579604,0.7463096,0.766284,0.8631012,0.8249392,0.7691116,0.790312,0.785266,0.7254204,0.7685044,0.802256,0.7397156,0.6939132,0.6449972,0.5695764,0.5018088,0.4201316,0.3371184,0.2730304,0.2124272,0.1627264,0.1332416,0.1104264,0.076312,0.0537536
1.42542542542543E-6,0.0985648,0.1744896,0.2528032,0.2595096,0.290408,0.3081524,0.3025304,0.2653924,0.3068456,0.2856736,0.2970304,0.335698,0.3791624,0.4504824,0.5165396,0.6164496,0.6719752,0.7616876,0.7824176,0.8801884,0.8419012,0.7856712,0.8066772,0.8009764,0.740368,0.7831468,0.8165268,0.752928,0.7061536,0.6561104,0.5794504,0.5104472,0.4273276,0.342988,0.2776864,0.2159772,0.1654176,0.1353496,0.1120944,0.0774628,0.054536
1.43393393393393E-6,0.1015276,0.1785556,0.2579952,0.264966,0.2963024,0.3144896,0.3094288,0.272632,0.3147856,0.2936252,0.3054256,0.3447192,0.3889304,0.461216,0.5283704,0.6296888,0.686144,0.7772204,0.7987256,0.8974392,0.8590444,0.8024292,0.8232312,0.8168628,0.755496,0.7979432,0.8309268,0.766264,0.7185072,0.6673232,0.5894164,0.5191648,0.4345896,0.3489132,0.2823848,0.2195584,0.168132,0.1374744,0.1137744,0.078622,0.0553236
1.44244244244244E-6,0.1045472,0.182672,0.2632324,0.2704732,0.3022408,0.3208736,0.3163996,0.2799816,0.322838,0.3017112,0.3139664,0.35389,0.3988512,0.4720992,0.5403524,0.6430744,0.7004656,0.7929064,0.8152064,0.9148508,0.8763668,0.819384,0.8399728,0.8329244,0.7708044,0.8128928,0.8454548,0.7797224,0.7309728,0.678634,0.5994728,0.5279604,0.4419164,0.3548924,0.2871248,0.2231708,0.17087,0.1396164,0.1154668,0.0797896,0.056116
1.45095095095095E-6,0.1076248,0.1868404,0.2685168,0.2760332,0.3082248,0.3273052,0.3234424,0.28744,0.3310008,0.3099292,0.3226504,0.3632092,0.4089244,0.4831316,0.5524852,0.6566064,0.7149396,0.8087448,0.8318596,0.9324224,0.8938676,0.8365352,0.8569012,0.8491604,0.7862932,0.8279956,0.8601104,0.7933036,0.74355,0.6900428,0.6096196,0.5368332,0.4493072,0.360926,0.291906,0.2268136,0.1736312,0.1417748,0.1171704,0.0809648,0.0569128
1.45945945945946E-6,0.1107596,0.1910596,0.2738472,0.2816444,0.3142524,0.3337828,0.330556,0.2950068,0.339274,0.3182808,0.3314792,0.3726772,0.4191496,0.4943128,0.5647672,0.6702824,0.7295644,0.8247336,0.8486832,0.9501528,0.911546,0.853882,0.8740156,0.86557,0.8019608,0.8432496,0.874892,0.807006,0.7562384,0.7015492,0.6198572,0.545784,0.4567632,0.3670144,0.2967292,0.2304872,0.176416,0.1439504,0.1188864,0.0821488,0.0577152
1.46796796796797E-6,0.1139528,0.1953304,0.2792236,0.2873068,0.3203232,0.3403048,0.3377388,0.3026808,0.347656,0.3267644,0.340452,0.382294,0.4295268,0.5056424,0.5771984,0.6841012,0.744338,0.8408704,0.8656744,0.9680384,0.9293988,0.871422,0.8913144,0.882152,0.8178064,0.858654,0.8897984,0.820828,0.769036,0.7131512,0.6301832,0.5548104,0.464282,0.373156,0.3015932,0.2341912,0.1792236,0.1461424,0.1206136,0.0833404,0.058522
1.47647647647648E-6,0.1172032,0.199652,0.2846456,0.29302,0.3264368,0.3468716,0.3449904,0.3104612,0.356146,0.33538,0.349568,0.3920588,0.4400552,0.5171192,0.5897768,0.6980608,0.759258,0.8571524,0.8828312,0.9860768,0.9474244,0.8891544,0.9087968,0.8989056,0.8338304,0.8742088,0.9048288,0.8347696,0.7819428,0.7248484,0.6405976,0.5639128,0.4718636,0.3793504,0.3064976,0.2379248,0.1820536,0.1483504,0.122352,0.0845396,0.0593332
1.48498498498498E-6,0.1205112,0.2040244,0.2901132,0.2987844,0.3325932,0.3534824,0.35231,0.3183472,0.3647428,0.3441264,0.3588264,0.4019708,0.4507344,0.5287432,0.6025024,0.7121608,0.7743244,0.8735792,0.9001524,1.0042668,0.9656212,0.9070772,0.9264604,0.9158288,0.8500304,0.889912,0.919982,0.8488292,0.7949568,0.7366396,0.6510988,0.5730888,0.4795068,0.3855976,0.3114424,0.2416888,0.1849072,0.1505752,0.1241016,0.0857464,0.0601488
1.49349349349349E-6,0.1238768,0.2084476,0.2956264,0.3045996,0.338792,0.3601364,0.3596968,0.3263384,0.3734456,0.3530036,0.3682276,0.41203,0.4615632,0.5405128,0.6153732,0.7263984,0.7895344,0.8901476,0.9176356,1.022606,0.9839872,0.9251888,0.944304,0.9329204,0.8664048,0.9057616,0.9352556,0.8630052,0.8080772,0.7485244,0.6616876,0.5823404,0.4872128,0.3918976,0.3164276,0.245482,0.1877824,0.152816,0.1258628,0.0869612,0.0609696
1.502002002002E-6,0.1273004,0.2129216,0.3011848,0.3104652,0.3450316,0.3668316,0.3671492,0.3344328,0.3822528,0.3620108,0.3777708,0.422236,0.472542,0.552428,0.6283888,0.7407728,0.8048864,0.906856,0.9352784,1.0410912,1.0025196,0.9434872,0.962326,0.9501792,0.8829536,0.9217576,0.9506492,0.8772964,0.8213024,0.7605008,0.6723616,0.5916644,0.4949792,0.3982488,0.321452,0.2493044,0.19068,0.1550724,0.1276348,0.0881832,0.0617944
1.51051051051051E-6,0.1307816,0.2174464,0.3067888,0.3163812,0.351312,0.373568,0.374666,0.3426288,0.3911624,0.3711464,0.3874544,0.4325872,0.4836696,0.5644872,0.6415476,0.7552824,0.8203788,0.923702,0.9530796,1.0597212,1.0212176,0.961972,0.9805256,0.967604,0.8996752,0.937898,0.9661604,0.8917012,0.8346316,0.7725688,0.6831208,0.6010616,0.5028068,0.4046516,0.3265152,0.2531556,0.1935996,0.1573444,0.1294176,0.0894128,0.0626236
1.51901901901902E-6,0.1343208,0.2220224,0.3124384,0.3223476,0.3576336,0.3803456,0.3822468,0.3509268,0.4001748,0.3804108,0.3972784,0.443084,0.4949456,0.57669,0.6548484,0.769926,0.8360108,0.940684,0.9710364,1.0784936,1.0400784,0.98064,0.9989,0.9851928,0.9165676,0.9541816,0.9817884,0.9062192,0.848064,0.7847272,0.693964,0.6105304,0.510694,0.4111048,0.3316172,0.2570356,0.1965412,0.1596324,0.131212,0.0906504,0.0634576
1.52752752752753E-6,0.137918,0.2266492,0.3181336,0.328364,0.3639948,0.3871624,0.38989,0.3593244,0.4092872,0.3898024,0.4072416,0.4537248,0.5063684,0.5890348,0.6682896,0.7847008,0.8517792,0.9577992,0.9891464,1.0974052,1.0591,0.99949,1.0174476,1.0029444,0.9336304,0.9706068,0.9975312,0.9208492,0.8615984,0.7969748,0.7048908,0.6200708,0.5186404,0.4176084,0.3367576,0.2609436,0.1995036,0.1619352,0.1330164,0.0918948,0.0642956
1.53603603603604E-6,0.1415724,0.2313264,0.3238736,0.3344304,0.3703956,0.3940184,0.3975944,0.3678204,0.4184984,0.39932,0.4173428,0.4645088,0.5179376,0.6015208,0.68187,0.7996052,0.867682,0.9750448,1.0074068,1.1164532,1.0782796,1.01852,1.0361676,1.0208576,0.9508624,0.9871732,1.013388,0.9355888,0.8752328,0.80931,0.7158992,0.6296808,0.5266456,0.424162,0.341936,0.26488,0.202488,0.1642536,0.1348312,0.0931464,0.0651376
1.54454454454454E-6,0.1452844,0.2360544,0.3296592,0.3405468,0.376836,0.4009136,0.4053596,0.3764144,0.4278076,0.4089624,0.4275804,0.4754344,0.5296508,0.6141456,0.6955872,0.8146368,0.8837168,0.992418,1.0258148,1.1356356,1.0976152,1.0377276,1.0550572,1.0389304,0.9682612,1.003878,1.0293568,0.950438,0.8889672,0.8217328,0.7269896,0.6393608,0.5347088,0.4307648,0.3471524,0.2688444,0.2054936,0.1665872,0.1366568,0.0944052,0.065984
1.55305305305305E-6,0.1490536,0.2408324,0.3354896,0.3467124,0.3833152,0.4078468,0.4131848,0.3851056,0.437214,0.41873,0.4379552,0.486502,0.5415084,0.6269096,0.7094408,0.8297944,0.8998828,1.0099176,1.0443684,1.1549492,1.1171036,1.0571096,1.0741136,1.0571608,0.9858256,1.0207204,1.0454364,0.9653948,0.9027992,0.8342412,0.7381604,0.6491096,0.5428296,0.4374168,0.3524064,0.2728368,0.2085204,0.1689356,0.138492,0.0956704,0.0668336
1.56156156156156E-6,0.1528788,0.2456596,0.341364,0.3529264,0.3898316,0.4148156,0.4210672,0.3938904,0.446714,0.4286196,0.4484644,0.4977088,0.553508,0.6398104,0.7234292,0.845076,0.9161772,1.0275412,1.063066,1.174392,1.1367436,1.076666,1.0933364,1.0755476,1.0035544,1.0376988,1.0616248,0.9804572,0.9167276,0.846834,0.7494104,0.6589256,0.5510068,0.4441164,0.3576968,0.276856,0.211568,0.1712988,0.1403376,0.0969428,0.0676876
1.57007007007007E-6,0.1567612,0.2505376,0.347284,0.3591904,0.3963868,0.421822,0.4290072,0.4027692,0.4563072,0.4386308,0.4591072,0.5090548,0.5656496,0.6528476,0.7375504,0.8604796,0.9325984,1.0452856,1.081904,1.1939612,1.156532,1.0963928,1.1127228,1.0940884,1.0214452,1.0548112,1.07792,0.9956232,0.9307504,0.85951,0.7607384,0.6688084,0.55924,0.4508636,0.3630232,0.2809016,0.2146356,0.1736764,0.1421932,0.098222,0.0685456
1.57857857857858E-6,0.1607,0.2554652,0.3532488,0.3655028,0.4029792,0.428864,0.4370036,0.4117404,0.4659928,0.4487632,0.4698828,0.5205384,0.5779312,0.6660192,0.7518028,0.8760032,0.949144,1.0631492,1.1008804,1.2136544,1.1764672,1.1162892,1.1322704,1.1127812,1.039496,1.0720548,1.0943196,1.010892,0.9448672,0.8722684,0.772144,0.6787568,0.5675276,0.4576568,0.3683844,0.2849728,0.2177228,0.1760676,0.144058,0.0995076,0.0694072
1.58708708708709E-6,0.1646952,0.2604428,0.3592588,0.3718644,0.4096092,0.4359412,0.4450548,0.4208016,0.475768,0.4590144,0.4807896,0.5321588,0.5903524,0.679324,0.7661848,0.8916448,0.9658116,1.0811288,1.119992,1.2334676,1.1965448,1.1363512,1.1519768,1.1316244,1.0577064,1.08943,1.1108232,1.0262616,0.9590756,0.8851068,0.7836248,0.6887696,0.5758696,0.4644964,0.3737808,0.28907,0.22083,0.1784732,0.1459324,0.1008,0.0702728
1.5955955955956E-6,0.168746,0.2654696,0.3653132,0.3782744,0.4162756,0.4430524,0.4531592,0.4299512,0.4856308,0.4693828,0.4918256,0.543914,0.6029108,0.69276,0.7806944,0.907402,0.9825992,1.099222,1.1392368,1.2533992,1.2167636,1.1565776,1.1718404,1.1506156,1.0760736,1.106934,1.127428,1.0417308,0.9733748,0.8980244,0.7951804,0.698846,0.5842644,0.4713812,0.379212,0.2931924,0.2239564,0.1808924,0.1478164,0.1020988,0.0711424
1.6041041041041E-6,0.1728528,0.2705464,0.3714136,0.384734,0.42298,0.4501992,0.4613176,0.4391888,0.4955808,0.4798676,0.50299,0.5558028,0.6156056,0.706326,0.7953296,0.9232724,0.999504,1.1174252,1.1586104,1.2734452,1.2371196,1.1769644,1.191858,1.1697528,1.0945952,1.1245644,1.1441324,1.0572976,0.9877628,0.9110204,0.80681,0.7089852,0.592712,0.4783112,0.3846768,0.2973396,0.2271016,0.1833244,0.1497084,0.1034032,0.0720148
1.61261261261261E-6,0.1770136,0.2756712,0.3775576,0.3912408,0.4297196,0.4573788,0.4695272,0.448512,0.5056156,0.4904668,0.5142804,0.5678232,0.628434,0.7200196,0.8100888,0.9392544,1.0165236,1.1357368,1.1781116,1.2936036,1.2576112,1.1975108,1.2120284,1.1890344,1.11327,1.14232,1.1609348,1.0729604,1.0022384,0.9240936,0.8185128,0.7191868,0.601212,0.4852856,0.3901756,0.301512,0.230266,0.18577,0.1516096,0.1047136,0.0728904
1.62112112112112E-6,0.18123,0.2808456,0.3837472,0.3977964,0.4364956,0.4645916,0.4777876,0.4579196,0.5157336,0.5011792,0.525696,0.5799744,0.641396,0.73384,0.82497,0.9553456,1.033656,1.1541532,1.1977364,1.3138708,1.2782344,1.2182128,1.2323484,1.2084584,1.1320964,1.1601996,1.177834,1.088718,1.0167996,0.9372412,0.8302864,0.7294484,0.6097624,0.4923036,0.395708,0.3057088,0.2334492,0.1882292,0.15352,0.1060304,0.07377
1.62962962962963E-6,0.1855,0.286068,0.3899808,0.4043996,0.4433068,0.4718368,0.4860972,0.4674096,0.5259324,0.5120028,0.5372348,0.5922544,0.6544892,0.7477856,0.8399716,0.9715436,1.0508992,1.1726724,1.2174828,1.3342444,1.2989872,1.2390676,1.2528152,1.2280208,1.15107,1.1781992,1.194826,1.1045672,1.0314448,0.9504632,0.84213,0.7397696,0.6183628,0.499364,0.4012724,0.3099296,0.2366508,0.1907012,0.1554392,0.1073532,0.0746528
1.63813813813814E-6,0.1898236,0.2913392,0.39626,0.4110508,0.450154,0.4791148,0.4944556,0.4769804,0.5362108,0.5229356,0.5488944,0.6046604,0.6677108,0.7618532,0.8550904,0.9878456,1.0682492,1.1912908,1.2373468,1.3547208,1.3198664,1.2600736,1.2734268,1.2477208,1.1701904,1.1963176,1.2119104,1.1205076,1.0461732,0.9637584,0.8540436,0.7501496,0.6270128,0.5064668,0.4068688,0.3141736,0.23987,0.1931852,0.157366,0.1086812,0.0755384
1.64664664664665E-6,0.1942004,0.2966584,0.4025836,0.4177492,0.4570356,0.4864236,0.5028604,0.48663,0.5465664,0.533976,0.5606736,0.617192,0.68106,0.776042,0.8703252,1.00425,1.0857048,1.2100064,1.257326,1.3752976,1.3408692,1.2812272,1.2941804,1.267556,1.1894552,1.2145528,1.2290844,1.1365364,1.060982,0.9771244,0.8660248,0.7605876,0.6357116,0.5136116,0.4124972,0.3184412,0.2431072,0.195682,0.1593012,0.1100148,0.0764272
1.65515515515516E-6,0.1986304,0.302026,0.4089528,0.424496,0.4639532,0.493764,0.5113116,0.4963568,0.5569976,0.5451224,0.5725708,0.6298472,0.6945356,0.7903504,0.885674,1.020754,1.1032632,1.228816,1.2774172,1.3959712,1.3619924,1.3025256,1.3150728,1.2875236,1.208862,1.2329032,1.2463464,1.1526528,1.0758704,0.99056,0.878072,0.7710816,0.6444572,0.520796,0.4181552,0.3227304,0.2463608,0.19819,0.161244,0.111354,0.0773192
1.66366366366366E-6,0.2031124,0.3074412,0.4153664,0.43129,0.4709052,0.5011348,0.5198076,0.5061592,0.567502,0.5563724,0.5845832,0.6426236,0.7081348,0.8047764,0.9011348,1.037356,1.1209224,1.2477172,1.2976176,1.4167392,1.3832336,1.323966,1.336102,1.3076212,1.228408,1.2513656,1.2636936,1.1688536,1.090836,1.004064,0.8901844,0.7816308,0.6532496,0.5280204,0.4238436,0.3270424,0.249632,0.20071,0.1631948,0.1126984,0.0782136
1.67217217217217E-6,0.2076464,0.3129044,0.4218256,0.4381316,0.4778924,0.5085364,0.528348,0.516036,0.5780792,0.5677256,0.59671,0.6555196,0.721856,0.8193172,0.9167044,1.0540528,1.1386792,1.2667068,1.317924,1.4375984,1.4045892,1.3455456,1.3572648,1.3278468,1.2480916,1.2699388,1.2811252,1.1851384,1.1058776,1.0176344,0.9023608,0.7922336,0.6620868,0.5352836,0.4295616,0.3313756,0.2529196,0.2032416,0.1651528,0.1140476,0.0791108
1.68068068068068E-6,0.2122312,0.3184144,0.4283292,0.4450204,0.4849136,0.5159676,0.5369308,0.5259844,0.5887256,0.5791788,0.6089488,0.668534,0.735698,0.8339724,0.9323824,1.0708428,1.1565316,1.2857824,1.3383332,1.4585452,1.426056,1.3672604,1.378558,1.3481972,1.2679092,1.2886192,1.2986372,1.2015028,1.1209912,1.0312684,0.914598,0.8028884,0.6709684,0.5425852,0.4353088,0.3357312,0.2562244,0.2057852,0.1671188,0.1154024,0.0800108
1.68918918918919E-6,0.2168668,0.3239716,0.434878,0.4519564,0.4919692,0.5234288,0.545556,0.5360032,0.59944,0.59073,0.6212964,0.6816632,0.7496576,0.8487384,0.9481656,1.0877232,1.1744764,1.3049404,1.358842,1.479576,1.4476308,1.3891084,1.3999796,1.3686704,1.2878596,1.307406,1.3162288,1.2179468,1.1361772,1.044966,0.9268964,0.813594,0.6798924,0.5499232,0.4410832,0.340106,0.2595444,0.2083396,0.169092,0.1167624,0.080914
1.6976976976977E-6,0.221552,0.3295752,0.4414712,0.4589384,0.499058,0.5309188,0.5542212,0.54609,0.6102204,0.6023776,0.6337516,0.694906,0.7637328,0.8636132,0.9640508,1.1046908,1.1925108,1.3241784,1.3794472,1.5006888,1.4693108,1.411086,1.421526,1.3892632,1.3079392,1.3262956,1.3338972,1.2344672,1.1514332,1.0587252,0.9392548,0.8243504,0.68886,0.5572988,0.4468864,0.344502,0.2628808,0.2109052,0.1710724,0.1181272,0.0818196
1.70620620620621E-6,0.226286,0.3352248,0.4481092,0.4659668,0.5061804,0.5384372,0.5629256,0.5562428,0.6210644,0.6141192,0.6463124,0.70826,0.7779212,0.8785944,0.9800368,1.1217436,1.2106324,1.3434936,1.400146,1.5218796,1.491092,1.4331896,1.443194,1.4099728,1.3281452,1.3452864,1.3516408,1.2510632,1.1667576,1.0725448,0.9516708,0.8351552,0.6978684,0.56471,0.4527164,0.348918,0.2662324,0.2134812,0.1730592,0.1194964,0.0827276
1.71471471471471E-6,0.2310688,0.3409204,0.454792,0.4730416,0.513336,0.5459836,0.571668,0.5664596,0.6319692,0.6259516,0.6589756,0.7217228,0.7922212,0.8936808,0.9961216,1.1388796,1.2288388,1.3628824,1.4209344,1.5431452,1.512972,1.4554172,1.4649816,1.4307976,1.348476,1.3643756,1.3694564,1.2677316,1.1821476,1.0864224,0.9641436,0.846008,0.7069176,0.572156,0.4585724,0.3533528,0.269598,0.2160668,0.1750524,0.12087,0.0836376
1.72322322322322E-6,0.2358996,0.346662,0.46152,0.4801628,0.5205256,0.5535584,0.580448,0.5767392,0.6429344,0.637874,0.6717392,0.735292,0.80663,0.9088688,1.0123012,1.1560952,1.2471264,1.3823416,1.4418092,1.5644824,1.5349472,1.4777644,1.4868848,1.4517336,1.368928,1.3835608,1.3873424,1.2844712,1.1976028,1.1003576,0.976672,0.8569072,0.716006,0.5796356,0.4644536,0.3578056,0.272978,0.2186624,0.177052,0.122248,0.0845504
1.73173173173173E-6,0.2407772,0.3524484,0.4682924,0.4873296,0.527748,0.5611608,0.589264,0.5870792,0.6539572,0.6498844,0.684602,0.7489664,0.8211464,0.9241576,1.0285744,1.1733884,1.2654932,1.4018692,1.4627676,1.5858884,1.557014,1.500228,1.5089004,1.4727784,1.3894988,1.40284,1.4052968,1.3012796,1.2131204,1.1143472,0.9892536,0.8678516,0.7251332,0.5871488,0.4703612,0.3622784,0.2763732,0.2212684,0.1790584,0.1236304,0.0854652
1.74024024024024E-6,0.2457016,0.35828,0.47511,0.4945424,0.5350036,0.56879,0.5981152,0.597478,0.6650356,0.66198,0.6975612,0.7627428,0.8357672,0.939544,1.0449388,1.1907568,1.2839364,1.4214616,1.483806,1.6073596,1.5791692,1.5228048,1.5310256,1.4939292,1.4101848,1.42221,1.4233164,1.3181544,1.228698,1.1283904,1.0018868,0.8788388,0.7342964,0.5946936,0.476292,0.3667684,0.279782,0.2238836,0.1810704,0.1250168,0.086382
1.74874874874875E-6,0.2506716,0.3641564,0.4819724,0.5018008,0.5422924,0.5764472,0.6070008,0.6079336,0.6761676,0.6741584,0.7106132,0.7766184,0.8504904,0.955026,1.0613908,1.2081972,1.3024528,1.4411152,1.5049208,1.6288928,1.60141,1.5454916,1.5532576,1.5151832,1.4309844,1.4416684,1.4413992,1.3350928,1.2443336,1.1424848,1.0145708,0.8898688,0.7434964,0.6022696,0.4822464,0.3712748,0.2832032,0.2265072,0.183088,0.1264068,0.0873008
1.75725725725726E-6,0.2556856,0.370076,0.4888784,0.509104,0.5496136,0.5841308,0.6159192,0.618444,0.6873512,0.6864176,0.7237564,0.7905916,0.8653132,0.9706012,1.0779292,1.225708,1.3210404,1.4608292,1.52611,1.6504856,1.6237332,1.5682848,1.5755924,1.5365368,1.4518936,1.4612128,1.4595432,1.3520936,1.260026,1.1566292,1.0273032,0.9009396,0.7527312,0.6098764,0.488224,0.3757988,0.286638,0.22914,0.1851108,0.1278004,0.0882212
1.76576576576577E-6,0.2607436,0.3760388,0.4958284,0.5164516,0.5569664,0.5918404,0.6248696,0.6290076,0.6985848,0.698756,0.7369896,0.8046604,0.880234,0.9862672,1.0945512,1.2432864,1.3396972,1.4806004,1.5473708,1.6721356,1.646136,1.591182,1.598028,1.5579888,1.4729108,1.4808412,1.4777464,1.3691548,1.2757728,1.1708216,1.0400832,0.91205,0.762,0.6175128,0.494224,0.3803392,0.2900856,0.2317812,0.1871388,0.1291976,0.0891432
1.77427427427427E-6,0.2658448,0.3820448,0.5028228,0.5238436,0.5643512,0.5995756,0.6338504,0.6396216,0.7098652,0.7111696,0.750308,0.8188208,0.8952488,1.0020208,1.111254,1.2609296,1.3584192,1.5004248,1.5686984,1.693838,1.668614,1.6141788,1.62056,1.5795348,1.4940316,1.50055,1.4960052,1.3862736,1.291572,1.1850612,1.0529096,0.9231992,0.7713016,0.6251776,0.5002444,0.384894,0.2935444,0.23443,0.1891712,0.130598,0.0900668
1.78278278278278E-6,0.2709884,0.388094,0.509862,0.5312808,0.5717688,0.6073376,0.6428616,0.6502848,0.7211908,0.7236568,0.76371,0.8330712,0.9103564,1.0178608,1.1280352,1.2786348,1.3772036,1.5202988,1.5900892,1.7155896,1.6911644,1.637272,1.6431864,1.6011728,1.515254,1.5203364,1.5143176,1.4034472,1.3074208,1.1993444,1.06578,0.9343852,0.7806352,0.6328708,0.5062872,0.3894652,0.2970156,0.2370872,0.1912084,0.1320012,0.0909916
1.79129129129129E-6,0.2761732,0.3941848,0.5169448,0.5387616,0.5792176,0.615124,0.6519008,0.660994,0.7325588,0.7362148,0.7771932,0.8474092,0.925554,1.0337844,1.1448932,1.2964004,1.3960488,1.5402216,1.6115412,1.737388,1.7137836,1.660458,1.6659028,1.6228996,1.5365748,1.5401988,1.5326816,1.4206744,1.323318,1.2136704,1.0786928,0.9456064,0.7899988,0.64059,0.5123492,0.3940508,0.3004984,0.2397524,0.1932508,0.1334084,0.0919184
1.7997997997998E-6,0.2813988,0.4003176,0.5240716,0.546286,0.586698,0.6229356,0.660968,0.6717488,0.7439688,0.7488424,0.7907556,0.861832,0.9408388,1.0497884,1.161824,1.3142228,1.4149512,1.5601888,1.63305,1.7592292,1.7364676,1.6837328,1.6887056,1.6447116,1.55799,1.5601332,1.551094,1.4379524,1.3392612,1.228038,1.0916472,0.956862,0.799392,0.6483352,0.5184304,0.3986504,0.3039924,0.2424252,0.195298,0.1348192,0.0928472
1.80830830830831E-6,0.2866644,0.406492,0.5312428,0.553854,0.59421,0.630772,0.6700612,0.6825452,0.7554164,0.7615352,0.8043924,0.876336,0.9562076,1.0658708,1.1788252,1.3320992,1.4339072,1.5801972,1.6546116,1.7811096,1.7592132,1.7070932,1.711592,1.666606,1.5794976,1.5801384,1.5695536,1.4552792,1.3552488,1.2424448,1.1046408,0.9681504,0.8088136,0.6561052,0.5245304,0.4032636,0.3074968,0.2451052,0.1973496,0.1362328,0.0937772
1.81681681681682E-6,0.2919684,0.4127068,0.5384568,0.5614648,0.6017532,0.6386328,0.6791804,0.6933836,0.7669016,0.7742924,0.8181032,0.8909196,0.9716584,1.0820288,1.1958944,1.3500272,1.4529148,1.600244,1.676224,1.8030272,1.7820184,1.7305364,1.7345596,1.68858,1.601094,1.60021,1.5880568,1.4726516,1.3712776,1.2568884,1.1176716,0.9794692,0.818262,0.6638992,0.5306484,0.4078904,0.3110116,0.2477916,0.1994044,0.1376484,0.0947076
1.82532532532533E-6,0.2973096,0.4189608,0.5457132,0.5691172,0.6093264,0.6465172,0.6883236,0.70426,0.7784208,0.7871104,0.831884,0.9055796,0.9871884,1.09826,1.2130296,1.3680052,1.471972,1.620328,1.6978844,1.8249788,1.8048784,1.754058,1.7576032,1.71063,1.622776,1.6203468,1.606602,1.4900688,1.3873468,1.271368,1.1307384,0.990818,0.8277364,0.6717156,0.5367832,0.4125292,0.314536,0.250484,0.2014632,0.1390668,0.0956396
1.83383383383383E-6,0.302688,0.4252548,0.5530132,0.576812,0.6169304,0.654426,0.6974904,0.7151736,0.7899732,0.7999876,0.8457328,0.920314,1.0027952,1.1145616,1.2302272,1.3860292,1.4910748,1.6404444,1.719588,1.8469604,1.82779,1.777654,1.7807196,1.7327524,1.6445396,1.640544,1.6251856,1.5075268,1.4034528,1.2858808,1.1438396,1.0021948,0.8372352,0.6795544,0.5429344,0.41718,0.31807,0.2531828,0.2035248,0.1404872,0.096572
1.84234234234234E-6,0.3081024,0.4315876,0.560356,0.5845484,0.6245648,0.662358,0.7066796,0.7261216,0.8015552,0.8129204,0.8596464,0.9351192,1.018476,1.1309316,1.2474852,1.4040968,1.5102208,1.6605904,1.741332,1.8689692,1.8507504,1.8013216,1.8039064,1.7549452,1.6663832,1.6608008,1.6438064,1.5250244,1.4195948,1.3004256,1.156974,1.0135992,0.8467584,0.6874144,0.5491016,0.421842,0.3216128,0.2558872,0.2055896,0.1419096,0.0975052
1.85085085085085E-6,0.3135516,0.4379588,0.5677412,0.592326,0.6322296,0.6703136,0.7158908,0.7371028,0.813166,0.8259068,0.8736224,0.9499928,1.034228,1.1473668,1.2648008,1.422206,1.5294072,1.6807636,1.7631132,1.8910024,1.8737556,1.8250572,1.82716,1.7772048,1.688302,1.6811128,1.6624604,1.5425584,1.4357696,1.3150004,1.1701396,1.0250288,0.8563036,0.6952944,0.5552836,0.4265148,0.325164,0.2585968,0.2076572,0.143334,0.0984392
1.85935935935936E-6,0.3190344,0.4443672,0.5751684,0.600144,0.639924,0.6782924,0.7251224,0.7481144,0.8248028,0.8389444,0.887658,0.9649324,1.0500492,1.1638656,1.282172,1.4403544,1.5486324,1.7009624,1.7849292,1.9130572,1.8968028,1.8488568,1.850476,1.7995276,1.7102936,1.7014784,1.6811464,1.5601272,1.4519756,1.3296028,1.183334,1.0364824,0.86587,0.7031936,0.5614804,0.4311984,0.328724,0.2613124,0.2097284,0.1447608,0.0993744
1.86786786786787E-6,0.3245508,0.4508136,0.5826384,0.6080032,0.6476484,0.686294,0.7343736,0.7591552,0.836464,0.8520308,0.9017504,0.9799344,1.0659356,1.180424,1.2995952,1.4585388,1.5678928,1.7211824,1.8067756,1.9351296,1.9198884,1.8727168,1.873852,1.8219112,1.7323552,1.7218944,1.699862,1.5777284,1.4682108,1.3442316,1.1965564,1.0479584,0.8754564,0.7111108,0.56769,0.4358916,0.3322916,0.2640332,0.211802,0.1461896,0.10031
1.87637637637638E-6,0.3300988,0.457296,0.5901492,0.6159012,0.6554016,0.6943172,0.7436428,0.7702228,0.8481472,0.8651624,0.9158964,0.994996,1.081884,1.1970392,1.3170676,1.4767564,1.5871848,1.7414212,1.8286496,1.9572176,1.9430096,1.8966348,1.8972848,1.8443528,1.7544832,1.7423584,1.7186044,1.59536,1.4844736,1.3588852,1.2098048,1.059456,0.885062,0.7190448,0.5739124,0.440594,0.335866,0.2667576,0.2138776,0.1476196,0.101246
1.88488488488488E-6,0.3356776,0.4638144,0.5977016,0.6238388,0.663184,0.7023628,0.7529292,0.7813148,0.8598504,0.8783376,0.930094,1.0101156,1.0978932,1.2137092,1.3345872,1.4950052,1.6065064,1.761676,1.850548,1.9793172,1.966162,1.9206056,1.92077,1.8668476,1.7766732,1.762866,1.7373704,1.613018,1.50076,1.3735604,1.2230768,1.070972,0.8946844,0.7269948,0.5801468,0.4453048,0.3394476,0.2694868,0.2159556,0.1490512,0.1021828
1.89339339339339E-6,0.3412856,0.4703668,0.6052932,0.631814,0.670994,0.7104292,0.7622316,0.79243,0.8715712,0.8915532,0.9443392,1.0252884,1.1139588,1.2304308,1.3521508,1.513282,1.6258552,1.781944,1.8724672,2.0014256,1.9893432,1.944626,1.944304,1.8893936,1.7989228,1.7834156,1.7561584,1.6307016,1.5170692,1.3882564,1.2363712,1.0825064,0.9043236,0.7349596,0.586392,0.4500236,0.3430356,0.27222,0.2180352,0.150484,0.1031196
1.9019019019019E-6,0.3469228,0.476954,0.6129256,0.6398276,0.6788324,0.7185164,0.7715488,0.8035656,0.8833076,0.9048064,0.95863,1.0405132,1.1300788,1.2472012,1.3697556,1.5315844,1.6452276,1.802222,1.894404,2.0235396,2.0125488,1.9686916,1.9678832,1.9119868,1.821228,1.8040036,1.7749652,1.6484076,1.5333984,1.4029712,1.2496864,1.0940572,0.913978,0.7429384,0.5926472,0.4547496,0.3466292,0.274956,0.2201156,0.1519172,0.104056
1.91041041041041E-6,0.3525876,0.4835744,0.6205972,0.6478772,0.686698,0.7266244,0.7808804,0.8147204,0.8950584,0.9180952,0.9729636,1.0557868,1.1462508,1.2640188,1.3873996,1.54991,1.6646212,1.8225076,1.9163548,2.0456564,2.035776,1.9927996,1.9915044,1.9346244,1.8435856,1.8246272,1.7937888,1.666134,1.5497456,1.4177024,1.2630204,1.1056224,0.9236452,0.7509292,0.5989112,0.4594816,0.350228,0.2776952,0.2221976,0.1533516,0.1049928
1.91891891891892E-6,0.3582788,0.4902276,0.6283084,0.6559644,0.6945916,0.7347532,0.7902256,0.825892,0.9068204,0.9314172,0.9873376,1.0711064,1.162472,1.2808808,1.4050804,1.5682568,1.6840344,1.8427988,1.9383176,2.0677728,2.0590212,2.016946,2.015164,1.9573024,1.865992,1.8452836,1.812626,1.6838776,1.5661084,1.4324488,1.276372,1.1172016,0.933326,0.7589328,0.6051844,0.46422,0.353832,0.2804376,0.2242808,0.1547868,0.1059296
1.92742742742743E-6,0.3639956,0.4969128,0.6360584,0.6640872,0.702512,0.742902,0.7995832,0.8370784,0.918592,0.9447684,1.0017472,1.0864672,1.1787376,1.2977832,1.422794,1.5866212,1.7034632,1.863092,1.960288,2.0898864,2.0822816,2.0411276,2.0388592,1.9800192,1.8884448,1.8659708,1.8314756,1.7016376,1.5824852,1.447208,1.2897388,1.1287924,0.9430176,0.7669468,0.6114656,0.4689644,0.3574408,0.2831824,0.2263648,0.1562224,0.106866
1.93593593593594E-6,0.3697372,0.50363,0.6438476,0.6722464,0.71046,0.7510712,0.8089524,0.8482784,0.930372,0.958148,1.0161924,1.1018696,1.1950472,1.3147244,1.4405392,1.6050016,1.7229056,1.8833852,1.982264,2.1119936,2.1055532,2.06534,2.0625856,2.00277,1.91094,1.8866848,1.850334,1.71941,1.5988728,1.4619776,1.3031192,1.1403936,0.9527192,0.7749708,0.6177536,0.4737136,0.3610536,0.2859296,0.2284496,0.1576588,0.1078024
1.94444444444444E-6,0.3755024,0.5103776,0.6516744,0.68044,0.7184336,0.7592596,0.8183324,0.8594896,0.9421576,0.9715528,1.0306684,1.117308,1.2113964,1.3317012,1.458312,1.6233948,1.7423588,1.9036756,2.004242,2.1340924,2.128834,2.0895808,2.0863408,2.0255524,1.9334744,1.9074228,1.8691988,1.7371928,1.61527,1.4767564,1.3165116,1.152004,0.96243,0.7830032,0.6240476,0.4784672,0.36467,0.2886788,0.2305352,0.159096,0.1087388
1.95295295295295E-6,0.3812896,0.5171548,0.6595384,0.688668,0.7264336,0.7674668,0.8277212,0.8707096,0.9539464,0.9849792,1.0451724,1.1327804,1.2277824,1.34871,1.47611,1.6417984,1.76182,1.92396,2.0262192,2.1561796,2.15212,2.1138456,2.1101204,2.0483624,1.9560436,1.928182,1.8880672,1.7549836,1.631674,1.4915424,1.329914,1.163622,0.9721492,0.7910444,0.630348,0.4832252,0.36829,0.2914296,0.2326204,0.1605328,0.1096744
1.96146146146146E-6,0.387098,0.5239608,0.6674388,0.6969284,0.7344584,0.7756924,0.8371184,0.8819368,0.9657372,0.9984252,1.0597016,1.1482836,1.2442028,1.3657496,1.4939312,1.6602104,1.7812868,1.944236,2.0481916,2.178252,2.175408,2.1381308,2.1339216,2.0711984,1.978646,1.94896,1.906938,1.7727808,1.6480828,1.5063336,1.3433252,1.175246,0.9818744,0.799092,0.6366528,0.487986,0.3719128,0.294182,0.234706,0.16197,0.11061
1.96996996996997E-6,0.3929264,0.5307948,0.6753748,0.7052216,0.742508,0.783936,0.8465232,0.8931704,0.9775284,1.0118896,1.0742548,1.163816,1.2606548,1.3828164,1.511772,1.6786276,1.8007564,1.9645016,2.0701572,2.2003072,2.1986952,2.1624332,2.1577404,2.0940556,2.0012768,1.9697528,1.9258072,1.7905804,1.6644936,1.5211276,1.3567424,1.186874,0.9916048,0.8071448,0.6429608,0.4927488,0.3755372,0.2969348,0.2367908,0.1634068,0.1115448
1.97847847847848E-6,0.3987736,0.5376556,0.683346,0.7135456,0.7505812,0.7921968,0.855934,0.9044064,0.9893164,1.0253672,1.0888268,1.1793728,1.2771352,1.3999084,1.5296308,1.697048,1.8202264,1.9847536,2.0921124,2.2223424,2.2219784,2.1867492,2.1815736,2.1169312,2.0239328,1.990558,1.9446728,1.8083812,1.6809052,1.5359232,1.3701644,1.1985052,1.0013396,0.8152024,0.6492724,0.4975144,0.379164,0.299688,0.2388748,0.1648428,0.1124784
1.98698698698699E-6,0.4046388,0.5445432,0.6913524,0.7219012,0.7586792,0.8004752,0.8653504,0.9156448,1.0011008,1.0388568,1.1034164,1.1949524,1.2936408,1.417022,1.5475044,1.7154688,1.8396936,2.0049892,2.114054,2.244354,2.2452532,2.2110744,2.2054172,2.1398216,2.0466104,2.0113728,1.9635328,1.8261808,1.6973148,1.5507184,1.38359,1.2101376,1.0110768,0.823264,0.6555868,0.5022812,0.3827924,0.302442,0.240958,0.166278,0.1134112
1.9954954954955E-6,0.4105208,0.5514564,0.6993928,0.7302868,0.7668,0.8087708,0.874772,0.9268836,1.0128796,1.0523564,1.1180204,1.2105516,1.3101696,1.4341556,1.5653908,1.7338884,1.8591564,2.0252068,2.1359792,2.2663396,2.2685172,2.2354052,2.2292676,2.1627236,2.0693064,2.0321936,1.9823844,1.8439764,1.7137204,1.5655112,1.3970172,1.2217704,1.020816,0.8313284,0.6619028,0.5070492,0.386422,0.305196,0.2430408,0.1677132,0.1143436
2.004004004004E-6,0.4164188,0.5583944,0.7074668,0.7387024,0.774944,0.8170828,0.8841972,0.9381204,1.0246504,1.0658624,1.1326356,1.2261672,1.326718,1.4513048,1.583286,1.7523028,1.8786112,2.0454028,2.1578848,2.2882964,2.2917672,2.2597384,2.2531216,2.185634,2.0920176,2.0530184,2.0012252,1.861766,1.7301196,1.5802988,1.4104428,1.2334004,1.0305548,0.839394,0.6682196,0.511818,0.3900528,0.30795,0.2451224,0.1691476,0.1152748
2.01251251251251E-6,0.4223312,0.565356,0.7155732,0.7471456,0.78311,0.8254104,0.8936248,0.9493532,1.0364112,1.079372,1.1472592,1.2417964,1.3432836,1.4684688,1.6011896,1.7707116,1.8980568,2.065576,2.1797688,2.3102224,2.3150004,2.2840708,2.2769764,2.20855,2.1147404,2.0738444,2.0200532,1.8795476,1.7465112,1.5950812,1.4238668,1.245028,1.0402928,0.8474604,0.6745364,0.5165872,0.393684,0.3107036,0.2472024,0.1705808,0.1162044
2.02102102102102E-6,0.4282576,0.5723412,0.723712,0.7556172,0.7912984,0.8337536,0.9030544,0.9605816,1.0481612,1.092884,1.1618892,1.2574368,1.3598628,1.4856432,1.6190968,1.7891112,1.91749,2.0857236,2.201628,2.3321148,2.3382136,2.3083984,2.300828,2.231468,2.1374716,2.0946684,2.0388664,1.8973188,1.7628928,1.6098556,1.4372872,1.2566504,1.0500284,0.855526,0.680852,0.5213544,0.397314,0.3134556,0.2492804,0.1720128,0.1171332
2.02952952952953E-6,0.4341956,0.5793476,0.7318812,0.7641148,0.7995072,0.842112,0.9124848,0.9718024,1.0598976,1.1063952,1.1765216,1.2730848,1.3764532,1.502826,1.6370052,1.8074992,1.936908,2.1058428,2.2234592,2.3539712,2.361404,2.3327184,2.3246732,2.2543852,2.1602076,2.1154872,2.0576612,1.9150768,1.7792616,1.6246196,1.4507016,1.2682668,1.0597608,0.86359,0.687166,0.5261208,0.400944,0.3162068,0.2513572,0.1734444,0.1180612
2.03803803803804E-6,0.4401448,0.5863748,0.7400804,0.772638,0.8077364,0.850484,0.9219144,0.9830136,1.0716184,1.1199024,1.1911544,1.288738,1.393052,1.5200148,1.6549132,1.8258732,1.9563088,2.1259316,2.2452596,2.3757884,2.3845684,2.3570268,2.3485088,2.2772984,2.1829452,2.1362984,2.0764356,1.9328188,1.7956152,1.6393716,1.4641084,1.2798752,1.0694884,0.8716512,0.6934776,0.5308852,0.4045728,0.3189568,0.253432,0.1748744,0.1189876
2.04654654654655E-6,0.4461036,0.5934216,0.7483088,0.7811856,0.8159852,0.85887,0.9313436,0.9942148,1.0833228,1.1334044,1.2057852,1.3043932,1.409656,1.5372068,1.672818,1.8442316,1.97569,2.1459876,2.2670264,2.397564,2.4077036,2.3813204,2.3723316,2.3002044,2.2056808,2.1570988,2.0951872,1.9505428,1.811952,1.65411,1.477506,1.2914748,1.0792104,0.8797092,0.6997864,0.5356472,0.4081996,0.321704,0.2555032,0.1763016,0.1199116
2.05505505505505E-6,0.4520716,0.6004876,0.756566,0.7897572,0.8242532,0.8672692,0.9407704,1.0054032,1.095008,1.1468976,1.2204104,1.320048,1.4262628,1.5543988,1.6907168,1.8625716,1.9950492,2.1660088,2.2887576,2.419296,2.4308072,2.4055956,2.3961372,2.3230992,2.2284108,2.1778848,2.1139132,1.9682468,1.8282704,1.6688332,1.490894,1.3030644,1.088926,0.8877628,0.7060912,0.5404052,0.411824,0.3244484,0.2575716,0.1777272,0.1208344
2.06356356356356E-6,0.4580472,0.6075712,0.7648504,0.7983512,0.8325388,0.8756808,0.9501944,1.0165776,1.1066732,1.1603808,1.2350284,1.3357,1.44287,1.5715888,1.7086072,1.8808908,2.0143832,2.185992,2.3104496,2.4409816,2.4538756,2.4298488,2.4199232,2.34598,2.2511312,2.1986544,2.1326116,1.985928,1.8445672,1.6835392,1.5042692,1.314642,1.0986332,0.8958108,0.7123912,0.5451596,0.4154464,0.3271908,0.2596376,0.1791512,0.1217556
2.07207207207207E-6,0.4640296,0.614672,0.7731616,0.8069668,0.8408424,0.884104,0.959614,1.0277356,1.1183152,1.1738496,1.2496356,1.3513456,1.4594748,1.5887752,1.7264884,1.899188,2.0336916,2.205936,2.3320996,2.4626176,2.4769064,2.4540764,2.443686,2.3688444,2.27384,2.2194048,2.1512804,2.0035844,1.8608408,1.6982256,1.5176296,1.3262056,1.1083304,0.9038516,0.7186856,0.5499096,0.4190656,0.3299304,0.2617008,0.1805732,0.1226752
2.08058058058058E-6,0.4700176,0.6217892,0.7814992,0.8156036,0.8491636,0.8925396,0.9690296,1.0388772,1.1299344,1.187304,1.2642304,1.3669828,1.476074,1.605954,1.7443556,1.91746,2.0529704,2.225838,2.3537056,2.4842028,2.4998964,2.478276,2.4674228,2.3916888,2.2965336,2.2401336,2.1699172,2.021214,1.8770892,1.7128908,1.530974,1.3377544,1.1180172,0.9118856,0.724974,0.5546548,0.4226812,0.3326664,0.26376,0.1819928,0.1235928
2.08908908908909E-6,0.47601,0.6289212,0.7898612,0.82426,0.8575008,0.9009856,0.9784388,1.0499992,1.1415272,1.2007396,1.2788088,1.382608,1.4926644,1.6231224,1.7622068,1.9357044,2.0722176,2.245696,2.3752648,2.5057344,2.5228428,2.5024432,2.4911288,2.4145092,2.3192076,2.2608368,2.1885196,2.0388152,1.8933112,1.727534,1.5443016,1.3492872,1.1276924,0.9199108,0.7312552,0.5593944,0.4262932,0.3353992,0.2658164,0.1834108,0.1245092
2.0975975975976E-6,0.4820064,0.636068,0.798248,0.8329356,0.865854,0.9094424,0.987842,1.0611012,1.1530936,1.2141552,1.2933692,1.3982192,1.509244,1.6402788,1.78004,1.9539192,2.0914308,2.2655072,2.396774,2.52721,2.5457436,2.526576,2.5148032,2.4373044,2.34186,2.2815124,2.2070848,2.056384,1.9095024,1.7421512,1.5576084,1.3608012,1.137354,0.927926,0.7375288,0.5641284,0.4299012,0.3381284,0.2678692,0.184826,0.1254232
2.10610610610611E-6,0.4880044,0.6432276,0.8066576,0.8416284,0.874222,0.9179088,0.9972372,1.0721804,1.1646304,1.2275476,1.307908,1.4138124,1.5258088,1.6574196,1.7978524,1.9721024,2.1106084,2.2852704,2.4182312,2.5486268,2.5685952,2.5506704,2.5384416,2.4600708,2.364488,2.302158,2.2256112,2.0739192,1.9256624,1.7567416,1.5708936,1.3722952,1.1470008,0.9359304,0.743794,0.5688564,0.4335052,0.340854,0.2699184,0.1862388,0.1263352
2.11461461461461E-6,0.494004,0.6503996,0.8150896,0.8503384,0.8826044,0.9263848,1.0066248,1.0832368,1.176138,1.240916,1.322424,1.4293864,1.5423572,1.6745424,1.8156412,1.9902512,2.1297468,2.3049828,2.4396336,2.5699828,2.5913944,2.5747228,2.5620404,2.4828044,2.3870872,2.3227708,2.2440968,2.0914188,1.9417896,1.7713044,1.5841568,1.3837692,1.1566328,0.9439236,0.7500496,0.5735764,0.4371032,0.343574,0.271962,0.187648,0.1272444
2.12312312312312E-6,0.5000032,0.657582,0.823542,0.8590636,0.8909996,0.9348688,1.0160024,1.0942672,1.1876124,1.254256,1.3369132,1.4449376,1.558886,1.6916444,1.833404,2.0083636,2.1488444,2.3246424,2.4609792,2.5912764,2.61414,2.5987308,2.5855968,2.5055028,2.4096544,2.3433468,2.2625384,2.1088804,1.9578816,1.7858376,1.597396,1.3952212,1.1662484,0.9519036,0.7562952,0.5782888,0.440696,0.3462892,0.2740016,0.189054,0.1281512
2.13163163163163E-6,0.506002,0.6647752,0.8320152,0.8678032,0.8994072,0.9433604,1.0253696,1.1052708,1.1990536,1.2675672,1.3513748,1.4604648,1.575394,1.7087252,1.85114,2.0264388,2.1679,2.344248,2.4822656,2.6125052,2.6368288,2.6226912,2.6091084,2.5281636,2.4321872,2.3638844,2.280934,2.1263008,1.9739352,1.8003384,1.6106088,1.4066496,1.1758464,0.9598704,0.76253,0.5829932,0.4442832,0.3489996,0.2760368,0.1904572,0.1290556
2.14014014014014E-6,0.5119984,0.6719772,0.8405072,0.876556,0.9078264,0.9518596,1.034726,1.116246,1.2104596,1.2808468,1.3658048,1.4759632,1.5918768,1.72578,1.8688452,2.0444736,2.1869108,2.3637968,2.5034896,2.6336656,2.659456,2.6465988,2.63257,2.550782,2.4546812,2.3843808,2.299282,2.1436788,1.9899496,1.8148056,1.6237936,1.4180528,1.1854252,0.9678224,0.7687528,0.5876884,0.4478636,0.3517044,0.2780672,0.1918576,0.129958
2.14864864864865E-6,0.5179916,0.6791868,0.8490168,0.8853208,0.9162568,0.9603656,1.0440708,1.127192,1.2218296,1.2940924,1.3802012,1.491432,1.6083332,1.742808,1.8865184,2.0624668,2.2058748,2.3832872,2.5246492,2.6547572,2.6820216,2.6704528,2.6559804,2.5733568,2.477134,2.4048328,2.3175796,2.1610124,2.0059228,1.829238,1.63695,1.4294308,1.1949848,0.9757596,0.774964,0.5923744,0.4514368,0.3544032,0.280092,0.193254,0.1308576
2.15715715715716E-6,0.5239804,0.6864032,0.8575432,0.8940964,0.9246968,0.9688768,1.0534024,1.1381064,1.2331608,1.3073016,1.394562,1.5068676,1.6247596,1.759806,1.9041568,2.0804156,2.22479,2.4027172,2.5457424,2.6757776,2.7045228,2.69425,2.6793364,2.5958848,2.4995424,2.425238,2.3358248,2.1782992,2.021852,1.8436328,1.6500748,1.4407804,1.2045232,0.9836808,0.7811632,0.5970516,0.455004,0.3570968,0.2821124,0.1946472,0.1317548
2.16566566566567E-6,0.5299644,0.693626,0.866086,0.9028824,0.9331464,0.9773936,1.0627208,1.1489884,1.2444528,1.3204728,1.4088844,1.5222676,1.6411536,1.7767716,1.9217584,2.0983184,2.2436544,2.4220852,2.5667668,2.696724,2.726956,2.7179864,2.7026348,2.6183628,2.5219036,2.4455944,2.354016,2.1955372,2.037736,1.8579888,1.6631668,1.4521004,1.2140384,0.991584,0.7873476,0.6017176,0.4585632,0.359784,0.2841272,0.1960372,0.1326496
2.17417417417417E-6,0.535942,0.7008536,0.8746436,0.9116772,0.9416044,0.9859152,1.0720248,1.1598364,1.255704,1.3336032,1.4231656,1.5376296,1.6575124,1.7937016,1.9393204,2.1161728,2.2624656,2.4413892,2.5877204,2.7175952,2.7493196,2.7416592,2.7258724,2.6407876,2.5442136,2.4658988,2.3721512,2.2127244,2.0535732,1.8723048,1.6762248,1.4633896,1.22353,0.9994684,0.7935176,0.6063724,0.462114,0.3624644,0.286136,0.1974228,0.1335412
2.18268268268268E-6,0.541912,0.7080848,0.8832144,0.9204796,0.95007,0.99444,1.0813128,1.1706488,1.2669124,1.3466908,1.437404,1.5529516,1.673834,1.8105948,1.9568408,2.1339768,2.2812212,2.4606268,2.6086,2.7383888,2.7716112,2.765266,2.7490468,2.6631576,2.5664708,2.4861492,2.3902284,2.2298592,2.0693616,1.8865792,1.6892476,1.4746476,1.232998,1.0073344,0.7996728,0.611016,0.4656568,0.365138,0.2881388,0.1988044,0.13443
2.19119119119119E-6,0.547874,0.7153192,0.8917984,0.9292892,0.958542,1.0029676,1.0905844,1.181424,1.2780764,1.3597336,1.4515972,1.5682304,1.6901156,1.8274484,1.9743176,2.1517288,2.29992,2.4797968,2.6294048,2.7591032,2.793828,2.7888032,2.7721544,2.6854684,2.5886708,2.5063424,2.4082452,2.2469388,2.0850988,1.9008096,1.7022324,1.4858716,1.2424396,1.0151796,0.8058116,0.6156476,0.4691912,0.3678048,0.290136,0.2001824,0.135316
2.1996996996997E-6,0.5538264,0.7225552,0.9003936,0.9381036,0.9670196,1.0114976,1.0998388,1.1921612,1.2891956,1.37273,1.4657424,1.583464,1.7063548,1.84426,1.9917484,2.1694272,2.3185596,2.4988972,2.6501316,2.779736,2.8159672,2.812268,2.7951924,2.7077176,2.6108104,2.5264756,2.4261988,2.2639612,2.1007836,1.9149952,1.7151788,1.4970616,1.2518544,1.0230032,0.8119336,0.6202664,0.472716,0.370464,0.2921268,0.201556,0.1361988
2.20820820820821E-6,0.5597688,0.729792,0.9089992,0.946922,0.9755016,1.0200288,1.1090752,1.2028592,1.3002684,1.385678,1.479838,1.5986504,1.7225496,1.861028,2.0091316,2.18707,2.3371384,2.5179264,2.6707788,2.800286,2.8380276,2.835658,2.8181584,2.7299032,2.6328876,2.5465472,2.4440884,2.2809248,2.1164136,1.9291336,1.7280848,1.508216,1.261242,1.0308052,0.8180388,0.624872,0.4762308,0.3731148,0.2941104,0.2029244,0.137078
2.21671671671672E-6,0.5656992,0.737028,0.9176136,0.9557432,0.9839876,1.0285608,1.1182928,1.2135164,1.3112932,1.3985752,1.4938816,1.613786,1.7386968,1.8777492,2.026464,2.2046544,2.355654,2.5368816,2.6913432,2.8207504,2.860006,2.85897,2.8410496,2.752022,2.6548992,2.5665536,2.4619104,2.2978268,2.1319868,1.9432228,1.7409484,1.5193336,1.2706008,1.0385844,0.824126,0.6294644,0.479736,0.375758,0.296088,0.2042892,0.1379548
2.22522522522523E-6,0.5716168,0.7442616,0.9262356,0.9645656,0.992476,1.0370928,1.1274916,1.224132,1.3222692,1.4114204,1.5078716,1.62887,1.7547952,1.8944228,2.0437452,2.2221804,2.3741056,2.5557632,2.7118248,2.8411288,2.8819008,2.8822016,2.8638628,2.7740712,2.676842,2.5864932,2.4796644,2.3146664,2.147502,1.957262,1.7537688,1.5304124,1.2799288,1.0463392,0.8301944,0.6340424,0.4832304,0.3783928,0.2980588,0.2056492,0.138828
2.23373373373373E-6,0.5775216,0.7514936,0.9348648,0.9733888,1.0009668,1.045624,1.1366692,1.234704,1.3331948,1.4242108,1.5218052,1.6438996,1.7708424,1.9110456,2.060972,2.2396448,2.3924904,2.5745676,2.7322196,2.8614176,2.9037088,2.9053496,2.8865956,2.7960484,2.6987136,2.6063632,2.4973472,2.3314408,2.1629572,1.9712496,1.7665448,1.5414524,1.2892268,1.05407,0.836244,0.638606,0.486714,0.3810188,0.3000224,0.2070044,0.139698
2.24224224224224E-6,0.5834124,0.758722,0.9435,0.9822116,1.0094588,1.054154,1.1458264,1.2452324,1.3440696,1.4369452,1.5356804,1.658872,1.7868348,1.9276152,2.0781424,2.2570464,2.4108072,2.5932944,2.7525272,2.8816164,2.9254288,2.9284116,2.9092456,2.8179508,2.7205112,2.6261616,2.514958,2.348148,2.17835,1.9851832,1.7792732,1.5524504,1.298492,1.0617744,0.8422724,0.6431536,0.4901856,0.3836352,0.301978,0.2083544,0.1405644
2.25075075075075E-6,0.5892872,0.7659452,0.9521392,0.991032,1.0179508,1.0626812,1.1549608,1.2557144,1.3548908,1.4496208,1.5494948,1.6737852,1.8027708,1.9441296,2.095254,2.2743828,2.4290528,2.6119408,2.772744,2.9017224,2.9470576,2.9513848,2.9318092,2.8397756,2.7422316,2.6458856,2.5324944,2.3647872,2.19368,1.9990624,1.791954,1.5634068,1.307724,1.0694524,0.8482808,0.6476868,0.4936468,0.3862436,0.3039272,0.2097,0.1414276
2.25925925925926E-6,0.595146,0.7731628,0.9607816,0.9998492,1.0264412,1.0712048,1.164072,1.2661496,1.365658,1.4622372,1.5632476,1.6886384,1.8186492,1.960588,2.1123064,2.2916536,2.4472272,2.6305072,2.7928704,2.9217352,2.9685944,2.9742672,2.9542848,2.8615208,2.7638728,2.665534,2.5499556,2.3813564,2.2089452,2.0128856,1.804586,1.57432,1.3169224,1.0771036,0.8542684,0.652204,0.497096,0.3888424,0.3058684,0.21104,0.1422868
2.26776776776777E-6,0.600988,0.7803744,0.9694268,1.0086624,1.0349304,1.0797248,1.1731592,1.2765368,1.37637,1.4747912,1.5769352,1.7034272,1.834466,1.976986,2.1292956,2.3088556,2.4653276,2.6489896,2.8129024,2.941652,2.990036,2.9970556,2.97667,2.8831836,2.7854312,2.6851032,2.567338,2.3978524,2.2241432,2.0266504,1.8171664,1.5851884,1.3260856,1.0847264,0.860234,0.6567044,0.5005328,0.3914316,0.3078016,0.2123748,0.1431428
2.27627627627628E-6,0.6068116,0.7875776,0.9780724,1.0174696,1.043416,1.08824,1.1822224,1.2868752,1.3870256,1.487282,1.590556,1.71815,1.8502192,1.9933228,2.1462208,2.325988,2.4833528,2.6673888,2.8328396,2.961472,3.0113812,3.0197476,2.9989612,2.9047612,2.8069044,2.7045916,2.5846412,2.4142748,2.2392732,2.040356,1.8296948,1.5960112,1.3352128,1.0923196,0.8661764,0.6611872,0.5039564,0.39401,0.3097264,0.213704,0.1439948
2.28478478478478E-6,0.612616,0.794772,0.9867176,1.02627,1.0518976,1.0967492,1.1912592,1.2971624,1.3976228,1.4997072,1.6041088,1.7328064,1.8659088,2.0095972,2.1630804,2.3430488,2.5013004,2.6857016,2.8526792,2.9811932,3.0326276,3.0423404,3.021156,2.9262516,2.82829,2.7239964,2.6018632,2.430622,2.2543336,2.0540012,1.8421708,1.6067876,1.3443032,1.0998832,0.872096,0.6656528,0.5073672,0.3965784,0.3116436,0.215028,0.1448432
2.29329329329329E-6,0.6184004,0.8019564,0.9953612,1.0350624,1.0603748,1.1052524,1.2002704,1.3073992,1.4081628,1.5120664,1.617592,1.7473932,1.8815308,2.025806,2.179872,2.3600368,2.5191704,2.703928,2.8724204,3.0008144,3.0537732,3.0648316,3.0432528,2.9476524,2.8495852,2.743316,2.619002,2.4468912,2.269322,2.0675844,1.854592,1.617516,1.353356,1.1074168,0.877992,0.6701004,0.5107644,0.399136,0.313552,0.216346,0.1456876
2.3018018018018E-6,0.624164,0.80913,1.0040024,1.043846,1.0688468,1.1137488,1.2092552,1.317584,1.4186432,1.5243568,1.6310028,1.761908,1.8970832,2.0419472,2.1965936,2.37695,2.5369596,2.7220652,2.8920608,3.020334,3.074816,3.0872188,3.0652488,2.9689608,2.8707868,2.7625476,2.6360556,2.4630808,2.2842368,2.0811032,1.8669556,1.628194,1.362368,1.1149172,0.8838624,0.6745288,0.5141476,0.4016832,0.315452,0.2176584,0.1465284
2.31031031031031E-6,0.6299064,0.816292,1.0126396,1.0526188,1.0773108,1.1222364,1.2182116,1.3277152,1.4290632,1.536578,1.64434,1.77635,1.9125652,2.05802,2.2132444,2.393788,2.5546676,2.7401136,2.9116,3.0397508,3.0957548,3.1095004,3.0871416,2.9901748,2.8918932,2.7816892,2.6530224,2.4791892,2.2990768,2.0945576,1.8792628,1.6388228,1.3713416,1.1223864,0.8897084,0.6789392,0.5175172,0.4042192,0.3173432,0.2189648,0.1473648
2.31881881881882E-6,0.635626,0.8234408,1.0212716,1.0613796,1.0857672,1.1307148,1.2271392,1.337792,1.4394216,1.5487276,1.657602,1.7907168,1.9279736,2.0740212,2.2298212,2.410548,2.572292,2.7580704,2.9310356,3.0590636,3.1165872,3.1316732,3.1089288,3.0112916,2.9129008,2.8007384,2.6699008,2.4952144,2.3138396,2.1079448,1.89151,1.6493988,1.3802732,1.129822,0.8955284,0.68333,0.520872,0.406744,0.3192256,0.2202652,0.1481972
2.32732732732733E-6,0.6413224,0.830576,1.0298976,1.070128,1.0942148,1.1391836,1.2360376,1.3478136,1.4497172,1.5608036,1.6707864,1.8050056,1.9433064,2.0899492,2.2463232,2.4272292,2.589832,2.7759348,2.950366,3.0782704,3.1373116,3.153736,3.1306092,3.03231,2.9338088,2.8196944,2.6866892,2.5111552,2.3285248,2.1212644,1.9036972,1.6599232,1.3891636,1.1372244,0.9013228,0.6877016,0.5242128,0.4092584,0.3210996,0.22156,0.149026
2.33583583583584E-6,0.6469948,0.8376964,1.0385164,1.0788624,1.102652,1.1476416,1.244906,1.3577784,1.4599488,1.5728048,1.6838916,1.8192152,1.9585624,2.1058032,2.2627496,2.4438304,2.6072856,2.7937056,2.9695896,3.0973696,3.157926,3.1756856,3.1521792,3.0532268,2.954614,2.8385544,2.7033864,2.52701,2.3431308,2.1345144,1.9158224,1.6703932,1.3980108,1.1445908,0.9070892,0.692052,0.5275376,0.41176,0.322964,0.2228484,0.1498504
2.34434434434434E-6,0.6526424,0.8448008,1.0471264,1.0875812,1.1110784,1.156088,1.2537432,1.3676856,1.4701156,1.5847296,1.6969156,1.8333436,1.9737396,2.1215808,2.2790972,2.4603496,2.6246516,2.8113812,2.9887044,3.1163596,3.1784284,3.1975196,3.1736364,3.07404,2.975314,2.8573164,2.7199908,2.5427776,2.357656,2.1476944,1.9278856,1.6808092,1.4068152,1.1519228,0.9128288,0.696382,0.5308468,0.4142492,0.3248188,0.2241304,0.1506704
2.35285285285285E-6,0.6582632,0.8518872,1.0557256,1.0962832,1.1194928,1.164522,1.2625492,1.3775348,1.4802168,1.5965764,1.7098576,1.8473888,1.9888352,2.1372796,2.2953644,2.4767844,2.6419276,2.82896,3.0077088,3.1352396,3.1988176,3.219236,3.1949788,3.0947472,2.9959064,2.8759788,2.7365012,2.5584572,2.3721,2.1608032,1.9398844,1.6911692,1.4155744,1.159218,0.91854,0.7006908,0.5341404,0.4167268,0.3266644,0.225406,0.1514864
2.36136136136136E-6,0.663858,0.8589564,1.0643144,1.104968,1.1278944,1.1729428,1.2713228,1.3873248,1.4902516,1.6083444,1.7227156,1.8613496,2.0038484,2.1528984,2.31155,2.4931348,2.6591128,2.8464412,3.026602,3.1540084,3.219092,3.2408336,3.2162052,3.1153472,3.0163892,2.8945392,2.7529152,2.574046,2.3864604,2.1738396,1.9518188,1.7014732,1.4242888,1.1664768,0.9242228,0.7049784,0.537418,0.419192,0.3285,0.2266748,0.1522976
2.36986986986987E-6,0.6694252,0.866006,1.0728904,1.1136332,1.136282,1.1813496,1.2800636,1.3970548,1.5002196,1.6200324,1.7354884,1.8752244,2.0187772,2.1684356,2.3276524,2.5093988,2.676206,2.863824,3.0453828,3.1726652,3.23925,3.2623096,3.2373128,3.1358368,3.0367592,2.9129956,2.769232,2.5895428,2.4007356,2.1868012,1.9636864,1.7117188,1.4329568,1.1736976,0.929876,0.7092432,0.540678,0.4216432,0.3303252,0.2279368,0.1531044
2.37837837837838E-6,0.6749644,0.873036,1.0814528,1.1222784,1.1446544,1.1897416,1.2887708,1.4067248,1.51012,1.6316396,1.7481748,1.8890116,2.03362,2.1838892,2.3436696,2.5255756,2.6932064,2.8811072,3.0640504,3.1912092,3.2592904,3.2836624,3.2583004,3.1562148,3.0570152,2.9313464,2.7854496,2.604946,2.4149244,2.1996872,1.9754864,1.721906,1.441578,1.1808808,0.9355004,0.7134864,0.543922,0.4240824,0.3321404,0.229192,0.1539068
2.38688688688689E-6,0.6804744,0.8800448,1.09,1.130902,1.1530108,1.1981176,1.2974436,1.4163336,1.519952,1.6431644,1.7607736,1.9027096,2.0483752,2.199258,2.3596008,2.5416636,2.710112,2.8982892,3.0826024,3.209638,3.2792108,3.3048896,3.2791648,3.176478,3.077154,2.9495892,2.8015664,2.620254,2.429026,2.2124972,1.987218,1.7320336,1.450152,1.1880252,0.9410948,0.7177072,0.5471492,0.4265084,0.3339456,0.2304404,0.1547048
2.3953953953954E-6,0.6859556,0.8870328,1.0985324,1.139504,1.1613508,1.2064776,1.3060812,1.42588,1.5297144,1.6546052,1.7732824,1.9163172,2.0630412,2.2145404,2.3754444,2.557662,2.7269216,2.9153692,3.101038,3.2279508,3.29901,3.3259892,3.2999048,3.1966256,3.0971744,2.9677228,2.8175816,2.6354656,2.443038,2.2252288,1.9988792,1.7421,1.4586764,1.1951292,0.9466576,0.7219044,0.5503584,0.4289204,0.33574,0.2316816,0.1554976
2.4039039039039E-6,0.6914056,0.8939968,1.1070468,1.148082,1.1696724,1.21482,1.3146832,1.4353632,1.539406,1.6659604,1.7857,1.9298316,2.077616,2.2297352,2.3911992,2.5735692,2.7436344,2.932346,3.1193556,3.2461468,3.3186872,3.3469604,3.3205192,3.216656,3.1170752,2.985746,2.833494,2.6505796,2.45696,2.2378808,2.0104692,1.7521048,1.4671516,1.2021928,0.9521896,0.726078,0.55355,0.4313192,0.3375248,0.2329164,0.1562868
2.41241241241241E-6,0.6968248,0.9009376,1.1155432,1.1566352,1.1779748,1.223144,1.3232484,1.4447824,1.5490264,1.6772296,1.7980252,1.9432524,2.0920984,2.2448404,2.4068632,2.5893844,2.7602488,2.9492188,3.1375544,3.2642244,3.33824,3.3677996,3.3410044,3.2365664,3.1368532,3.0036564,2.849302,2.6655948,2.4707908,2.2504536,2.0219872,1.7620472,1.4755768,1.2092156,0.9576896,0.730228,0.556724,0.4337044,0.3392984,0.2341436,0.1570708
2.42092092092092E-6,0.702212,0.9078532,1.1240196,1.165162,1.1862572,1.231448,1.3317756,1.454136,1.558574,1.68841,1.8102564,1.9565772,2.1064864,2.2598544,2.4224352,2.6051056,2.7767632,2.965986,3.1556324,3.2821824,3.3576672,3.388506,3.3613592,3.2563548,3.156506,3.0214516,2.8650036,2.6805088,2.4845284,2.2629448,2.033432,1.771926,1.4839512,1.2161964,0.9631568,0.7343532,0.5598792,0.4360752,0.3410616,0.235364,0.1578504
2.42942942942943E-6,0.7075672,0.9147436,1.132476,1.173662,1.194518,1.2397324,1.3402652,1.4634244,1.5680492,1.699502,1.822392,1.9698048,2.120778,2.2747756,2.437914,2.6207324,2.7931772,2.982648,3.17359,3.3000212,3.3769688,3.4090788,3.3815832,3.2760208,3.1760332,3.0391316,2.8805988,2.6953216,2.4981724,2.2753536,2.0448024,1.7817404,1.4922732,1.2231344,0.9685912,0.738454,0.563016,0.4384324,0.342814,0.2365768,0.1586248
2.43793793793794E-6,0.7128888,0.9216072,1.14091,1.1821332,1.2027568,1.2479956,1.348716,1.4726468,1.5774512,1.710504,1.8344316,1.9829336,2.134972,2.2896024,2.4532976,2.6362632,2.8094892,2.9992028,3.1914252,3.3177392,3.396142,3.4295152,3.4016732,3.2955608,3.1954312,3.0566932,2.8960852,2.7100308,2.5117212,2.2876788,2.056098,1.7914896,1.5005436,1.23003,0.9739928,0.7425296,0.566134,0.4407748,0.3445556,0.2377824,0.1593948
2.44644644644645E-6,0.7181768,0.9284436,1.1493212,1.1905752,1.2109728,1.2562372,1.3571276,1.4818024,1.5867796,1.7214156,1.8463744,1.9959636,2.149068,2.304334,2.4685852,2.6516968,2.825698,3.01565,3.2091368,3.3353348,3.4151856,3.4498128,3.4216268,3.3149732,3.2146984,3.0741356,2.9114624,2.7246364,2.5251744,2.29992,2.0673172,1.8011728,1.5087604,1.236882,0.9793604,0.7465796,0.5692324,0.443102,0.3462848,0.2389796,0.1601592
2.45495495495495E-6,0.7234308,0.935252,1.1577084,1.1989872,1.2191648,1.264456,1.3654992,1.4908912,1.5960336,1.7322356,1.8582188,2.0088924,2.1630636,2.3189688,2.483776,2.6670328,2.8418032,3.0319884,3.226724,3.3528076,3.4340992,3.4699716,3.4414444,3.3342576,3.2338336,3.0914568,2.9267284,2.739136,2.53853,2.3120752,2.0784588,1.8107888,1.5169228,1.2436892,0.984694,0.7506044,0.572312,0.4454148,0.3480036,0.2401696,0.1609188
2.46346346346346E-6,0.7286496,0.9420308,1.1660704,1.2073672,1.2273316,1.2726516,1.3738308,1.499912,1.6052128,1.7429628,1.8699632,2.0217188,2.1769576,2.3335052,2.498868,2.6822696,2.8578032,3.0482172,3.244186,3.3701572,3.4528816,3.4899892,3.4611232,3.3534116,3.2528348,3.108656,2.9418832,2.7535296,2.5517876,2.3241444,2.0895224,1.8203372,1.5250304,1.2504516,0.9899928,0.7546028,0.5753716,0.4477128,0.3497112,0.241352,0.1616736
2.47197197197197E-6,0.7338328,0.9487796,1.1744056,1.2157144,1.2354724,1.2808224,1.3821204,1.5088636,1.6143156,1.7535956,1.8816068,2.034442,2.1907492,2.3479424,2.5138604,2.6974064,2.8736968,3.0643352,3.2615208,3.3873812,3.47153,3.5098632,3.4806608,3.3724332,3.2717,3.1257308,2.9569244,2.7678152,2.5649456,2.336126,2.1005068,1.8298172,1.5330832,1.2571688,0.9952564,0.7585744,0.5784108,0.4499948,0.3514068,0.2425264,0.1624236
2.48048048048048E-6,0.7389804,0.955498,1.182714,1.2240284,1.2435864,1.2889684,1.3903688,1.5177464,1.6233424,1.7641348,1.8931492,2.0470608,2.2044372,2.3622792,2.5287516,2.7124416,2.8894828,3.0803412,3.2787276,3.4044792,3.4900448,3.5295936,3.5000576,3.3913224,3.2904288,3.1426812,2.971852,2.781992,2.5780032,2.3480192,2.1114108,1.8392284,1.54108,1.26384,1.0004844,0.7625192,0.5814292,0.4522612,0.35309,0.2436924,0.163168
2.48898898898899E-6,0.7440916,0.9621848,1.190994,1.2323072,1.2516724,1.2970884,1.3985748,1.5265596,1.6322928,1.7745784,1.9045884,2.0595736,2.2180196,2.376514,2.5435412,2.7273752,2.9051612,3.0962352,3.2958064,3.4214512,3.5084248,3.549178,3.5193112,3.410076,3.309018,3.1595044,2.9866644,2.7960584,2.5909592,2.3598228,2.1222336,1.8485692,1.5490204,1.2704648,1.0056768,0.7664376,0.584428,0.4545128,0.3547624,0.2448512,0.1639076
2.4974974974975E-6,0.7491648,0.9688384,1.1992436,1.2405492,1.2597288,1.3051812,1.4067372,1.5353016,1.6411652,1.7849252,1.9159236,2.0719792,2.2314956,2.390646,2.5582276,2.7422056,2.9207304,3.1120168,3.3127564,3.4382964,3.5266688,3.568616,3.53842,3.4286928,3.3274668,3.1762004,3.0013612,2.8100144,2.6038132,2.3715364,2.1329744,1.8578388,1.5569032,1.2770424,1.0108324,0.770328,0.5874056,0.4567484,0.3564224,0.2460016,0.164642
2.50600600600601E-6,0.7542008,0.9754596,1.2074632,1.2487552,1.2677556,1.3132464,1.4148556,1.5439728,1.6499596,1.7951752,1.9271544,2.0842772,2.244864,2.4046736,2.5728096,2.7569324,2.9361896,3.1276848,3.3295764,3.4550136,3.5447756,3.5879056,3.5573828,3.4471716,3.3457736,3.1927668,3.0159408,2.8238584,2.6165644,2.3831592,2.1436328,1.8670372,1.5647284,1.2835724,1.0159512,0.7741908,0.5903624,0.458968,0.3580704,0.247144,0.1653712
2.51451451451451E-6,0.7591984,0.9820464,1.2156508,1.2569232,1.275752,1.3212832,1.4229304,1.5525732,1.658676,1.8053276,1.93828,2.0964656,2.2581228,2.4185952,2.5872856,2.7715536,2.9515376,3.143238,3.3462656,3.4716024,3.5627444,3.6070456,3.5761988,3.4655112,3.3639368,3.2092024,3.030402,2.8375888,2.6292104,2.3946892,2.1542072,1.8761632,1.5724948,1.2900544,1.0210328,0.7780256,0.593298,0.4611716,0.3597064,0.2482784,0.1660952
2.52302302302302E-6,0.7641568,0.9885976,1.2238048,1.2650516,1.2837156,1.32929,1.4309596,1.5611012,1.6673132,1.8153812,1.9492988,2.1085444,2.271272,2.4324112,2.6016564,2.7860704,2.9667748,3.1586772,3.3628236,3.4880624,3.5805744,3.6260344,3.5948652,3.4837096,3.3819544,3.225506,3.0447444,2.851206,2.641752,2.4061268,2.1646972,1.885216,1.5802024,1.2964876,1.0260772,0.7818328,0.5962132,0.4633596,0.3613312,0.2494052,0.1668144
2.53153153153153E-6,0.769076,0.9951136,1.2319252,1.2731404,1.2916468,1.3372668,1.4389432,1.5695568,1.6758708,1.8253352,1.9602108,2.1205124,2.2843104,2.4461196,2.6159196,2.80048,2.9818984,3.174,3.3792488,3.504392,3.598264,3.6448712,3.6133816,3.501766,3.3998256,3.2416768,3.0589672,2.8647088,2.654188,2.4174716,2.1751024,1.8941956,1.58785,1.3028712,1.0310828,0.7856108,0.5991056,0.4655304,0.3629428,0.2505228,0.1675276
2.54004004004004E-6,0.7739556,1.0015932,1.2400108,1.2811888,1.2995452,1.3452132,1.446882,1.5779408,1.6843496,1.8351896,1.9710148,2.132368,2.297236,2.4597184,2.6300736,2.814782,2.9969088,3.1892064,3.3955408,3.5205912,3.6158128,3.6635536,3.631746,3.5196784,3.4175484,3.2577124,3.0730688,2.8780956,2.6665172,2.428722,2.1854224,1.903102,1.5954384,1.309206,1.0360508,0.7893604,0.6019764,0.4676848,0.3645424,0.2516324,0.1682356
2.54854854854855E-6,0.7787948,1.0080352,1.2480596,1.289194,1.3074076,1.3531268,1.4547732,1.5862508,1.6927476,1.8449432,1.98171,2.1441108,2.3100488,2.4732084,2.6441188,2.8289756,3.0118048,3.2042956,3.4116988,3.5366592,3.63322,3.682082,3.6499584,3.5374464,3.4351216,3.2736124,3.087048,2.8913652,2.678738,2.4398768,2.1956548,1.9119328,1.6029652,1.3154904,1.04098,0.7930812,0.6048256,0.4698228,0.3661292,0.2527332,0.168938
2.55705705705706E-6,0.7835936,1.01444,1.2560724,1.2971572,1.3152352,1.3610084,1.4626176,1.5944872,1.7010656,1.8545964,1.9922964,2.1557408,2.3227488,2.4865884,2.658054,2.8430608,3.0265856,3.2192668,3.4277216,3.5525948,3.6504844,3.7004544,3.6680168,3.5550684,3.4525448,3.2893764,3.1009056,2.904518,2.6908516,2.4509364,2.2058004,1.9206888,1.6104316,1.3217244,1.04587,0.796772,0.6076516,0.4719428,0.3677024,0.2538248,0.1696344
2.56556556556557E-6,0.7883508,1.0208056,1.2640468,1.305076,1.3230264,1.3688564,1.470414,1.6026488,1.709302,1.8641468,2.0027724,2.1672556,2.3353336,2.4998568,2.6718784,2.857036,3.0412512,3.23412,3.44361,3.5683984,3.667606,3.7186704,3.6859212,3.5725432,3.469816,3.3050024,3.1146392,2.9175516,2.7028552,2.4618988,2.2158572,1.9293684,1.6178356,1.3279076,1.0507208,0.8004336,0.6104556,0.4740464,0.3692632,0.254908,0.1703256
2.57407407407407E-6,0.7930668,1.027132,1.271982,1.3129496,1.33078,1.3766704,1.4781628,1.6107368,1.717458,1.8735956,2.0131376,2.1786552,2.3478028,2.5130132,2.6855912,2.8709016,3.0558008,3.2488548,3.4593628,3.5840692,3.6845836,3.7367288,3.70367,3.5898704,3.4869348,3.32049,3.1282488,2.930466,2.7147488,2.4727636,2.2258256,1.9379716,1.625178,1.3340396,1.055532,0.8040648,0.6132368,0.4761324,0.3708112,0.2559828,0.1710116
2.58258258258258E-6,0.7977408,1.0334184,1.2798772,1.3207776,1.3384952,1.3844492,1.485862,1.6187492,1.7255316,1.8829408,2.0233908,2.1899388,2.3601552,2.5260564,2.6991912,2.884656,3.0702328,3.26347,3.4749788,3.5996064,3.7014164,3.7546288,3.7212628,3.6070488,3.5038996,3.335838,3.1417332,2.9432592,2.7265308,2.4835296,2.2357032,1.9464968,1.6324572,1.3401196,1.0603032,0.807666,0.6159952,0.4782016,0.3723464,0.2570488,0.1716924
2.59109109109109E-6,0.8023724,1.0396644,1.287732,1.3285596,1.3461724,1.3921932,1.4935128,1.6266872,1.733524,1.8921832,2.0335324,2.2011056,2.37239,2.5389856,2.7126776,2.8982988,3.0845472,3.2779656,3.490458,3.6150096,3.7181036,3.7723688,3.7386972,3.624076,3.5207088,3.3510452,3.1550924,2.9559324,2.738202,2.4941968,2.2454908,1.9549444,1.6396732,1.3461472,1.065034,0.8112364,0.6187296,0.4802524,0.373868,0.2581056,0.1723672
2.5995995995996E-6,0.8069608,1.045868,1.295544,1.3362932,1.3538092,1.3999004,1.501114,1.63455,1.7414344,1.9013212,2.0435612,2.2121548,2.384506,2.5517996,2.72605,2.9118288,3.0987432,3.2923412,3.5058004,3.6302788,3.7346448,3.789948,3.7559724,3.6409512,3.5373612,3.3661112,3.1683256,2.9684844,2.7497612,2.5047648,2.2551872,1.9633132,1.6468248,1.352122,1.069724,0.8147768,0.6214416,0.4822868,0.3753776,0.2591544,0.1730368
2.60810810810811E-6,0.8115068,1.0520304,1.303314,1.3439792,1.3614056,1.4075708,1.5086652,1.6423372,1.7492624,1.9103552,2.0534768,2.223086,2.3965032,2.5644976,2.7393068,2.9252456,3.1128196,3.3065956,3.5210044,3.6454128,3.7510388,3.8073652,3.7730876,3.657674,3.5538564,3.3810348,3.1814324,2.9809144,2.7612084,2.5152332,2.2647928,1.9716036,1.6539124,1.3580432,1.0743724,0.8182852,0.6241292,0.4843028,0.3768736,0.260194,0.1737008
2.61661661661662E-6,0.8160088,1.0581496,1.31104,1.351616,1.3689608,1.4152028,1.5161652,1.6500476,1.7570072,1.919284,2.0632788,2.2338984,2.4083804,2.5770792,2.7524476,2.9385488,3.1267764,3.3207288,3.53607,3.6604116,3.7672856,3.82462,3.7900424,3.6742432,3.5701932,3.3958148,3.1944112,2.9932212,2.7725416,2.5256004,2.2743052,1.9798144,1.6609352,1.3639116,1.0789804,0.821764,0.6267944,0.486302,0.3783568,0.2612248,0.1743592
2.62512512512512E-6,0.8204672,1.0642256,1.3187216,1.3592024,1.3764732,1.422796,1.5236144,1.657682,1.7646696,1.9281084,2.0729676,2.2445916,2.4201376,2.589544,2.7654724,2.9517376,3.1406128,3.33474,3.5509968,3.6752748,3.7833844,3.841712,3.8068356,3.690658,3.5863708,3.4104512,3.2072624,3.005406,2.7837624,2.5358676,2.2837264,1.9879464,1.6678932,1.369726,1.083546,0.8252104,0.6294348,0.488282,0.3798256,0.262246,0.1750112
2.63363363363363E-6,0.8248816,1.0702576,1.3263576,1.3667384,1.3839432,1.4303504,1.5310124,1.6652404,1.7722492,1.9368272,2.082542,2.2551656,2.431774,2.6018912,2.7783804,2.9648116,3.1543284,3.3486292,3.565784,3.6900016,3.7993344,3.8586392,3.823466,3.7069176,3.602388,3.4249424,3.2199848,3.017466,2.794868,2.5460328,2.293054,1.995998,1.6747864,1.3754868,1.0880704,0.8286264,0.6320524,0.4902448,0.381282,0.2632588,0.175658
2.64214214214214E-6,0.8292516,1.0762456,1.3339472,1.374222,1.391368,1.437864,1.5383572,1.6727212,1.7797448,1.9454404,2.0920016,2.2656192,2.4432892,2.6141204,2.7911712,2.9777712,3.1679232,3.362396,3.580432,3.7045924,3.815136,3.8754028,3.8399344,3.7230216,3.618244,3.4392872,3.2325772,3.0294012,2.8058588,2.556096,2.3022884,2.0039696,1.681614,1.3811932,1.0925528,0.8320104,0.6346456,0.4921892,0.3827248,0.2642624,0.1762992
2.65065065065065E-6,0.8335768,1.0821884,1.3414896,1.3816532,1.3987488,1.4453368,1.5456496,1.6801252,1.7871572,1.9539472,2.1013456,2.2759516,2.4546812,2.62623,2.8038432,2.9906148,3.181396,3.37604,3.59494,3.7190464,3.830788,3.8920008,3.8562388,3.7389684,3.633938,3.4534856,3.2450396,3.0412112,2.816734,2.5660568,2.3114288,2.0118608,1.688376,1.3868456,1.0969932,0.8353632,0.6372144,0.4941148,0.3841532,0.265256,0.1769336
2.65915915915916E-6,0.8378572,1.0880856,1.348984,1.3890312,1.406084,1.4527684,1.5528896,1.6874524,1.794486,1.962348,2.1105744,2.2861628,2.4659508,2.6382204,2.8163968,3.0033424,3.1947472,3.3895616,3.6093084,3.7333644,3.8462908,3.9084336,3.8723788,3.7547576,3.6494692,3.4675372,3.257372,3.052896,2.827494,2.5759144,2.3204748,2.0196704,1.6950712,1.3924424,1.1013908,0.8386832,0.6397584,0.496022,0.385568,0.2662404,0.1775624
2.66766766766767E-6,0.842092,1.0939364,1.3564292,1.3963548,1.4133728,1.4601576,1.5600756,1.6947016,1.8017308,1.9706424,2.1196876,2.2962532,2.4770976,2.6500912,2.8288312,3.0159536,3.2079756,3.4029596,3.623536,3.7475444,3.8616424,3.9246984,3.8883528,3.7703872,3.664836,3.48144,3.2695732,3.064454,2.8381368,2.585668,2.3294252,2.027398,1.7016996,1.397984,1.1057456,0.8419716,0.6422784,0.4979112,0.38697,0.2672164,0.178186
2.67617617617618E-6,0.8462816,1.0997408,1.3638252,1.4036236,1.4206144,1.4675036,1.567208,1.7018732,1.808892,1.9788304,2.1286852,2.3062212,2.4881204,2.6618408,2.8411456,3.0284476,3.2210808,3.416234,3.6376232,3.7615872,3.8768436,3.9407972,3.904162,3.7858584,3.6800392,3.4951956,3.281644,3.0758864,2.848664,2.5953184,2.3382804,2.0350436,1.7082604,1.4034696,1.1100572,0.8452268,0.6447728,0.4997812,0.3883572,0.268182,0.1788032
2.68468468468468E-6,0.8504252,1.1054976,1.3711708,1.4108372,1.4278088,1.4748064,1.5742864,1.7089668,1.8159688,1.9869108,2.1375656,2.3160664,2.4990184,2.6734688,2.8533392,3.0408236,3.234062,3.429384,3.6515688,3.775492,3.8918936,3.9567276,3.9198044,3.8011696,3.6950776,3.508802,3.2935832,3.0871912,2.8590732,2.6048632,2.3470392,2.0426064,1.714754,1.4088996,1.114326,0.8484496,0.6472428,0.5016324,0.3897304,0.269138,0.1794144
2.69319319319319E-6,0.8545232,1.1112068,1.3784652,1.4179944,1.4349544,1.4820652,1.5813108,1.7159832,1.822962,1.9948848,2.1463304,2.3257896,2.5097924,2.684976,2.8654128,3.053082,3.2469196,3.44241,3.6653732,3.7892592,3.9067924,3.9724904,3.9352804,3.8163204,3.70995,3.5222588,3.3053904,3.0983688,2.8693652,2.6143036,2.355702,2.0500864,1.7211796,1.4142736,1.1185512,0.8516396,0.649688,0.5034656,0.3910904,0.2700856,0.1800204
2.7017017017017E-6,0.8585744,1.1168676,1.3857076,1.4250948,1.4420508,1.4892792,1.58828,1.7229216,1.8298716,2.0027524,2.1549792,2.3353904,2.5204416,2.6963608,2.8773648,3.0652216,3.2596524,3.4553104,3.6790352,3.8028872,3.9215388,3.9880836,3.9505888,3.83131,3.7246564,3.5355656,3.3170656,3.1094188,2.8795396,2.6236392,2.364268,2.0574832,1.7275368,1.4195904,1.122732,0.8547964,0.6521076,0.5052792,0.3924364,0.2710236,0.1806204
2.71021021021021E-6,0.8625796,1.1224796,1.3928972,1.4321376,1.4490976,1.496448,1.5951948,1.7297828,1.8366976,2.0105124,2.1635108,2.3448672,2.5309648,2.7076224,2.8891952,3.0772428,3.2722612,3.4680868,3.6925564,3.8163776,3.936134,4.0035088,3.96573,3.8461384,3.7391964,3.548722,3.328608,3.1203404,2.889596,2.6328692,2.3727372,2.0647968,1.733826,1.4248508,1.1268696,0.8579204,0.654502,0.5070736,0.3937676,0.2719512,0.1812136
2.71871871871872E-6,0.866538,1.1280424,1.4000332,1.439122,1.456094,1.5035708,1.6020536,1.7365652,1.843438,2.018164,2.171924,2.3542196,2.5413616,2.7187612,2.9009032,3.0891448,3.2847448,3.4807376,3.7059348,3.8297288,3.9505764,4.0187632,3.980702,3.8608036,3.7535684,3.5617264,3.3400164,3.1311324,2.8995328,2.6419928,2.3811088,2.0720272,1.7400472,1.4300552,1.1309632,0.8610116,0.6568716,0.5088496,0.3950856,0.2728704,0.1818016
2.72722722722723E-6,0.8704496,1.1335552,1.4071148,1.4460472,1.4630388,1.5106464,1.6088564,1.7432696,1.8500948,2.0257088,2.1802212,2.3634488,2.5516324,2.7297764,2.9124884,3.1009272,3.2971032,3.4932636,3.7191716,3.842942,3.9648664,4.0338484,3.9955056,3.8753064,3.7677724,3.5745796,3.3512916,3.1417956,2.9093512,2.6510108,2.3893828,2.0791736,1.7461996,1.435202,1.1350124,0.8640696,0.6592156,0.5106064,0.3963896,0.27378,0.1823836
2.73573573573574E-6,0.8743136,1.1390176,1.4141412,1.4529132,1.469932,1.5176748,1.6156024,1.7498948,1.8566664,2.0331452,2.1884004,2.3725536,2.5617768,2.7406676,2.9239508,3.1125904,3.3093364,3.5056644,3.7322664,3.8560164,3.9790036,4.0487632,4.01014,3.8896464,3.7818092,3.5872816,3.362434,3.1523304,2.9190508,2.6599216,2.3975584,2.0862356,1.7522828,1.4402912,1.1390176,0.867094,0.661534,0.5123436,0.3976792,0.2746796,0.1829596
2.74424424424424E-6,0.8781316,1.1444304,1.4211132,1.4597196,1.4767732,1.5246556,1.622292,1.7564416,1.8631532,2.0404736,2.196462,2.381534,2.571794,2.7514348,2.93529,3.1241332,3.3214432,3.5179392,3.7452184,3.8689516,3.9929876,4.0635072,4.0246048,3.9038224,3.7956764,3.5998304,3.373442,3.1627352,2.9286304,2.6687256,2.405636,2.0932132,1.7582968,1.4453236,1.1429788,0.8700856,0.663828,0.5140628,0.3989552,0.27557,0.1835296
2.75275275275275E-6,0.881902,1.1497924,1.4280292,1.4664656,1.4835612,1.5315876,1.628924,1.7629092,1.8695548,2.047694,2.204406,2.39039,2.5816844,2.7620784,2.9465064,3.1355564,3.3334244,3.5300884,3.7580272,3.8817472,4.006818,4.0780796,4.0388992,3.9178344,3.8093748,3.6122272,3.3843168,3.1730112,2.9380912,2.6774232,2.4136152,2.1001064,1.7642412,1.450298,1.1468948,0.8730428,0.6660956,0.5157624,0.4002172,0.2764512,0.1840944
2.76126126126126E-6,0.8856248,1.1551028,1.4348884,1.47315,1.4902952,1.5384708,1.6354988,1.7692984,1.8758732,2.0548076,2.2122336,2.3991228,2.5914484,2.7725972,2.9575992,3.1468596,3.3452796,3.542112,3.7706944,3.8944048,4.0204956,4.092482,4.0530248,3.9316828,3.822904,3.6244712,3.3950572,3.1831572,2.9474324,2.6860136,2.421496,2.1069152,1.7701164,1.4552148,1.1507668,0.8759668,0.6683376,0.517442,0.401464,0.2773216,0.184652
2.76976976976977E-6,0.8893004,1.160362,1.4416904,1.4797732,1.4969756,1.5453048,1.6420164,1.7756096,1.8821072,2.061814,2.219944,2.4077312,2.6010852,2.7829916,2.968568,3.158042,3.3570084,3.5540096,3.7832188,3.9069228,4.03402,4.1067124,4.0669792,3.9453656,3.8362632,3.6365612,3.4056628,3.1931732,2.9566532,2.694496,2.4292772,2.1136384,1.7759208,1.4600732,1.1545932,0.8788564,0.6705536,0.5191024,0.4026968,0.2781828,0.185204
2.77827827827828E-6,0.8929284,1.1655692,1.4484348,1.486334,1.5036012,1.5520888,1.6484764,1.7818424,1.8882572,2.0687132,2.2275376,2.4162156,2.6105948,2.7932616,2.9794132,3.1691036,3.36861,3.5657804,3.7955996,3.9193008,4.04739,4.1207708,4.0807628,3.9588828,3.8494516,3.6484972,3.4161332,3.203058,2.9657532,2.7028708,2.4369592,2.1202768,1.7816556,1.464874,1.1583748,0.8817124,0.6727436,0.5207436,0.4039156,0.2790344,0.18575
2.78678678678679E-6,0.896508,1.1707232,1.4551196,1.4928312,1.5101704,1.5588212,1.6548776,1.787996,1.8943224,2.0755048,2.2350136,2.4245752,2.6199768,2.803406,2.990134,3.1800448,3.3800856,3.577426,3.8078388,3.93154,4.0606068,4.134658,4.094376,3.9722352,3.8624704,3.66028,3.4264688,3.212812,2.9747328,2.7111376,2.4445416,2.12683,1.7873208,1.4696164,1.1621112,0.8845344,0.6749076,0.5223648,0.40512,0.2798764,0.18629
2.7952952952953E-6,0.90004,1.1758244,1.4617456,1.4992652,1.5166844,1.5655032,1.6612212,1.7940716,1.9003044,2.0821896,2.2423732,2.4328108,2.6292312,2.8134244,3.0007296,3.190864,3.3914336,3.5889452,3.8199356,3.9436408,4.0736704,4.148374,4.1078184,3.985422,3.8753184,3.6719088,3.4366696,3.222436,2.9835924,2.7192964,2.4520248,2.133298,1.7929156,1.4743004,1.1658028,0.8873224,0.6770456,0.5239664,0.40631,0.2807084,0.1868236
2.8038038038038E-6,0.9035244,1.1808728,1.468312,1.505636,1.523142,1.5721332,1.667506,1.8000688,1.9062016,2.0887668,2.2496156,2.4409216,2.6383576,2.8233172,3.0112004,3.2015612,3.402654,3.6003372,3.8318888,3.9556012,4.08658,4.1619172,4.1210892,3.9984428,3.887996,3.6833836,3.446736,3.2319296,2.9923316,2.7273472,2.459408,2.13968,1.7984396,1.4789256,1.1694484,0.890076,0.6791576,0.5255488,0.407486,0.2815312,0.1873516
2.81231231231231E-6,0.9069604,1.1858676,1.474818,1.511942,1.5295424,1.5787112,1.6737316,1.8059872,1.9120148,2.0952368,2.2567408,2.4489084,2.6473568,2.8330852,3.0215476,3.2121388,3.4137484,3.611604,3.8437004,3.9674232,4.0993356,4.1752884,4.1341892,4.0112976,3.9005028,3.6947048,3.4566684,3.2412932,3.0009512,2.7352904,2.466692,2.1459768,1.8038932,1.4834924,1.1730492,0.892796,0.6812436,0.5271116,0.4086476,0.282344,0.1878732
2.82082082082082E-6,0.9103488,1.1908088,1.4812632,1.5181832,1.5358852,1.585236,1.679898,1.8118272,1.917744,2.1015996,2.2637488,2.45677,2.6562272,2.8427264,3.0317688,3.222594,3.4247152,3.6227444,3.8553696,3.9791064,4.1119384,4.1884884,4.1471184,4.0239868,3.9128388,3.7058716,3.4664652,3.2505256,3.0094496,2.7431248,2.4738756,2.1521876,1.8092764,1.4880004,1.1766044,0.8954812,0.6833032,0.528654,0.409794,0.2831464,0.1883884
2.82932932932933E-6,0.9136892,1.1956964,1.4876476,1.5243596,1.5421704,1.5917084,1.6860052,1.8175892,1.92339,2.107856,2.2706408,2.464508,2.6649704,2.852242,3.0418652,3.2329276,3.4355544,3.633758,3.866896,3.9906504,4.1243872,4.201516,4.159876,4.0365092,3.9250032,3.7168836,3.4761272,3.2596276,3.017828,2.7508512,2.4809596,2.1583132,1.8145888,1.49245,1.1801144,0.898132,0.685336,0.5301768,0.4109256,0.2839388,0.1888976
2.83783783783784E-6,0.9169816,1.20053,1.4939704,1.5304704,1.5483968,1.5981264,1.692052,1.823272,1.9289512,2.1140052,2.277416,2.4721216,2.6735856,2.861632,3.0518368,3.24314,3.4462664,3.6446456,3.8782804,4.0020552,4.1366824,4.2143716,4.1724624,4.0488652,3.9369968,3.7277408,3.4856536,3.268598,3.0260848,2.7584684,2.4879428,2.1643524,1.8198304,1.4968408,1.1835788,0.9007492,0.6873436,0.5316808,0.412044,0.2847224,0.1894012
2.84634634634635E-6,0.9202256,1.2053088,1.5002308,1.5365152,1.5545644,1.6044904,1.6980392,1.8288768,1.9344292,2.1200488,2.2840756,2.4796116,2.6820736,2.8708968,3.0616836,3.2532312,3.4568516,3.6554076,3.8895228,4.0133212,4.148824,4.2270552,4.1848772,4.0610544,3.9488192,3.7384436,3.4950452,3.277438,3.0342216,2.7659776,2.4948264,2.1703064,1.8250012,1.5011724,1.1869972,0.9033312,0.6893236,0.533164,0.4131472,0.2854956,0.1898984
2.85485485485485E-6,0.923422,1.2100332,1.5064292,1.542494,1.5606732,1.6108004,1.7039668,1.8344036,1.939824,2.125986,2.2906192,2.486978,2.690434,2.8800352,3.0714048,3.2632,3.4673088,3.6660428,3.9006228,4.0244484,4.1608124,4.2395672,4.1971208,4.0730776,3.9604704,3.7489916,3.5043012,3.2861468,3.0422372,2.7733784,2.50161,2.1761748,1.8301016,1.5054456,1.19037,0.9058784,0.6912772,0.5346276,0.4142356,0.2862588,0.1903896
2.86336336336336E-6,0.92657,1.2147028,1.5125648,1.5484064,1.566722,1.617056,1.7098344,1.8398528,1.945136,2.1318184,2.2970476,2.4942212,2.6986672,2.889048,3.0810008,3.2730472,3.4776384,3.6765516,3.9115804,4.0354364,4.1726468,4.2519068,4.2091928,4.084934,3.9719508,3.7593852,3.5134228,3.2947252,3.0501328,2.7806704,2.5082932,2.1819568,1.8351304,1.5096592,1.1936972,0.908392,0.6932056,0.5360724,0.4153108,0.2870132,0.1908752
2.87187187187187E-6,0.9296696,1.2193168,1.5186364,1.5542512,1.5727104,1.623256,1.7156416,1.845224,1.9503652,2.1375448,2.3033604,2.5013408,2.7067728,2.8979348,3.090472,3.2827732,3.4878412,3.6869348,3.9223968,4.0462864,4.184328,4.2640744,4.2210936,4.0966236,3.9832596,3.769624,3.5224092,3.3031728,3.0579076,2.787854,2.5148764,2.1876532,1.8400884,1.513814,1.1969784,0.9108704,0.6951068,0.5374964,0.4163708,0.2877572,0.1913544
2.88038038038038E-6,0.9327212,1.2238756,1.5246444,1.5600292,1.5786384,1.6294004,1.721388,1.8505172,1.9555108,2.1431656,2.3095576,2.5083368,2.7147508,2.9066956,3.0998176,3.2923768,3.4979164,3.6971912,3.9330708,4.0569972,4.195856,4.27607,4.2328236,4.1081468,3.9943976,3.7797084,3.5312612,3.3114896,3.065562,2.7949292,2.5213592,2.1932636,1.8449756,1.51791,1.200214,0.9133144,0.6969812,0.5389,0.4174148,0.28849,0.1918264
2.88888888888889E-6,0.9357248,1.2283788,1.530588,1.5657388,1.5845052,1.6354888,1.727074,1.8557332,1.9605744,2.1486816,2.31564,2.51521,2.7226016,2.9153304,3.109038,3.3018592,3.5078644,3.7073224,3.9436044,4.0675708,4.2072312,4.2878948,4.2443828,4.119504,4.0053652,3.7896392,3.5399788,3.3196764,3.073096,2.8018956,2.5277416,2.198788,1.8497916,1.5219468,1.203404,0.915724,0.69883,0.5402848,0.4184456,0.289214,0.1922932
2.8973973973974E-6,0.9386804,1.2328268,1.5364676,1.5713812,1.5903108,1.6415208,1.7326988,1.8608712,1.9655552,2.1540928,2.321608,2.5219604,2.7303252,2.9238396,3.1181332,3.3112192,3.5176844,3.7173272,3.953996,4.0780056,4.2184536,4.299548,4.2557712,4.1306944,4.016162,3.7994156,3.548562,3.3277324,3.0805096,2.8087532,2.5340232,2.2042264,1.8545368,1.5259244,1.206548,0.9180992,0.700652,0.5416492,0.419462,0.2899284,0.192754
2.90590590590591E-6,0.941588,1.2372188,1.542282,1.5769552,1.5960548,1.6474956,1.7382624,1.865932,1.970454,2.1593996,2.3274624,2.5285888,2.7379224,2.9322232,3.127104,3.3204584,3.5273784,3.7272072,3.964248,4.0883036,4.229524,4.3110304,4.2669892,4.1417184,4.0267876,3.8090372,3.5570104,3.335658,3.0878032,2.8155028,2.5402052,2.2095792,1.8592108,1.5298428,1.2096464,0.9204396,0.7024472,0.5429936,0.4204632,0.290632,0.193208
2.91441441441441E-6,0.9444476,1.2415548,1.5480316,1.5824612,1.6017372,1.6534136,1.7437648,1.8709152,1.9752696,2.1646016,2.333202,2.5350944,2.7453924,2.9404812,3.1359492,3.3295756,3.5369452,3.7369616,3.9743592,4.0984636,4.2404424,4.322342,4.2780368,4.1525764,4.037244,3.8185056,3.5653256,3.3434544,3.0949776,2.8221444,2.5462872,2.2148464,1.863814,1.5337016,1.2126984,0.9227452,0.7042156,0.544318,0.42145,0.291326,0.193656
2.92292292292292E-6,0.9472596,1.2458348,1.5537156,1.5878984,1.6073572,1.6592744,1.7492068,1.8758228,1.9800052,2.1697016,2.3388296,2.5414796,2.7527372,2.9486144,3.14467,3.3385716,3.5463848,3.7465904,3.98433,4.1084868,4.2512092,4.333484,4.2889152,4.1632692,4.0475304,3.8278204,3.5735064,3.3511204,3.1020316,2.8286776,2.5522692,2.220028,1.8683464,1.537502,1.2157052,0.9250168,0.7059584,0.5456232,0.4224232,0.2920108,0.1940984
2.93143143143143E-6,0.9500236,1.2500584,1.559334,1.5932672,1.6129148,1.6650772,1.7545868,1.8806524,1.984658,2.1746972,2.3443436,2.5477432,2.759956,2.9566228,3.1532664,3.347446,3.5556972,3.7560936,3.9941604,4.1183724,4.2618244,4.3444556,4.2996236,4.1737956,4.0576464,3.8369808,3.5815532,3.3586564,3.108966,2.8351028,2.5581512,2.2251236,1.8728076,1.5412432,1.218666,0.9272536,0.7076744,0.5469084,0.4233816,0.2926856,0.1945348
2.93993993993994E-6,0.9527396,1.2542252,1.564886,1.5985664,1.6184092,1.670822,1.759906,1.885406,1.98923,2.1795904,2.3497448,2.5538852,2.7670484,2.9645056,3.161738,3.3561996,3.5648832,3.765472,4.0038512,4.1281212,4.2722876,4.3552572,4.3101624,4.1841568,4.0675932,3.8459884,3.5894664,3.3660632,3.1157812,2.84142,2.5639336,2.230134,1.8771976,1.5449248,1.2215808,0.9294556,0.709364,0.548174,0.4243256,0.2933504,0.1949648
2.94844844844845E-6,0.9554076,1.2583352,1.5703712,1.6037956,1.62384,1.6765084,1.7651632,1.8900828,1.9937204,2.1843804,2.3550332,2.5599064,2.7740152,2.972264,3.1700848,3.3648316,3.5739424,3.7747256,4.0134028,4.137734,4.2826004,4.3658892,4.320532,4.1943524,4.0773708,3.8548432,3.5972472,3.3733416,3.1224776,2.84763,2.5696164,2.2350592,1.8815172,1.548548,1.2244496,0.9316232,0.7110272,0.5494196,0.4252552,0.294006,0.1953892
2.95695695695696E-6,0.9580284,1.2623892,1.5757904,1.608956,1.629208,1.6821364,1.7703592,1.894684,1.9981312,2.1890696,2.3602112,2.5658084,2.7808576,2.9798984,3.178308,3.3733428,3.5828748,3.783854,4.0228144,4.1472096,4.2927616,4.376352,4.3307328,4.2043828,4.0869792,3.8635448,3.604894,3.3804896,3.1290536,2.8537312,2.5751988,2.2398984,1.8857656,1.5521124,1.2272732,0.9337564,0.712664,0.5506456,0.4261704,0.2946512,0.1958072
2.96546546546547E-6,0.9606016,1.2663864,1.5811428,1.6140464,1.634512,1.6877052,1.7754932,1.8992084,2.0024608,2.1936564,2.3652772,2.57159,2.7875752,2.9874084,3.1864072,3.381734,3.5916816,3.7928584,4.0320876,4.1565492,4.3027716,4.3866452,4.340764,4.2142476,4.0964184,3.8720936,3.612408,3.3875096,3.135512,2.8597256,2.580682,2.2446528,1.8899432,1.5556172,1.2300508,0.9358548,0.714274,0.5518512,0.4270708,0.2952864,0.1962192
2.97397397397397E-6,0.9631272,1.2703268,1.5864276,1.6190664,1.6397516,1.6932148,1.7805652,1.9036576,2.0067104,2.1981416,2.3702316,2.5772516,2.7941676,2.994794,3.1943824,3.3900048,3.6003628,3.8017388,4.0412224,4.1657536,4.312632,4.39677,4.3506272,4.223948,4.1056896,3.88049,3.6197896,3.3944008,3.1418516,2.8656124,2.586066,2.2493224,1.8940508,1.5590636,1.2327828,0.9379192,0.7158576,0.5530368,0.4279564,0.2959116,0.1966244
2.98248248248248E-6,0.9656056,1.2742104,1.5916452,1.6240168,1.6449272,1.6986648,1.7855752,1.9080312,2.01088,2.202526,2.3750764,2.5827948,2.8006364,3.002056,3.202234,3.3981544,3.6089176,3.8104944,4.0502188,4.1748224,4.3223428,4.4067272,4.3603232,4.2334844,4.1147928,3.8887344,3.6270392,3.401164,3.1480728,2.8713924,2.5913512,2.2539072,1.898088,1.562452,1.2354696,0.9399492,0.7174148,0.5542024,0.4288272,0.2965268,0.1970236
2.99099099099099E-6,0.9680368,1.2780372,1.5967956,1.6288976,1.6500388,1.7040556,1.790524,1.9123296,2.01497,2.2068104,2.3798112,2.5882196,2.806982,3.0091948,3.2099628,3.4061844,3.6173468,3.8191264,4.0590772,4.1837552,4.3319032,4.416516,4.3698508,4.2428564,4.1237284,3.8968268,3.634156,3.4077984,3.1541752,2.8770648,2.5965372,2.2584072,1.9020544,1.5657812,1.2381108,0.9419444,0.7189452,0.5553484,0.429684,0.297132,0.1974168
2.9994994994995E-6,0.9704212,1.2818072,1.601878,1.6337076,1.6550852,1.709386,1.7954104,1.9165532,2.0189804,2.2109944,2.384436,2.593526,2.813204,3.0162108,3.2175688,3.4140952,3.6256512,3.8276352,4.0677984,4.192554,4.3413148,4.426138,4.379212,4.2520656,4.1324972,3.9047684,3.641142,3.414306,3.1601608,2.8826312,2.6016252,2.2628232,1.9059512,1.569052,1.2407064,0.9439056,0.72045,0.5564748,0.4305264,0.297728,0.197804
3.00800800800801E-6,0.9727584,1.2855204,1.6068928,1.638448,1.6600676,1.7146572,1.8002352,1.9207024,2.022912,2.2150788,2.3889516,2.5987144,2.8193024,3.0231036,3.225052,3.4218856,3.6338304,3.8360208,4.0763828,4.2012184,4.3505784,4.4355932,4.3884068,4.2611116,4.1410996,3.9125592,3.6479972,3.4206864,3.1660288,2.8880912,2.6066148,2.2671552,1.909778,1.5722648,1.2432568,0.9458324,0.721928,0.5575816,0.4313544,0.298314,0.1981852
3.01651651651652E-6,0.9750492,1.2891768,1.61184,1.6431184,1.6649852,1.719868,1.8049984,1.9247772,2.0267656,2.2190652,2.39336,2.6037868,2.8252792,3.029874,3.2324128,3.4295564,3.6418844,3.8442832,4.0848304,4.2097484,4.3596932,4.444882,4.3974352,4.2699944,4.1495356,3.9201996,3.6547212,3.42694,3.17178,2.8934452,2.611506,2.2714028,1.9135344,1.5754188,1.2457616,0.9477244,0.7233796,0.5586684,0.432168,0.29889,0.1985604
3.02502502502502E-6,0.9772932,1.292776,1.6167188,1.6477176,1.6698368,1.7250176,1.8096992,1.9287772,2.0305404,2.2229528,2.39766,2.608742,2.831134,3.0365228,3.239652,3.4371092,3.6498148,3.8524236,4.0931424,4.2181448,4.36866,4.4540052,4.4062984,4.2787148,4.1578068,3.9276904,3.6613148,3.4330668,3.1774148,2.8986932,2.6162992,2.2755668,1.9172216,1.5785148,1.2482216,0.9495828,0.7248056,0.559736,0.4329676,0.2994564,0.1989296
3.03353353353353E-6,0.9794908,1.2963184,1.6215296,1.6522464,1.6746236,1.7301064,1.8143376,1.9327032,2.0342372,2.2267424,2.4018528,2.6135812,2.8368668,3.0430496,3.2467688,3.4445424,3.6576204,3.8604408,4.101318,4.226408,4.37748,4.462964,4.4149976,4.2872744,4.1659132,3.935032,3.6677792,3.4390684,3.1829336,2.903836,2.6209948,2.2796472,1.9208392,1.5815532,1.2506368,0.9514076,0.7262056,0.560784,0.4337528,0.3000132,0.1992928
3.04204204204204E-6,0.9816424,1.2998044,1.6262728,1.6567056,1.6793456,1.7351352,1.8189148,1.936556,2.0378568,2.2304348,2.4059392,2.6183048,2.8424784,3.0494544,3.253764,3.4518564,3.665302,3.868336,4.1093584,4.2345376,4.3861524,4.4717572,4.4235312,4.2956716,4.1738548,3.942224,3.6741132,3.4449436,3.188336,2.9088732,2.6255928,2.283644,1.9243872,1.5845336,1.2530068,0.953198,0.7275792,0.561812,0.4345236,0.30056,0.19965
3.05055055055055E-6,0.9837476,1.3032328,1.6309468,1.6610932,1.6840012,1.740102,1.8234296,1.9403352,2.0413988,2.2340304,2.4099196,2.622914,2.8479696,3.0557384,3.2606376,3.459052,3.6728596,3.8761092,4.117264,4.2425352,4.3946784,4.4803864,4.4319008,4.3039076,4.181632,3.9492672,3.6803176,3.4506932,3.1936224,2.9138048,2.6300932,2.2875572,1.9278656,1.587456,1.2553316,0.9549544,0.7289268,0.5628208,0.43528,0.3010972,0.2000008
3.05905905905906E-6,0.9858068,1.3066048,1.6355528,1.6654104,1.6885912,1.745008,1.8278824,1.9440412,2.0448636,2.2375296,2.413794,2.627408,2.8533404,3.061902,3.2673904,3.4661296,3.680294,3.8837604,4.1250344,4.2503996,4.4030576,4.4888516,4.4401072,4.3119836,4.1892464,3.9561624,3.6863936,3.456318,3.1987936,2.918632,2.6344972,2.291388,1.9312752,1.5903212,1.257612,0.9566772,0.7302484,0.56381,0.436022,0.3016244,0.2003456
3.06756756756757E-6,0.98782,1.30992,1.64009,1.6696572,1.693116,1.7498532,1.8322732,1.9476748,2.048252,2.2409328,2.4175632,2.6317884,2.8585916,3.0679452,3.2740228,3.4730896,3.6876056,3.8912908,4.1326708,4.2581328,4.4112916,4.4971536,4.44815,4.3198992,4.1966972,3.9629096,3.6923412,3.4618188,3.2038504,2.9233552,2.6388048,2.295136,1.9346156,1.5931288,1.2598476,0.958366,0.731544,0.56478,0.4367504,0.3021424,0.2006848
3.07607607607608E-6,0.989788,1.3131788,1.6445588,1.6738332,1.6975744,1.7546368,1.836602,1.951236,2.0515644,2.2442408,2.421228,2.6360556,2.8637236,3.0738684,3.2805352,3.4799324,3.6947948,3.8987008,4.1401744,4.2657348,4.4193804,4.5052932,4.4560308,4.3276556,4.2039864,3.96951,3.6981608,3.4671952,3.2087928,2.9279744,2.6430164,2.298802,1.9378876,1.5958788,1.262038,0.9600204,0.7328132,0.56573,0.437464,0.3026504,0.2010176
3.08458458458458E-6,0.99171,1.31638,1.648958,1.6779376,1.701966,1.7593576,1.840868,1.954724,2.0548,2.2474536,2.4247884,2.6402096,2.8687368,3.0796724,3.2869276,3.486658,3.7018616,3.9059904,4.1475452,4.2732064,4.4273252,4.5132716,4.46375,4.3352528,4.211114,3.975964,3.7038532,3.4724488,3.2136216,2.93249,2.6471316,2.3023856,1.9410908,1.598572,1.2641844,0.961642,0.7340572,0.5666612,0.438164,0.3031492,0.2013448
3.09309309309309E-6,0.9935872,1.3195252,1.6532892,1.681972,1.706292,1.7640172,1.8450724,1.9581404,2.0579608,2.2505728,2.4282464,2.6442524,2.8736332,3.0853588,3.293202,3.4932676,3.7088068,3.91316,4.1547828,4.2805468,4.4351256,4.5210888,4.4713084,4.3426924,4.2180812,3.982272,3.7094188,3.4775792,3.2183368,2.9369024,2.6511516,2.3058876,1.944226,1.601208,1.2662864,0.9632296,0.7352752,0.5675724,0.4388496,0.303638,0.201666
3.1016016016016E-6,0.9954192,1.3226136,1.6575516,1.685936,1.7105524,1.7686156,1.8492156,1.9614856,2.0610464,2.253598,2.4316012,2.6481832,2.8784112,3.0909256,3.2993564,3.49976,3.71563,3.92021,4.1618892,4.287758,4.4427828,4.5287452,4.4787056,4.3499732,4.2248876,3.9884344,3.714858,3.4825876,3.2229396,2.941212,2.6550764,2.3093084,1.9472932,1.6037872,1.2683444,0.9647844,0.736468,0.5684652,0.439522,0.304118,0.2019816
3.11011011011011E-6,0.9972068,1.325646,1.661746,1.6898304,1.7147472,1.7731524,1.8532972,1.9647596,2.0640572,2.2565304,2.4348544,2.6520036,2.8830728,3.0963752,3.3053928,3.5061364,3.722332,3.9271404,4.1688636,4.2948388,4.4502968,4.536242,4.4859436,4.3570976,4.2315352,3.9944524,3.7201716,3.487474,3.2274296,2.9454192,2.658906,2.3126476,1.950292,1.6063092,1.2703576,0.9663052,0.7376344,0.569338,0.4401796,0.3045876,0.2022908
3.11861861861862E-6,0.9989496,1.3286216,1.6658712,1.693654,1.7188756,1.7776268,1.8573172,1.9679628,2.0669936,2.25937,2.438006,2.6557132,2.8876176,3.1017072,3.3113112,3.5123972,3.7289132,3.9339516,4.1757064,4.3017904,4.457668,4.5435792,4.493022,4.3640644,4.2380228,4.0003252,3.7253588,3.492238,3.2318072,2.949524,2.6626412,2.3159064,1.953224,1.6087756,1.2723276,0.9677932,0.7387756,0.570192,0.4408236,0.305048,0.2025944
3.12712712712713E-6,1.000648,1.3315412,1.669928,1.6974072,1.722938,1.7820396,1.8612756,1.9710956,2.0698564,2.262118,2.4410568,2.6593136,2.8920468,3.106922,3.3171116,3.5185424,3.7353736,3.940644,4.1824188,4.3086136,4.4648976,4.550758,4.4999424,4.370876,4.2443528,4.0060552,3.730422,3.4968816,3.2360736,2.9535272,2.6662824,2.3190844,1.956088,1.6111852,1.2742536,0.9692476,0.7398912,0.5710268,0.4414536,0.3054988,0.202892
3.13563563563564E-6,1.0023024,1.3344052,1.6739168,1.7010908,1.7269348,1.7863908,1.8651724,1.974158,2.0726452,2.2647744,2.4440072,2.6628044,2.8963604,3.11202,3.3227944,3.5245724,3.741714,3.947218,4.1890012,4.3153084,4.4719856,4.5577788,4.5067044,4.3775316,4.2505252,4.011642,3.7353608,3.5014048,3.2402288,2.9574292,2.6698296,2.322182,1.9588852,1.6135392,1.2761364,0.9706696,0.740982,0.5718432,0.4420704,0.3059404,0.203184
3.14414414414414E-6,1.0039128,1.3372128,1.6778364,1.7047036,1.7308644,1.7906788,1.8690072,1.9771504,2.0753612,2.2673408,2.4468588,2.6661876,2.90056,3.1170028,3.3283616,3.5304888,3.7479356,3.9536748,4.1954544,4.3218756,4.4789332,4.5646428,4.5133104,4.3840336,4.2565412,4.0170868,3.740176,3.505808,3.2442732,2.9612304,2.6732836,2.3251996,1.9616152,1.6158372,1.2779752,0.972058,0.7420472,0.57264,0.4426728,0.3063724,0.20347
3.15265265265265E-6,1.0054796,1.3399648,1.6816876,1.7082464,1.734728,1.7949048,1.8727808,1.9800736,2.0780044,2.2698168,2.4496112,2.6694624,2.9046448,3.1218692,3.3338116,3.5362904,3.7540376,3.960014,4.2017792,4.328316,4.4857404,4.57135,4.5197592,4.3903804,4.2624008,4.0223892,3.7448672,3.5100912,3.2482072,2.9649304,2.676644,2.3281376,1.9642788,1.61808,1.2797712,0.9734144,0.7430876,0.5734184,0.4432616,0.3067952,0.2037504
3.16116116116116E-6,1.0070028,1.3426612,1.6854708,1.71172,1.738526,1.7990688,1.8764928,1.9829272,2.0805752,2.2722036,2.452266,2.6726312,2.9086172,3.1266212,3.339146,3.5419784,3.7600208,3.966236,4.2079756,4.3346296,4.492408,4.5779016,4.5260524,4.396574,4.2681056,4.0275508,3.749436,3.514256,3.2520316,2.96853,2.6799112,2.3309952,1.9668748,1.6202664,1.2815236,0.974738,0.7441032,0.574178,0.4438368,0.3072084,0.2040248
3.16966966966967E-6,1.0084824,1.3453016,1.6891852,1.715124,1.742258,1.8031708,1.880144,1.9857124,2.083074,2.2745016,2.4548236,2.6756936,2.9124768,3.1312592,3.3443656,3.5475532,3.7658856,3.9723412,4.2140436,4.3408164,4.4989364,4.584298,4.5321904,4.4026148,4.2736552,4.0325712,3.7538824,3.5183024,3.2557468,2.9720308,2.6830868,2.3337748,1.9694056,1.6223984,1.2832332,0.9760292,0.7450936,0.5749188,0.444398,0.307612,0.2042932
3.17817817817818E-6,1.0099188,1.3478864,1.6928312,1.718458,1.7459236,1.8072108,1.8837344,1.9884292,2.0855016,2.2767116,2.457284,2.6786504,2.9162244,3.1357836,3.3494708,3.553016,3.7716332,3.9783308,4.2199848,4.3468776,4.5053264,4.5905404,4.5381748,4.408504,4.279052,4.0374524,3.7582072,3.5222312,3.2593536,2.975432,2.6861708,2.336476,1.9718704,1.6244756,1.2849,0.977288,0.7460592,0.5756412,0.4449456,0.3080068,0.204556
3.18668668668669E-6,1.0113124,1.350416,1.6964092,1.7217228,1.749524,1.8111888,1.887264,1.991078,2.0878576,2.2788336,2.4596484,2.681502,2.9198604,3.1401948,3.3544612,3.558366,3.7772632,3.9842044,4.2257992,4.352814,4.5115788,4.5966296,4.5440056,4.4142416,4.2842956,4.042194,3.7624104,3.5260424,3.262852,2.978734,2.6891628,2.3390984,1.9742696,1.626498,1.2865248,0.9785148,0.7470004,0.5763452,0.44548,0.308392,0.2048132
3.19519519519519E-6,1.0126632,1.3528904,1.6999188,1.724918,1.753058,1.8151044,1.8907324,1.9936592,2.0901436,2.2808692,2.4619176,2.68425,2.923386,3.1444936,3.3593384,3.5636044,3.7827764,3.9899628,4.2314876,4.3586256,4.5176944,4.602566,4.549684,4.4198292,4.2893876,4.0467976,3.766494,3.5297376,3.2662428,2.981938,2.6920644,2.3416432,1.9766036,1.628466,1.2881068,0.9797092,0.7479168,0.5770304,0.4460008,0.308768,0.2050644
3.2037037037037E-6,1.0139712,1.3553092,1.7033596,1.7280436,1.756526,1.818958,1.8941404,1.9961732,2.0923588,2.282818,2.464092,2.686894,2.9268012,3.1486804,3.3641024,3.5687308,3.7881732,3.9956068,4.2370508,4.3643132,4.5236736,4.6083504,4.5552104,4.4252668,4.2943284,4.051264,3.7704584,3.5333172,3.2695272,2.9850448,2.694876,2.3441112,1.9788732,1.63038,1.2896464,0.9808712,0.748808,0.5776968,0.446508,0.3091348,0.20531
3.21221221221221E-6,1.015238,1.3576744,1.706734,1.7311008,1.7599288,1.82275,1.897488,1.99862,2.0945048,2.2846816,2.4661724,2.6894356,2.9301076,3.152756,3.368754,3.5737472,3.7934548,4.0011368,4.2424896,4.3698776,4.5295168,4.613984,4.5605864,4.4305556,4.2991196,4.055594,3.7743036,3.5367816,3.2727056,2.988054,2.6975972,2.346502,1.981078,1.63224,1.291144,0.982002,0.7496752,0.5783452,0.447002,0.3094928,0.20555
3.22072072072072E-6,1.0164628,1.3599848,1.7100404,1.7340896,1.7632664,1.82648,1.9007756,2.0010012,2.0965816,2.28646,2.4681596,2.6918748,2.9333044,3.15672,3.3732928,3.5786524,3.7986204,4.0065528,4.2478044,4.3753196,4.5352252,4.6194672,4.5658116,4.4356956,4.3037604,4.0597872,3.7780304,3.5401316,3.2757784,2.9909668,2.7002288,2.348816,1.983218,1.6340456,1.2925992,0.9831004,0.7505172,0.5789744,0.447482,0.3098408,0.205784
3.22922922922923E-6,1.017646,1.3622408,1.7132792,1.73701,1.7665384,1.830148,1.9040028,2.003316,2.0985896,2.288154,2.4700544,2.6942132,2.936394,3.1605744,3.3777208,3.5834476,3.8036708,4.0118548,4.2529948,4.380638,4.5407984,4.6248008,4.5708876,4.4406884,4.3082532,4.0638456,3.7816396,3.5433676,3.278746,2.9937836,2.7027716,2.351054,1.985294,1.635798,1.2940124,0.9841672,0.7513348,0.5795856,0.4479488,0.31018,0.2060124
3.23773773773774E-6,1.018788,1.3644424,1.7164504,1.7398616,1.7697448,1.833754,1.9071704,2.0055652,2.1005292,2.2897644,2.4718576,2.6964508,2.939376,3.1643192,3.3820376,3.5881332,3.8086072,4.0170448,4.2580624,4.3858348,4.546238,4.6299856,4.5758144,4.445534,4.3125976,4.0677688,3.7851312,3.5464904,3.2816096,2.9965048,2.705226,2.3532164,1.9873064,1.6374968,1.2953844,0.9852028,0.7521284,0.5801788,0.4484024,0.31051,0.2062348
3.24624624624625E-6,1.0198896,1.3665912,1.7195556,1.742646,1.7728864,1.8372984,1.910278,2.0077492,2.1024012,2.291292,2.4735692,2.6985884,2.9422512,3.1679548,3.386244,3.5927104,3.8134296,4.0221216,4.2630068,4.3909096,4.5515436,4.635022,4.5805932,4.4502336,4.3167952,4.0715584,3.7885064,3.5495008,3.2843692,2.9991308,2.707592,2.3553032,1.9892556,1.6391436,1.2967156,0.9862076,0.7528984,0.580754,0.4488424,0.3108308,0.2064516
3.25475475475475E-6,1.02095,1.3686856,1.7225932,1.7453628,1.7759632,1.8407812,1.9133264,2.0098688,2.1042056,2.2927372,2.4751912,2.7006272,2.9450208,3.1714824,3.3903408,3.5971788,3.8181388,4.0270868,4.26783,4.395864,4.5567172,4.6399116,4.5852248,4.454788,4.3208468,4.0752144,3.7917656,3.5523988,3.2870248,3.0016616,2.7098704,2.3573148,1.9911416,1.6407372,1.2980056,0.9871808,0.753644,0.5813112,0.44927,0.3111428,0.2066632
3.26326326326326E-6,1.0219696,1.370726,1.7255632,1.7480108,1.778974,1.8442012,1.916314,2.0119224,2.105942,2.2941,2.4767228,2.7025672,2.9476852,3.174902,3.394328,3.6015388,3.8227348,4.03194,4.2725316,4.4006976,4.5617584,4.6446548,4.5897104,4.459198,4.3247536,4.0787384,3.7949092,3.5551848,3.2895768,3.0040976,2.7120612,2.3592516,1.9929648,1.6422788,1.2992544,0.9881232,0.754366,0.5818504,0.4496844,0.311446,0.2068688
3.27177177177177E-6,1.0229488,1.3727132,1.7284668,1.750592,1.7819204,1.8475604,1.9192428,2.0139124,2.1076124,2.2953824,2.4781656,2.7044096,2.9502448,3.178214,3.3982064,3.6057916,3.8272188,4.0366832,4.2771136,4.4054124,4.5666692,4.6492532,4.5940508,4.4634644,4.328516,4.0821308,3.7979388,3.5578608,3.2920276,3.0064404,2.7141656,2.361114,1.9947252,1.6437676,1.3004624,0.9890344,0.7550644,0.582372,0.4500856,0.31174,0.2070688
3.28028028028028E-6,1.0238876,1.3746468,1.7313036,1.753106,1.784802,1.8508576,1.922112,2.015838,2.1092156,2.2965836,2.4795196,2.7061548,2.9527008,3.18142,3.4019768,3.6099376,3.8315908,4.0413152,4.2815752,4.4100084,4.5714492,4.6537072,4.5982472,4.4675884,4.3321348,4.0853924,3.800854,3.560426,3.294376,3.0086896,2.7161832,2.3629024,1.9964236,1.6452052,1.30163,0.9899152,0.7557392,0.5828756,0.4504736,0.3120252,0.2072636
3.28878878878879E-6,1.0247864,1.3765272,1.734074,1.7555528,1.7876192,1.8540936,1.9249224,2.0177004,2.1107536,2.2977056,2.4807868,2.7078044,2.955054,3.1845204,3.40564,3.6139772,3.8358524,4.0458384,4.2859188,4.4144864,4.5761004,4.658018,4.6023,4.4715704,4.3356116,4.088524,3.803656,3.5628824,3.296624,3.0108468,2.7181156,2.3646176,1.9980596,1.64659,1.3027564,0.9907648,0.75639,0.5833616,0.4508492,0.3123016,0.2074528
3.2972972972973E-6,1.025646,1.3783552,1.7367784,1.7579332,1.790372,1.8572684,1.927674,2.0195,2.1122264,2.2987484,2.4819664,2.709358,2.957304,3.1875148,3.4091956,3.6179104,3.8400028,4.050252,4.2901432,4.4188464,4.5806224,4.662186,4.6062104,4.4754116,4.3389468,4.0915264,3.8063452,3.5652296,3.2987716,3.012912,2.7199632,2.3662604,1.9996348,1.6479244,1.3038432,0.9915844,0.757018,0.5838304,0.451212,0.3125696,0.2076368
3.30580580580581E-6,1.0264664,1.3801308,1.7394172,1.7602476,1.7930612,1.8603824,1.9303676,2.0212376,2.1136352,2.2997136,2.4830612,2.710818,2.9594532,3.1904052,3.4126452,3.6217384,3.8440432,4.0545568,4.29425,4.4230896,4.5850164,4.6662124,4.6099792,4.4791124,4.3421412,4.0944004,3.8089228,3.5674692,3.3008204,3.014886,2.721726,2.3678304,2.0011488,1.6492072,1.3048904,0.992374,0.7576228,0.5842816,0.451562,0.3128284,0.2078152
3.31431431431431E-6,1.0272476,1.381854,1.74199,1.7624956,1.795686,1.8634348,1.933002,2.0229124,2.1149784,2.3006,2.48407,2.7121836,2.9615016,3.1931924,3.4159896,3.625462,3.8479744,4.0587528,4.2982392,4.4272156,4.589282,4.6700972,4.6136068,4.4826736,4.345196,4.0971468,3.8113888,3.5696008,3.3027688,3.016768,2.723404,2.369328,2.002602,1.6504396,1.3058976,0.9931332,0.758204,0.5847148,0.4518992,0.3130788,0.2079884
3.32282282282282E-6,1.0279908,1.383526,1.744498,1.7646784,1.7982476,1.8664268,1.9355784,2.024526,2.1162584,2.30141,2.4849944,2.7134564,2.9634496,3.1958756,3.4192284,3.6290808,3.8517964,4.0628412,4.302112,4.4312256,4.5934212,4.6738424,4.6170948,4.4860968,4.3481128,4.0997668,3.8137444,3.571626,3.3046192,3.01856,2.7249992,2.3707548,2.0039952,1.651622,1.306866,0.9938628,0.7587628,0.5851316,0.4522244,0.3133208,0.2081564
3.33133133133133E-6,1.0286952,1.3851456,1.74694,1.7667956,1.8007456,1.8693584,1.9380976,2.0260788,2.1174752,2.3021436,2.4858348,2.7146364,2.9652984,3.1984564,3.4223628,3.632596,3.85551,4.066822,4.3058688,4.4351204,4.597434,4.6774484,4.620444,4.4893824,4.3508916,4.1022608,3.8159904,3.5735452,3.306372,3.0202624,2.7265116,2.3721108,2.0053288,1.6527548,1.3077956,0.9945632,0.7592988,0.5855312,0.4525368,0.313554,0.2083188
3.33983983983984E-6,1.0293608,1.3867128,1.749316,1.7688464,1.8031792,1.8722284,1.9405584,2.02757,2.1186284,2.3028008,2.4865916,2.7157244,2.9670484,3.2009356,3.4253936,3.636008,3.8591156,4.0706956,4.3095096,4.4388992,4.6013204,4.6809152,4.623654,4.4925304,4.3535336,4.10463,3.8181272,3.5753592,3.3080276,3.0218752,2.7279408,2.3733952,2.006602,1.6538368,1.3086852,0.9952332,0.7598116,0.5859132,0.452836,0.313778,0.2084752
3.34834834834835E-6,1.0299888,1.3882292,1.751628,1.7708332,1.8055504,1.8750384,1.942962,2.0290012,2.1197196,2.3033836,2.4872668,2.7167224,2.9687008,3.203314,3.4283216,3.6393176,3.8626144,4.0744636,4.3130364,4.4425644,4.6050828,4.6842452,4.6267276,4.4955432,4.35604,4.1068752,3.8201556,3.5770688,3.3095868,3.0234,2.7292888,2.3746104,2.0078164,1.65487,1.3095364,0.995874,0.760302,0.5862788,0.4531236,0.3139944,0.2086272
3.35685685685686E-6,1.0305792,1.3896948,1.7538756,1.7727556,1.8078588,1.8777884,1.9453084,2.0303724,2.1207492,2.3038924,2.4878604,2.7176304,2.970256,3.2055916,3.4311464,3.6425248,3.8660064,4.0781264,4.3164492,4.4461168,4.6087216,4.6874388,4.629664,4.4984208,4.3584112,4.1089968,3.8220764,3.5786752,3.3110508,3.0248368,2.7305552,2.3757556,2.0089716,1.6558536,1.3103492,0.996486,0.76077,0.5866276,0.4533988,0.314202,0.2087736
3.36536536536536E-6,1.0311316,1.3911088,1.7560584,1.7746136,1.8101048,1.8804784,1.947598,2.031684,2.1217172,2.3043272,2.4883732,2.7184492,2.9717152,3.20777,3.43387,3.6456308,3.8692924,4.0816836,4.3197488,4.4495556,4.6122368,4.6904964,4.6324648,4.5011636,4.3606484,4.1109956,3.8238904,3.5801788,3.31242,3.0261864,2.7317412,2.3768316,2.010068,1.656788,1.3111232,0.9970684,0.7612152,0.5869592,0.4536612,0.3144008,0.2089144
3.37387387387387E-6,1.0316468,1.3924724,1.7581772,1.7764076,1.812288,1.8831076,1.9498296,2.0329356,2.1226236,2.3046888,2.488806,2.71918,2.9730788,3.2098492,3.436492,3.6486356,3.8724724,4.085136,4.3229352,4.4528816,4.6156292,4.6934192,4.6351312,4.5037736,4.3627532,4.1128732,3.825598,3.5815792,3.3136936,3.027448,2.7328456,2.377838,2.011106,1.657674,1.3118592,0.997622,0.7616384,0.587274,0.4539112,0.3145912,0.20905
3.38238238238238E-6,1.0321248,1.3937856,1.7602324,1.7781388,1.81441,1.8856776,1.9520052,2.0341288,2.1234696,2.3049784,2.48916,2.7198232,2.9743476,3.21183,3.4390136,3.6515404,3.875548,4.0884852,4.3260108,4.4560972,4.6189008,4.6962092,4.6376644,4.5062516,4.364726,4.11463,3.8272004,3.5828788,3.3148744,3.028624,2.7338708,2.3787768,2.0120864,1.6585116,1.312558,0.9981476,0.76204,0.5875728,0.45415,0.3147736,0.2091808
3.39089089089089E-6,1.0325652,1.3950476,1.7622224,1.7798056,1.8164692,1.8881876,1.954124,2.0352632,2.1242548,2.3051956,2.489434,2.7203784,2.975522,3.2137128,3.4414348,3.6543452,3.8785188,4.09173,4.328974,4.4592004,4.62205,4.6988652,4.640064,4.5085976,4.3665676,4.1162668,3.828698,3.5840772,3.3159616,3.029714,2.7348168,2.3796472,2.0130092,1.6593016,1.3132192,0.9986444,0.7624196,0.5878548,0.454376,0.3149472,0.209306
3.3993993993994E-6,1.0329688,1.3962588,1.7641484,1.7814092,1.8184668,1.8906384,1.9561876,2.0363408,2.1249812,2.3053424,2.4896304,2.7208476,2.9766028,3.2154988,3.4437572,3.6570512,3.8813864,4.094872,4.3318272,4.4621932,4.6250796,4.70139,4.6423332,4.5108136,4.36828,4.1177848,3.8300912,3.5851748,3.316956,3.0307184,2.735684,2.3804504,2.0138748,1.6600436,1.3138428,0.9991128,0.7627776,0.5881208,0.4545904,0.3151128,0.209426
3.40790790790791E-6,1.033336,1.3974204,1.7660112,1.78295,1.8204028,1.89303,1.9581952,2.0373604,2.1256484,2.3054188,2.4897496,2.7212312,2.9775912,3.2171884,3.4459804,3.6596584,3.8841512,4.0979124,4.3345708,4.4650772,4.62799,4.7037836,4.6444712,4.5129,4.3698632,4.1191852,3.831382,3.5861736,3.3178592,3.0316388,2.7364728,2.3811864,2.014684,1.6607384,1.3144292,0.9995532,0.763114,0.58837,0.4547928,0.3152704,0.2095412
3.41641641641642E-6,1.0336664,1.3985316,1.7678104,1.7844284,1.8222776,1.8953628,1.9601472,2.0383228,2.1262568,2.3054256,2.4897924,2.7215304,2.978488,3.2187824,3.4481056,3.6621672,3.8868132,4.1008508,4.3372052,4.467852,4.6307816,4.7060476,4.6464792,4.514858,4.3713188,4.1204684,3.83257,3.587074,3.3186716,3.0324752,2.7371848,2.3818564,2.0154372,1.6613864,1.3149792,0.999966,0.7634292,0.5886036,0.454984,0.3154204,0.2096516
3.42492492492492E-6,1.0339604,1.3995928,1.769546,1.7858444,1.8240912,1.8976364,1.9620436,2.0392284,2.1268068,2.3053636,2.48976,2.7217464,2.9792948,3.2202824,3.450134,3.6645792,3.889374,4.103688,4.3397312,4.4705184,4.6334552,4.708182,4.6483584,4.516688,4.3726468,4.1216348,3.833656,3.587876,3.3193932,3.0332284,2.7378196,2.38246,2.016134,1.6619876,1.315492,1.0003504,0.7637224,0.5888204,0.4551624,0.3155616,0.2097564
3.43343343343343E-6,1.034218,1.400604,1.7712184,1.7871988,1.8258444,1.8998516,1.9638852,2.0400784,2.1272992,2.3052332,2.4896524,2.7218788,2.98001,3.2216876,3.4520652,3.666894,3.8918336,4.1064252,4.34215,4.4730776,4.6360124,4.7101888,4.6501096,4.5183912,4.3738492,4.1226856,3.8346408,3.5885808,3.3200252,3.0338988,2.738378,2.3829984,2.0167756,1.662542,1.3159684,1.0007076,0.7639948,0.5890216,0.4553296,0.3156948,0.209856
3.44194194194194E-6,1.0344396,1.401566,1.772828,1.7884916,1.8275372,1.902008,1.9656712,2.0408716,2.127734,2.3050348,2.4894704,2.7219292,2.9806364,3.2229992,3.4539004,3.6691128,3.8941924,4.1090624,4.344462,4.47553,4.6384532,4.7120684,4.6517336,4.5199684,4.3749264,4.123622,3.835526,3.58919,3.3205692,3.034488,2.7388612,2.3834724,2.0173628,1.6630516,1.3164096,1.001038,0.7642464,0.5892072,0.4554848,0.31582,0.2099508
3.45045045045045E-6,1.0346244,1.4024776,1.774374,1.7897236,1.8291704,1.9041068,1.9674032,2.04161,2.128112,2.30477,2.4892156,2.7218988,2.9811748,3.2242192,3.4556412,3.6712364,3.8964512,4.1115996,4.3466668,4.4778744,4.6407772,4.7138216,4.6532316,4.5214208,4.37588,4.1244448,3.8363108,3.5897028,3.321024,3.0349948,2.7392684,2.3838812,2.0178944,1.6635144,1.3168144,1.0013408,0.7644768,0.5893772,0.4556288,0.3159372,0.2100404
3.45895895895896E-6,1.034774,1.4033404,1.7758576,1.7908952,1.8307444,1.9061476,1.9690812,2.042294,2.128434,2.3044388,2.488888,2.7217876,2.9816252,3.2253472,3.4572872,3.6732652,3.8986108,4.114038,4.3487664,4.4801136,4.6429872,4.7154496,4.6546048,4.5227488,4.3767104,4.1251544,3.8369972,3.5901212,3.321392,3.0354216,2.7396016,2.3842264,2.0183716,1.6639316,1.3171832,1.001616,0.764686,0.5895308,0.4557608,0.316046,0.2101248
3.46746746746747E-6,1.0348872,1.4041532,1.777278,1.792006,1.8322584,1.9081308,1.9707052,2.0429236,2.1287004,2.304042,2.488488,2.7215964,2.981988,3.2263836,3.4588392,3.6751996,3.9006716,4.1163784,4.3507612,4.4822476,4.6450832,4.7169536,4.655854,4.523954,4.3774192,4.125752,3.8375852,3.5904448,3.321672,3.0357672,2.7398604,2.384508,2.0187952,1.6643044,1.3175172,1.0018648,0.7648748,0.5896692,0.4558816,0.3161472,0.2102044
3.47597597597598E-6,1.0349644,1.4049164,1.7786356,1.7930564,1.8337128,1.910056,1.9722748,2.043498,2.1289108,2.30358,2.4880168,2.7213264,2.9822652,3.22733,3.4602984,3.6770408,3.9026348,4.1186216,4.352652,4.4842772,4.6470656,4.718334,4.65698,4.5250372,4.3780072,4.1262392,3.8380764,3.5906756,3.3218664,3.0360336,2.7400456,2.3847264,2.0191648,1.6646324,1.317816,1.0020872,0.7650436,0.5897928,0.4559916,0.3162412,0.2102796
3.48448448448448E-6,1.0350048,1.4056292,1.7799296,1.7940472,1.8351088,1.9119244,1.9737916,2.0440196,2.1290664,2.303054,2.4874752,2.7209776,2.9824564,3.2281864,3.4616644,3.678788,3.9045004,4.1207672,4.3544388,4.4862028,4.6489356,4.719592,4.6579844,4.526,4.378476,4.1266168,3.8384712,3.5908136,3.3219752,3.0362212,2.7401584,2.3848828,2.0194816,1.664916,1.31808,1.0022832,0.765192,0.5899008,0.4560904,0.3163272,0.2103496
3.49299299299299E-6,1.0350092,1.4062924,1.7811604,1.7949776,1.8364452,1.9137348,1.9752544,2.0444876,2.1291676,2.302464,2.4868632,2.7205508,2.982562,3.2289528,3.462938,3.6804428,3.9062692,4.1228168,4.3561236,4.488026,4.6506944,4.7207288,4.6588676,4.5268424,4.378826,4.1268852,3.8387708,3.59086,3.3219992,3.0363304,2.7401988,2.3849768,2.0197456,1.665156,1.3183096,1.0024532,0.7653204,0.589994,0.456178,0.3164056,0.2104148
3.5015015015015E-6,1.034976,1.406904,1.7823264,1.7958476,1.8377224,1.915488,1.9766648,2.0449032,2.1292152,2.3018116,2.4861824,2.7200468,2.9825832,3.2296308,3.4641204,3.6820056,3.907942,4.1247708,4.357706,4.4897464,4.652342,4.7217452,4.6596304,4.5275656,4.3790576,4.1270448,3.8389744,3.5908144,3.3219384,3.0363616,2.7401672,2.3850092,2.0199576,1.6653524,1.3185048,1.0025972,0.7654288,0.590072,0.4562544,0.3164764,0.2104752
3.51001001001001E-6,1.0349056,1.4074648,1.7834284,1.7966584,1.8389416,1.9171844,1.978022,2.045266,2.1292088,2.3010968,2.4854336,2.7194676,2.982522,3.2302216,3.465212,3.6834768,3.9095192,4.1266292,4.3591868,4.4913648,4.6538788,4.7226412,4.6602732,4.52817,4.3791728,4.127098,3.8390844,3.5906796,3.3217956,3.0363164,2.7400648,2.3849812,2.0201176,1.6655052,1.318666,1.0027156,0.7655176,0.5901356,0.4563204,0.31654,0.2105312
3.51851851851852E-6,1.0347976,1.4079744,1.784466,1.7974104,1.8401032,1.9188248,1.9793276,2.0455776,2.12915,2.3003204,2.4846172,2.7188128,2.9823784,3.2307256,3.466214,3.6848572,3.9110016,4.1283924,4.3605664,4.492882,4.6553068,4.7234188,4.6607984,4.5286576,4.3791724,4.1270448,3.8391016,3.5904552,3.32157,3.0361944,2.7398916,2.384892,2.0202256,1.6656144,1.3187928,1.0028072,0.7655852,0.5901828,0.4563744,0.3165952,0.210582
3.52702702702703E-6,1.0346524,1.4084332,1.7854396,1.798104,1.8412072,1.9204088,1.9805812,2.045838,2.1290392,2.299484,2.4837352,2.7180848,2.982154,3.231144,3.4671272,3.686148,3.9123896,4.1300616,4.361846,4.494298,4.6566252,4.724078,4.6612052,4.529028,4.3790568,4.1268856,3.8390256,3.5901416,3.321262,3.0359964,2.7396484,2.3847428,2.0202828,1.6656812,1.3188864,1.0028736,0.7656336,0.5902156,0.4564176,0.3166428,0.210628
3.53553553553554E-6,1.0344684,1.4088392,1.7863476,1.7987388,1.8422536,1.9219364,1.9817828,2.0460468,2.1288756,2.2985868,2.4827864,2.7172828,2.9818484,3.2314772,3.467952,3.6873496,3.9136844,4.1316376,4.3630264,4.4956144,4.6578364,4.7246208,4.661496,4.5292828,4.3788268,4.1266208,3.8388568,3.5897396,3.3208728,3.0357236,2.7393364,2.3845348,2.0202896,1.665706,1.3189468,1.0029148,0.7656624,0.5902332,0.4564496,0.3166828,0.2106692
3.54404404404404E-6,1.0342456,1.4091928,1.78719,1.7993156,1.8432432,1.9234084,1.9829328,2.0462048,2.12866,2.2976296,2.481772,2.716408,2.9814632,3.231726,3.4686896,3.6884632,3.9148868,4.1331212,4.3641092,4.4968324,4.6589408,4.7250484,4.661672,4.5294236,4.3784848,4.1262532,3.8385976,3.5892508,3.3204032,3.035376,2.7389552,2.3842672,2.0202452,1.665688,1.3189736,1.0029308,0.7656724,0.5902372,0.456472,0.3167164,0.2107064
3.55255255255255E-6,1.0339832,1.4094928,1.7879656,1.7998332,1.8441752,1.9248244,1.984032,2.0463132,2.1283944,2.296614,2.4806928,2.7154604,2.980998,3.2318904,3.46934,3.6894884,3.9159968,4.1345124,4.365094,4.4979516,4.6599392,4.7253612,4.6617336,4.5294508,4.3780308,4.1257824,3.8382476,3.5886748,3.3198532,3.0349544,2.738506,2.3839412,2.0201516,1.6656288,1.318968,1.002922,0.7656632,0.590226,0.4564828,0.3167416,0.210738
3.56106106106106E-6,1.0336804,1.4097384,1.7886736,1.8002924,1.8450504,1.9261844,1.9850796,2.0463716,2.128078,2.2955404,2.4795504,2.7144424,2.9804548,3.2319716,3.4699036,3.690426,3.9170152,4.1358124,4.3659824,4.4989736,4.660832,4.7255604,4.6616816,4.5293652,4.3774664,4.12521,3.837808,3.5880132,3.3192244,3.0344596,2.7379896,2.383558,2.0200092,1.6655292,1.3189308,1.0028896,0.765636,0.590202,0.4564844,0.3167608,0.210766
3.56956956956957E-6,1.033336,1.409928,1.7893128,1.8006928,1.8458684,1.9274888,1.9860768,2.0463804,2.1277108,2.2944084,2.4783436,2.7133528,2.9798332,3.2319704,3.4703816,3.6912768,3.9179424,4.1370208,4.3667736,4.499898,4.6616204,4.7256472,4.6615176,4.5291684,4.3767924,4.1245364,3.8372792,3.5872664,3.3185168,3.033892,2.7374056,2.3831164,2.0198168,1.6653876,1.31886,1.0028316,0.7655892,0.5901632,0.4564752,0.3167728,0.2107896
3.57807807807808E-6,1.0329496,1.4100612,1.7898824,1.8010348,1.84663,1.9287376,1.9870236,2.0463408,2.1272948,2.29322,2.4770752,2.712194,2.9791348,3.2318868,3.470774,3.6920408,3.9187792,4.1381388,4.3674696,4.5007264,4.6623044,4.7256216,4.661242,4.5288612,4.3760104,4.123764,3.8366632,3.586436,3.317732,3.0332528,2.736756,2.3826188,2.0195764,1.665206,1.318758,1.0027496,0.765524,0.5901104,0.4564556,0.3167772,0.2108084
3.58658658658659E-6,1.0325192,1.410136,1.7903808,1.801318,1.8473348,1.9299308,1.98792,2.0462524,2.1268292,2.2919752,2.4757448,2.710966,2.97836,3.2317224,3.471082,3.6927188,3.9195264,4.1391668,4.36807,4.5014584,4.6628856,4.7254848,4.6608556,4.528444,4.3751204,4.1228916,3.8359596,3.585522,3.3168704,3.0325424,2.7360408,2.3820644,2.0192876,1.664984,1.3186244,1.0026436,0.76544,0.5900432,0.4564248,0.3167736,0.210822
3.59509509509509E-6,1.032044,1.4101516,1.7908068,1.8015428,1.8479836,1.9310688,1.9887664,2.046116,2.1263144,2.290674,2.4743528,2.7096692,2.9775092,3.2314772,3.471306,3.693312,3.9201844,4.1401056,4.3685764,4.5020956,4.6633644,4.7252384,4.66036,4.5279184,4.374124,4.1219208,3.8351696,3.5845252,3.315932,3.0317608,2.7352604,2.381454,2.0189508,1.6647224,1.3184596,1.002514,0.7653376,0.5899628,0.4563844,0.3167636,0.2108316
3.6036036036036E-6,1.031522,1.4101056,1.791158,1.801708,1.8485752,1.9321508,1.9895632,2.045932,2.1257516,2.289318,2.4729004,2.7083048,2.9765836,3.2311524,3.4714476,3.6938212,3.920754,4.140956,4.3689892,4.502638,4.6637416,4.7248828,4.6597552,4.5272848,4.3730216,4.1208524,3.8342932,3.5834464,3.314918,3.0309096,2.7344156,2.380788,2.0185664,1.6644204,1.3182624,1.00236,0.7652168,0.589868,0.4563332,0.316746,0.210836
3.61211211211211E-6,1.0309516,1.4099964,1.7914328,1.8018136,1.8491104,1.9331772,1.9903096,2.0457,2.1251408,2.2879072,2.4713884,2.706874,2.9755844,3.2307488,3.4715068,3.6942464,3.9212364,4.1417188,4.3693096,4.5030872,4.664018,4.7244184,4.6590424,4.526544,4.3718144,4.1196876,3.833332,3.5822864,3.3138288,3.0299884,2.7335068,2.3800676,2.0181356,1.66408,1.3180356,1.0021836,0.7650784,0.58976,0.4562728,0.316722,0.2108364
3.62062062062062E-6,1.0303308,1.409822,1.7916296,1.80186,1.8495896,1.9341484,1.9910072,2.0454212,2.1244824,2.2864428,2.4698176,2.7053768,2.9745124,3.2302676,3.4714848,3.6945888,3.921632,4.142394,4.3695376,4.5034432,4.6641952,4.7238476,4.6582236,4.525698,4.370504,4.1184272,3.8322868,3.581046,3.3126656,3.0289984,2.732534,2.3792916,2.0176576,1.6637,1.3177776,1.001984,0.7649224,0.5896388,0.4562024,0.3166912,0.2108324
3.62912912912913E-6,1.029658,1.4095804,1.791746,1.8018464,1.8500124,1.9350644,1.991656,2.0450964,2.1237776,2.2849256,2.4681888,2.7038148,2.973368,3.2297088,3.4713816,3.6948488,3.9219408,4.1429824,4.3696744,4.5037072,4.6642728,4.7231704,4.6572988,4.5247468,4.3690908,4.1170724,3.831158,3.5797256,3.3114284,3.02794,2.7314984,2.378462,2.017134,1.663282,1.3174896,1.0017612,0.7647488,0.5895044,0.4561224,0.3166536,0.2108244
3.63763763763764E-6,1.0289304,1.4092684,1.7917792,1.8017728,1.8503792,1.9359248,1.992256,2.0447252,2.123026,2.2833556,2.466502,2.702188,2.972152,3.2290736,3.4711988,3.6950276,3.9221648,4.1434852,4.3697208,4.5038796,4.664252,4.7223876,4.6562688,4.5236912,4.3675756,4.1156236,3.829946,3.5783264,3.3101188,3.0268144,2.7304008,2.3775792,2.0165644,1.6628252,1.3171708,1.0015152,0.7645572,0.589356,0.4560324,0.3166092,0.210812
3.64614614614615E-6,1.0281456,1.4088836,1.7917268,1.8016388,1.85069,1.9367304,1.9928076,2.0443084,2.122228,2.2817336,2.464758,2.7004972,2.9708648,3.2283624,3.4709364,3.6951252,3.922304,4.1439024,4.3696772,4.5039608,4.6641336,4.7215008,4.655136,4.5225332,4.3659608,4.1140824,3.8286524,3.5768488,3.3087364,3.0256208,2.7292412,2.3766432,2.0159496,1.6623316,1.3168236,1.0012472,0.7643484,0.5891948,0.4559324,0.3165576,0.2107952
3.65465465465465E-6,1.0273004,1.408422,1.7915844,1.8014424,1.8509436,1.9374796,1.9933108,2.0438464,2.1213844,2.2800604,2.4629576,2.6987428,2.9695072,3.2275756,3.4705948,3.6951424,3.9223588,4.1442348,4.3695448,4.503952,4.6639188,4.7205112,4.6539004,4.5212732,4.3642464,4.1124492,3.8272776,3.575294,3.3072832,3.0243616,2.7280208,2.3756544,2.0152892,1.6617992,1.3164452,1.0009556,0.7641216,0.5890196,0.455822,0.3164988,0.2107736
3.66316316316316E-6,1.0263916,1.4078804,1.7913488,1.8011836,1.8511404,1.9381732,1.993766,2.04334,2.120496,2.2783364,2.4611016,2.6969264,2.96808,3.2267144,3.4701756,3.69508,3.92233,4.1444832,4.369324,4.5038536,4.6636076,4.7194188,4.6525624,4.5199116,4.3624332,4.1107252,3.8258224,3.5736628,3.3057592,3.0230368,2.7267404,2.3746144,2.0145848,1.6612304,1.316038,1.000642,0.763878,0.588832,0.4557024,0.3164336,0.210748
3.67167167167167E-6,1.025416,1.4072552,1.7910164,1.8008612,1.8512804,1.9388104,1.9941732,2.0427888,2.1195632,2.2765624,2.4591908,2.6950484,2.9665844,3.2257792,3.4696788,3.6949384,3.922218,4.1446476,4.3690148,4.5036656,4.6632004,4.7182244,4.6511236,4.5184504,4.3605228,4.1089112,3.8242872,3.5719556,3.3041648,3.0216464,2.7254,2.3735232,2.013836,1.6606248,1.315602,1.0003068,0.7636176,0.588632,0.4555736,0.3163624,0.2107184
3.68018018018018E-6,1.02437,1.406542,1.7905824,1.8004736,1.8513616,1.93939,1.9945316,2.0421932,2.118586,2.2747396,2.4572268,2.6931104,2.9650212,3.2247712,3.4691048,3.6947172,3.9220232,4.1447288,4.3686184,4.5033896,4.6627,4.7169304,4.6495856,4.5168904,4.3585164,4.1070084,3.8226736,3.5701736,3.3025016,3.020192,2.724,2.3723804,2.0130436,1.6599824,1.3151368,0.9999496,0.7633408,0.5884192,0.4554356,0.3162848,0.2106848
3.68868868868869E-6,1.0232488,1.4057356,1.790042,1.80002,1.8513852,1.9399128,1.9948432,2.0415544,2.1175652,2.2728676,2.4552088,2.6911116,2.9633908,3.2236908,3.4684548,3.6944184,3.9217464,4.1447272,4.3681356,4.503026,4.6621056,4.7155368,4.6479484,4.515232,4.356414,4.1050172,3.8209816,3.5683172,3.30077,3.0186744,2.722542,2.3711876,2.0122076,1.6593032,1.3146424,0.99957,0.7630468,0.5881936,0.455288,0.3162004,0.2106468
3.6971971971972E-6,1.0220484,1.4048316,1.7893904,1.7994992,1.85135,1.9403776,1.9951068,2.040872,2.1165008,2.2709472,2.453138,2.6890536,2.961694,3.2225392,3.46773,3.6940428,3.9213892,4.1446444,4.3675672,4.5025756,4.661418,4.714044,4.6462128,4.5134756,4.3542164,4.102938,3.8192116,3.5663864,3.2989696,3.0170932,2.721026,2.3699452,2.0113296,1.65859,1.3141212,0.99917,0.7627368,0.587956,0.4551312,0.3161096,0.2106048
3.70570570570571E-6,1.0207628,1.4038232,1.7886208,1.7989088,1.8512556,1.940784,1.9953228,2.0401464,2.1153936,2.2689792,2.4510148,2.6869364,2.9599312,3.221316,3.46693,3.6935904,3.9209516,4.1444804,4.3669136,4.5020388,4.6606384,4.712454,4.6443804,4.5116236,4.3519256,4.100772,3.8173644,3.5643824,3.2971016,3.0154488,2.719452,2.3686524,2.010408,1.6578396,1.3135708,0.998748,0.76241,0.587706,0.4549656,0.3160128,0.2105588
3.71421421421421E-6,1.0193872,1.4027048,1.7877276,1.7982476,1.8511008,1.9411316,1.9954916,2.0393784,2.1142436,2.2669644,2.44884,2.6847612,2.9581036,3.2200228,3.466056,3.6930616,3.9204344,4.144236,4.3661764,4.5014172,4.6597688,4.710768,4.6424524,4.5096764,4.3495428,4.0985212,3.8154424,3.5623072,3.295168,3.0137436,2.7178216,2.3673112,2.0094452,1.6570548,1.3129928,0.9983052,0.7620668,0.5874428,0.45479,0.3159088,0.210508
3.72272272272272E-6,1.0179152,1.4014696,1.7867036,1.7975132,1.8508856,1.94142,1.9956132,2.0385684,2.1130516,2.2649024,2.4466136,2.6825284,2.9562112,3.21866,3.4651088,3.6924576,3.9198376,4.1439116,4.3653552,4.5007104,4.6588076,4.7089856,4.6404288,4.5076344,4.347068,4.0961856,3.8134452,3.56016,3.293168,3.0119764,2.7161348,2.3659212,2.0084404,1.6562352,1.3123876,0.9978412,0.7617076,0.587168,0.4546056,0.3157988,0.2104536
3.73123123123123E-6,1.0163404,1.4001104,1.7855416,1.7967036,1.8506084,1.9416476,1.9956868,2.037716,2.111818,2.2627952,2.4443376,2.6802396,2.9542556,3.2172284,3.4640888,3.6917788,3.9191628,4.143508,4.3644512,4.4999196,4.6577572,4.7071084,4.6383112,4.5054992,4.3445024,4.0937652,3.8113732,3.557942,3.2911024,3.0101484,2.714392,2.3644828,2.007394,1.6553812,1.3117552,0.9973572,0.7613332,0.586882,0.4544132,0.3156836,0.210396
3.73973973973974E-6,1.014656,1.3986192,1.7842336,1.795816,1.8502688,1.941814,1.9957136,2.0368224,2.110544,2.2606428,2.4420124,2.6778948,2.9522372,3.215728,3.4629968,3.6910252,3.91841,4.1430256,4.3634656,4.4990456,4.6566184,4.7051376,4.6361004,4.5032716,4.3418476,4.0912628,3.8092284,3.5556556,3.2889736,3.0082612,2.7125944,2.3629976,2.0063068,1.6544928,1.3110956,0.9968524,0.7609428,0.5865836,0.4542112,0.3155616,0.210334
3.74824824824825E-6,1.0128552,1.396988,1.7827708,1.7948472,1.849864,1.9419168,1.995692,2.0358868,2.1092284,2.2584456,2.439638,2.6754952,2.9501572,3.2141608,3.4618336,3.6901984,3.91758,4.1424648,4.3623984,4.4980884,4.6553908,4.7030732,4.6337972,4.500952,4.3391044,4.0886784,3.8070108,3.5532996,3.2867808,3.0063148,2.7107428,2.361466,2.00518,1.6535716,1.31041,0.9963276,0.7605368,0.5862732,0.4540004,0.3154332,0.210268
3.75675675675676E-6,1.0109288,1.3952068,1.7811432,1.793794,1.8493936,1.9419556,1.9956228,2.0349104,2.1078724,2.2562036,2.4372148,2.6730404,2.9480152,3.2125272,3.4606004,3.6892996,3.9166744,4.1418272,4.3612504,4.4970492,4.6540756,4.7009164,4.631402,4.4985412,4.3362724,4.0860116,3.80472,3.5508744,3.284524,3.0043088,2.7088368,2.3598872,2.0040124,1.6526164,1.3096976,0.9957824,0.7601156,0.5859516,0.4537816,0.3152996,0.2101988
3.76526526526526E-6,1.0088684,1.3932656,1.7793408,1.7926532,1.848856,1.9419288,1.9955064,2.0338932,2.1064764,2.2539188,2.4347444,2.670532,2.9458132,3.2108272,3.4592968,3.6883284,3.9156928,4.1411124,4.3600228,4.4959288,4.652674,4.6986688,4.6289168,4.4960412,4.3333544,4.0832648,3.802358,3.548382,3.2822052,3.0022452,2.706878,2.3582632,2.0028056,1.6516284,1.3089592,0.995218,0.7596792,0.5856188,0.453554,0.3151596,0.2101252
3.77377377377377E-6,1.0066664,1.3911556,1.777354,1.7914212,1.8482496,1.9418348,1.995342,2.0328356,2.1050408,2.2515904,2.4322264,2.6679696,2.9435504,3.2090616,3.4579236,3.6872848,3.9146356,4.1403212,4.3587152,4.4947268,4.651186,4.6963304,4.6263412,4.4934512,4.33035,4.0804384,3.7999248,3.5458224,3.2798248,3.000124,2.7048664,2.356594,2.00156,1.6506076,1.3081948,0.9946332,0.7592268,0.5852732,0.4533172,0.3150132,0.2100476
3.78228228228228E-6,1.0043116,1.388864,1.7751696,1.7900928,1.8475712,1.9416708,1.9951284,2.0317372,2.1035656,2.24922,2.4296624,2.6653556,2.9412292,3.207232,3.456482,3.6861708,3.913504,4.139454,4.3573284,4.4934444,4.6496128,4.6939028,4.6236776,4.490774,4.3272612,4.0775332,3.7974216,3.543196,3.2773828,2.9979456,2.7028024,2.3548792,2.0002752,1.649554,1.3074044,0.9940292,0.75876,0.5849172,0.4530728,0.3148616,0.2099664
3.79079079079079E-6,1.0017936,1.3863788,1.7727756,1.7886636,1.8468196,1.9414364,1.9948672,2.0305996,2.1020524,2.246808,2.4270528,2.66269,2.9388496,3.2053388,3.4549728,3.6849864,3.9122984,4.138512,4.3558636,4.4920828,4.6479556,4.6913868,4.620926,4.4880096,4.324088,4.07455,3.7948488,3.540504,3.27488,2.9957104,2.700686,2.3531192,1.9989512,1.648468,1.3065884,0.9934056,0.758278,0.5845492,0.4528192,0.3147036,0.2098812
3.7992992992993E-6,0.9991024,1.3836884,1.7701596,1.7871288,1.8459916,1.941128,1.994556,2.0294216,2.1005008,2.2443552,2.4243984,2.6599736,2.936412,3.2033816,3.453396,3.683732,3.9110196,4.1374956,4.3543216,4.490642,4.6462144,4.6887832,4.618088,4.4851596,4.3208328,4.0714908,3.7922084,3.5377476,3.272318,2.99342,2.6985192,2.3513156,1.99759,1.6473508,1.305748,0.9927636,0.757782,0.5841708,0.4525576,0.3145396,0.209792
3.80780780780781E-6,0.9962268,1.3807796,1.767308,1.7854828,1.8450848,1.9407436,1.9941948,2.0282032,2.0989104,2.2418608,2.4216988,2.6572064,2.9339172,3.201362,3.4517528,3.6824088,3.9096684,4.1364056,4.3527032,4.4891232,4.6443904,4.6860932,4.615164,4.4822244,4.3174952,4.0683552,3.7894996,3.5349268,3.269696,2.9910744,2.6963016,2.349468,1.9961908,1.6462024,1.3048824,0.9921024,0.7572712,0.5837812,0.4522876,0.31437,0.2096992
3.81631631631632E-6,0.9931532,1.3776364,1.764204,1.783718,1.8440956,1.9402804,1.9937832,2.0269456,2.0972828,2.2393264,2.4189552,2.65439,2.9313664,3.1992804,3.4500436,3.6810172,3.9082456,4.1352424,4.3510092,4.4875276,4.6424848,4.6833172,4.6121552,4.4792052,4.3140772,4.0651452,3.7867248,3.5320432,3.267016,2.9886744,2.694034,2.3475776,1.9947548,1.6450232,1.3039924,0.9914228,0.756746,0.5833804,0.4520092,0.3141944,0.2096024
3.82482482482482E-6,0.9898704,1.3742452,1.7608336,1.7818292,1.8430212,1.9397356,1.9933212,2.0256488,2.0956176,2.236752,2.4161676,2.6515236,2.9287588,3.1971372,3.4482688,3.6795576,3.9067512,4.1340068,4.34924,4.4858552,4.6404976,4.6804568,4.6090624,4.4761024,4.3105788,4.0618604,3.7838828,3.5290964,3.2642776,2.9862196,2.6917168,2.345644,1.9932812,1.6438128,1.303078,0.9907244,0.7562068,0.5829692,0.4517232,0.3140136,0.2095024
3.83333333333333E-6,0.9863652,1.3705908,1.7571808,1.7798092,1.841858,1.9391056,1.9928072,2.0243124,2.0939148,2.234138,2.4133372,2.6486084,2.926096,3.1949332,3.4464296,3.6780312,3.9051872,4.1326996,4.3473968,4.4841068,4.63843,4.677512,4.6058864,4.4729172,4.3070016,4.0585024,3.780976,3.5260884,3.2614828,2.9837124,2.6893516,2.3436692,1.991772,1.6425724,1.3021396,0.9900076,0.7556536,0.582548,0.45143,0.313828,0.2093996
3.84184184184184E-6,0.982624,1.3666564,1.753228,1.7776496,1.8406016,1.9383868,1.9922408,2.0229364,2.0921752,2.2314852,2.4104644,2.6456456,2.9233792,3.1926692,3.444526,3.6764376,3.9035524,4.1313204,4.3454796,4.4822828,4.6362824,4.6744836,4.6026276,4.4696496,4.3033452,4.0550712,3.7780036,3.5230188,3.2586312,2.9811524,2.6869376,2.3416524,1.990226,1.6413012,1.3011764,0.989272,0.7550856,0.5821152,0.451128,0.3136364,0.2092928
3.85035035035035E-6,0.9786328,1.3624252,1.7489572,1.7753416,1.8392472,1.9375752,1.9916212,2.0215224,2.0904004,2.2287956,2.4075512,2.6426364,2.9206092,3.1903468,3.44256,3.6747788,3.9018492,4.1298708,4.3434888,4.4803836,4.6340556,4.6713728,4.5992876,4.4663016,4.299612,4.051568,3.7749668,3.5198884,3.2557236,2.9785396,2.6844756,2.3395944,1.9886444,1.6400004,1.3001904,0.9885192,0.7545044,0.581672,0.450818,0.3134388,0.209182
3.85885885885886E-6,0.974378,1.35788,1.7443508,1.7728764,1.83779,1.936666,1.9909468,2.0200684,2.0885888,2.226068,2.4045968,2.6395804,2.917786,3.1879656,3.4405312,3.6730544,3.9000768,4.1283508,4.3414252,4.47841,4.63175,4.6681808,4.5958668,4.4628736,4.2958016,4.0479932,3.7718656,3.5166976,3.2527604,2.9758752,2.6819664,2.3374956,1.9870272,1.6386696,1.2991804,0.9877484,0.7539096,0.5812192,0.4505012,0.3132368,0.2090684
3.86736736736737E-6,0.9698452,1.353004,1.7393908,1.7702448,1.8362256,1.9356556,1.9902164,2.0185748,2.0867412,2.2233032,2.4016016,2.6364788,2.9149108,3.1855268,3.4384404,3.6712656,3.8982368,4.1267616,4.3392904,4.4763636,4.6293676,4.6649084,4.5923668,4.4593672,4.2919164,4.0443488,3.7687024,3.5134484,3.2497432,2.9731612,2.6794116,2.3353576,1.9853764,1.6373108,1.2981476,0.9869604,0.7533012,0.5807556,0.450176,0.3130288,0.2089508
3.87587587587588E-6,0.96502,1.347778,1.7340568,1.7674352,1.8345468,1.9345372,1.9894284,2.0170412,2.084858,2.2205024,2.3985672,2.6333324,2.9119844,3.1830308,3.436288,3.669412,3.8963284,4.1251028,4.337084,4.4742444,4.6269084,4.6615572,4.5887884,4.4557828,4.2879564,4.0406352,3.7654768,3.5101404,3.2466716,2.970396,2.67681,2.3331788,1.9836904,1.6359232,1.297092,0.9861552,0.75268,0.580282,0.4498428,0.3128152,0.2088292
3.88438438438438E-6,0.9598876,1.3421836,1.7283288,1.7644364,1.8327484,1.9333064,1.9885816,2.0154688,2.0829396,2.2176652,2.3954932,2.6301412,2.9090064,3.1804784,3.4340752,3.6674956,3.894354,4.1233764,4.3348072,4.4720532,4.6243732,4.6581276,4.5851324,4.4521216,4.2839232,4.0368528,3.7621896,3.5067744,3.2435464,2.9675808,2.6741632,2.3309612,1.9819708,1.6345076,1.2960144,0.9853332,0.7520456,0.5797988,0.4495028,0.3125968,0.2087048
3.89289289289289E-6,0.9544332,1.336202,1.7221872,1.7612368,1.8308236,1.9319572,1.987674,2.0138556,2.0809856,2.2147916,2.3923796,2.6269052,2.9059776,3.1778692,3.4318016,3.6655152,3.8923128,4.1215816,4.3324604,4.46979,4.6217624,4.6546196,4.5813988,4.4483836,4.2798172,4.0330036,3.7588428,3.5033528,3.24037,2.9647176,2.6714724,2.3287052,1.9802172,1.6330632,1.2949136,0.9844928,0.7513972,0.5793052,0.4491552,0.3123732,0.2085772
3.9014014014014E-6,0.9486428,1.3298148,1.715612,1.7578236,1.8287648,1.9304832,1.986704,2.0122024,2.0789968,2.2118836,2.3892284,2.6236268,2.9028996,3.1752052,3.4294688,3.6634732,3.8902068,4.1197204,4.3300452,4.4674568,4.6190776,4.6510348,4.57759,4.4445712,4.27564,4.0290876,3.7554364,3.4998748,3.2371416,2.961806,2.6687376,2.3264108,1.9784304,1.6315916,1.2937916,0.9836368,0.7507372,0.5788028,0.4488004,0.3121444,0.208446
3.90990990990991E-6,0.942502,1.3230024,1.7085816,1.7541828,1.8265644,1.9288772,1.9856696,2.0105092,2.0769736,2.2089412,2.38604,2.620306,2.8997728,3.1724868,3.4270776,3.6613696,3.888036,4.1177928,4.3275612,4.4650528,4.6163184,4.6473736,4.5737052,4.4406836,4.2713912,4.0251052,3.75197,3.4963404,3.2338612,2.9588456,2.6659584,2.3240784,1.9766108,1.6300924,1.292648,0.982764,0.750064,0.5782904,0.4484384,0.3119104,0.2083116
3.91841841841842E-6,0.9359976,1.3157468,1.7010764,1.7503,1.824214,1.9271324,1.9845684,2.0087752,2.074916,2.2059644,2.3828136,2.6169424,2.8965964,3.1697136,3.4246276,3.6592044,3.8858008,4.1157996,4.3250096,4.4625792,4.6134864,4.6436372,4.5697464,4.4367224,4.2670724,4.0210572,3.7484448,3.4927508,3.23053,2.9558376,2.6631356,2.3217084,1.974758,1.6285652,1.291482,0.9818744,0.7493776,0.577768,0.4480692,0.3116716,0.208174
3.92692692692693E-6,0.929116,1.3080288,1.6930756,1.74616,1.821704,1.92524,1.983398,2.0069992,2.0728236,2.202954,2.3795508,2.6135372,2.8933732,3.1668876,3.4221204,3.6569792,3.883502,4.1137404,4.3223908,4.4600368,4.610582,4.6398268,4.5657144,4.4326884,4.2626844,4.0169448,3.7448616,3.4891072,3.2271492,2.9527832,2.6602704,2.3193016,1.9728732,1.6270116,1.2902952,0.9809692,0.7486796,0.5772368,0.4476928,0.3114276,0.2080328
3.93543543543544E-6,0.9218452,1.2998308,1.6845592,1.7417468,1.8190256,1.923192,1.9821556,2.0051816,2.0706972,2.1999104,2.376252,2.6100916,2.8901028,3.1640088,3.419556,3.654694,3.88114,4.1116164,4.3197052,4.4574264,4.607606,4.6359424,4.56161,4.4285828,4.2582276,4.012768,3.7412204,3.4854084,3.2237172,2.9496816,2.657362,2.3168576,1.9709568,1.625432,1.2890872,0.9800484,0.7479696,0.576696,0.4473092,0.3111788,0.2078884
3.94394394394394E-6,0.914174,1.2911356,1.6755076,1.737044,1.8161684,1.9209792,1.980838,2.0033216,2.0685368,2.196834,2.372918,2.6066056,2.886786,3.161078,3.4169356,3.6523492,3.8787156,4.109428,4.3169536,4.4547476,4.6045588,4.6319856,4.5574336,4.4244056,4.2537036,4.0085288,3.7375228,3.4816572,3.2202368,2.9465344,2.654412,2.3143776,1.9690088,1.6238256,1.287858,0.9791108,0.7472464,0.5761452,0.4469184,0.3109248,0.2077408
3.95245245245245E-6,0.9060912,1.2819256,1.6659008,1.7320328,1.8131204,1.9185916,1.9794412,2.0014176,2.0663416,2.1937244,2.369548,2.6030796,2.8834228,3.1580952,3.4142592,3.6499456,3.8762288,4.1071756,4.3141364,4.4520016,4.6014408,4.6279564,4.553186,4.420158,4.2491128,4.0042276,3.7337696,3.477854,3.2167084,2.943342,2.6514204,2.3118616,1.9670292,1.6221932,1.286608,0.9781576,0.7465112,0.5755852,0.4465204,0.310666,0.20759
3.96096096096096E-6,0.8975884,1.2721856,1.6557212,1.726696,1.8098708,1.9160192,1.9779624,1.9994696,2.0641124,2.1905832,2.366144,2.5995152,2.8800152,3.1550624,3.411528,3.6474844,3.8736816,4.1048604,4.3112548,4.4491896,4.5982532,4.623856,4.5488684,4.4158412,4.2444564,3.9998652,3.7299612,3.4739992,3.2131324,2.9401056,2.6483892,2.3093112,1.96502,1.620536,1.2853384,0.9771896,0.7457648,0.5750168,0.4461164,0.3104028,0.2074364
3.96946946946947E-6,0.8886576,1.2619012,1.6449516,1.7210148,1.8064076,1.9132516,1.9763976,1.9974764,2.0618492,2.1874104,2.362706,2.5959124,2.8765624,3.1519788,3.4087424,3.6449652,3.8710736,4.1024832,4.3083092,4.4463112,4.5949964,4.6196848,4.5444812,4.411456,4.2397356,3.9954428,3.7260988,3.4700932,3.2095092,2.9368248,2.6453172,2.3067252,1.9629796,1.6188524,1.2840476,0.9762056,0.745006,0.5744392,0.4457056,0.3101348,0.2072796
3.97797797797798E-6,0.879292,1.251058,1.6335744,1.7149684,1.802716,1.9102764,1.974742,1.9954364,2.0595512,2.1842064,2.3592344,2.5922716,2.8730656,3.1488456,3.4059028,3.6423892,3.8684056,4.1000444,4.3053012,4.4433688,4.5916724,4.6154456,4.5400264,4.4070036,4.2349512,3.9909612,3.7221832,3.466138,3.2058404,2.9335012,2.6422064,2.3041056,1.9609096,1.617144,1.2827372,0.9752064,0.7442356,0.5738532,0.4452884,0.3098624,0.20712
3.98648648648649E-6,0.8694868,1.2396444,1.6215744,1.7085368,1.7987832,1.907082,1.9729908,1.9933484,2.0572188,2.1809716,2.3557292,2.5885932,2.8695252,3.1456632,3.4030096,3.6397572,3.8656788,4.0975448,4.3022308,4.440362,4.5882808,4.6111368,4.5355032,4.4024836,4.2301028,3.9864196,3.7182136,3.4621324,3.2021252,2.9301344,2.6390564,2.301452,1.9588104,1.6154116,1.2814076,0.9741928,0.7434544,0.5732584,0.4448644,0.3095852,0.2069572
3.99499499499499E-6,0.8592396,1.22765,1.6089384,1.7017004,1.7945948,1.9036564,1.97114,1.9912112,2.0548516,2.177706,2.3521912,2.5848776,2.865942,3.1424324,3.4000636,3.6370688,3.8628932,4.094984,4.299098,4.4372912,4.5848224,4.6067604,4.530914,4.397898,4.2251928,3.9818204,3.7141916,3.4580776,3.1983648,2.9267252,2.635868,2.2987652,1.956682,1.6136548,1.2800588,0.9731648,0.742662,0.5726556,0.4444344,0.3093036,0.2067916
4.0035035035035E-6,0.8485488,1.2150664,1.5956536,1.694438,1.7901364,1.8999872,1.969184,1.989024,2.05245,2.1744104,2.3486208,2.581126,2.8623168,3.1391536,3.397066,3.6343256,3.8600492,4.0923628,4.2959036,4.4341568,4.5812976,4.6023168,4.5262584,4.3932472,4.2202208,3.9771636,3.7101176,3.4539744,3.1945596,2.9232744,2.6326416,2.2960456,1.9545248,1.611874,1.2786904,0.9721216,0.7418576,0.5720436,0.4439968,0.3090168,0.2066224
4.01201201201201E-6,0.8374148,1.2018856,1.5817084,1.6867276,1.7853912,1.89606,1.9671164,1.986784,2.0500128,2.1710848,2.3450184,2.5773388,2.8586504,3.135828,3.3940164,3.6315276,3.8571476,4.0896816,4.2926484,4.4309604,4.577708,4.5978072,4.5215376,4.3885316,4.2151876,3.9724496,3.705992,3.4498236,3.19071,2.919782,2.6293772,2.2932928,1.9523388,1.6100696,1.2773032,0.971064,0.7410424,0.5714228,0.4435524,0.3087252,0.20645
4.02052052052052E-6,0.8258416,1.1881044,1.5670952,1.6785492,1.7803444,1.8918616,1.9649312,1.98449,2.04754,2.1677292,2.3413844,2.5735168,2.8549428,3.132456,3.3909168,3.628676,3.8541896,4.086942,4.2893328,4.4277008,4.5740528,4.5932312,4.516752,4.383752,4.2100948,3.9676796,3.7018152,3.4456248,3.1868168,2.9162484,2.6260756,2.290508,1.9501248,1.6082416,1.2758976,0.9699924,0.7402164,0.570794,0.4431024,0.3084296,0.2062752
4.02902902902903E-6,0.813834,1.1737188,1.551806,1.6698804,1.774978,1.8873768,1.9626224,1.9821396,2.0450312,2.1643444,2.3377196,2.5696604,2.8511952,3.1290384,3.3877668,3.6257708,3.8511748,4.084144,4.285958,4.4243808,4.5703344,4.588592,4.511904,4.3789104,4.2049436,3.9628552,3.6975892,3.44138,3.1828808,2.9126748,2.6227376,2.2876916,1.9478828,1.6063904,1.2744732,0.9689068,0.7393796,0.5701572,0.442646,0.3081296,0.2060972
4.03753753753754E-6,0.8013996,1.1587296,1.5358368,1.6607004,1.7692756,1.8825916,1.9601824,1.9797308,2.042486,2.1609304,2.3340244,2.5657704,2.8474076,3.1255752,3.3845676,3.6228132,3.8481048,4.0812888,4.2825248,4.421,4.5665524,4.5838884,4.5069924,4.3740064,4.1997332,3.9579756,3.6933132,3.4370888,3.1789016,2.9090612,2.6193628,2.2848428,1.9456128,1.604516,1.27303,0.9678072,0.7385324,0.569512,0.4421832,0.3078252,0.205916
4.04604604604605E-6,0.7885472,1.1431376,1.5191832,1.6509872,1.7632176,1.8774896,1.9576028,1.9772596,2.0399028,2.1574868,2.3302984,2.5618464,2.8435808,3.1220676,3.3813192,3.6198032,3.84498,4.0783764,4.2790332,4.4175592,4.5627084,4.579122,4.5020192,4.3690408,4.1944656,3.953042,3.6889884,3.4327524,3.1748812,2.9054084,2.6159528,2.2819636,1.943316,1.6026192,1.2715692,0.966694,0.7376748,0.5688592,0.4417148,0.3075168,0.2057324
4.05455455455455E-6,0.7752892,1.126948,1.5018452,1.6407212,1.756788,1.8720572,1.9548772,1.9747256,2.0372824,2.1540148,2.3265428,2.55789,2.8397152,3.1185156,3.378022,3.6167412,3.8418004,4.0754076,4.275484,4.4140588,4.558802,4.5742932,4.4969852,4.3640156,4.1891424,3.9480568,3.6846164,3.428372,3.1708204,2.901718,2.6125088,2.2790552,1.9409932,1.6007004,1.2700908,0.9655672,0.7368064,0.5681984,0.4412408,0.3072044,0.2055464
4.06306306306306E-6,0.7616396,1.1101676,1.4838244,1.629882,1.7499668,1.866278,1.9519964,1.9721244,2.0346236,2.1505144,2.3227576,2.5539008,2.835812,3.11492,3.3746768,3.613628,3.8385672,4.0723824,4.271878,4.4105,4.5548348,4.5694032,4.4918908,4.3589304,4.1837624,3.9430184,3.6801964,3.4239472,3.1667184,2.8979896,2.60903,2.2761164,1.938644,1.59876,1.2685948,0.9644276,0.7359284,0.56753,0.4407604,0.3068876,0.2053572
4.07157157157157E-6,0.7476144,1.092806,1.4651244,1.6184504,1.7427356,1.8601368,1.9489508,1.9694532,2.0319252,2.1469848,2.3189424,2.54988,2.8318708,3.1112808,3.3712844,3.610464,3.83528,4.0693008,4.2682148,4.406882,4.550806,4.5644516,4.4867364,4.3537864,4.1783276,3.9379288,3.6757296,3.4194788,3.162576,2.8942232,2.6055168,2.2731476,1.9362688,1.5967976,1.2670812,0.9632744,0.7350396,0.5668532,0.440274,0.3065664,0.2051652
4.08008008008008E-6,0.733232,1.0748752,1.4457512,1.606408,1.7350752,1.8536176,1.9457316,1.9667084,2.0291864,2.1434276,2.3150984,2.5458276,2.8278928,3.1075996,3.3678452,3.60725,3.8319404,4.0661648,4.264496,4.4032068,4.5467184,4.5594408,4.4815236,4.3485844,4.1728384,3.932788,3.6712164,3.414968,3.1583948,2.89042,2.6019704,2.27015,1.9338676,1.5948136,1.2655508,0.962108,0.7341412,0.5661696,0.4397824,0.3062416,0.2049712
4.08858858858859E-6,0.7185124,1.0563896,1.4257136,1.593738,1.7269684,1.846706,1.9423292,1.9638868,2.0264064,2.139842,2.3112256,2.5417448,2.8238784,3.103876,3.3643592,3.6039864,3.828548,4.062974,4.260722,4.3994744,4.5425708,4.5543708,4.4762532,4.3433256,4.167296,3.9275976,3.6666576,3.4104144,3.154174,2.8865804,2.5983908,2.2671236,1.9314416,1.5928092,1.264004,0.9609296,0.7332332,0.5654784,0.4392848,0.3059124,0.204774
4.0970970970971E-6,0.7034792,1.0373676,1.4050232,1.5804244,1.718394,1.8393844,1.9387312,1.9609828,2.0235832,2.136228,2.3073244,2.537632,2.8198284,3.1001112,3.3608284,3.600674,3.8251044,4.0597296,4.256894,4.3956856,4.5383652,4.5492424,4.4709252,4.3380096,4.1617004,3.9223572,3.6620536,3.4058192,3.1499148,2.8827044,2.5947784,2.2640684,1.9289904,1.5907836,1.26244,0.959738,0.7323156,0.56478,0.4387816,0.3055796,0.2045744
4.10560560560561E-6,0.6881552,1.0178276,1.383692,1.5664528,1.7093352,1.8316396,1.9349284,1.9579936,2.020716,2.1325856,2.3033944,2.5334892,2.8157424,3.0963052,3.3572516,3.5973128,3.8216092,4.056432,4.253012,4.3918412,4.5341016,4.5440564,4.4655404,4.3326376,4.1560528,3.917068,3.6574048,3.4011824,3.1456172,2.878792,2.5911332,2.2609848,1.926514,1.5887368,1.2608596,0.958534,0.731388,0.564074,0.4382728,0.3052424,0.2043716
4.11411411411411E-6,0.672566,0.997792,1.361736,1.5518104,1.6997732,1.8234564,1.9309088,1.9549132,2.0178024,2.128914,2.2994356,2.5293164,2.8116216,3.0924592,3.3536308,3.593904,3.818064,4.053082,4.2490768,4.3879416,4.5297812,4.538814,4.4601004,4.3272112,4.1503544,3.9117316,3.6527128,3.396506,3.1412828,2.8748452,2.5874564,2.257874,1.9240132,1.58667,1.2592628,0.9573172,0.7304508,0.5633608,0.4377584,0.3049016,0.2041668
4.12262262262262E-6,0.6567388,0.9772856,1.3391732,1.5364868,1.6896904,1.8148208,1.9266604,1.9517372,2.014842,2.125214,2.2954488,2.5251152,2.8074668,3.0885732,3.3499656,3.5904476,3.8144684,4.0496788,4.245088,4.3839864,4.5254032,4.5335148,4.4546056,4.3217308,4.1446064,3.9063484,3.647978,3.3917892,3.1369112,2.8708636,2.5837488,2.2547364,1.9214896,1.5845844,1.2576508,0.9560892,0.7295048,0.5626408,0.4372388,0.3045572,0.2039592
4.13113113113113E-6,0.640702,0.9563352,1.3160236,1.5204736,1.6790692,1.8057192,1.9221712,1.94846,2.011832,2.1214848,2.2914336,2.5208852,2.803278,3.0846484,3.3462576,3.5869448,3.810824,4.0462248,4.2410476,4.3799776,4.5209696,4.52816,4.4490556,4.316196,4.138808,3.900918,3.6432004,3.3870336,3.132504,2.866848,2.5800104,2.2515716,1.9189416,1.582478,1.2560224,0.9548484,0.7285492,0.5619132,0.4367136,0.3042088,0.2037492
4.13963963963964E-6,0.624484,0.9349688,1.2923088,1.5037632,1.6678936,1.7961392,1.9174284,1.9450752,2.0087704,2.117726,2.2873896,2.5166264,2.7990552,3.080684,3.3425056,3.5833952,3.8071308,4.0427196,4.2369556,4.3759152,4.5164804,4.52275,4.443452,4.3106084,4.1329604,3.8954416,3.6383804,3.3822384,3.12806,2.8627984,2.5762408,2.24838,1.91637,1.5803524,1.2543784,0.953596,0.7275844,0.5611788,0.4361828,0.3038564,0.2035364
4.14814814814815E-6,0.6081156,0.9132184,1.268054,1.4863528,1.6561484,1.7860688,1.9124188,1.9415768,2.0056556,2.113938,2.2833184,2.5123412,2.7948008,3.0766824,3.3387124,3.5798004,3.8033896,4.0391636,4.232812,4.3717992,4.511936,4.5172856,4.4377956,4.3049688,4.1270648,3.8899204,3.63352,3.3774064,3.123582,2.8587168,2.5724424,2.2451624,1.9137752,1.5782076,1.2527188,0.9523316,0.7266108,0.5604376,0.4356468,0.3035004,0.2033212
4.15665665665666E-6,0.5916276,0.8911168,1.2432852,1.4682408,1.6438196,1.7754976,1.90713,1.9379596,2.002486,2.1101212,2.27922,2.5080296,2.7905144,3.0726432,3.3348768,3.57616,3.7996,4.0355568,4.2286176,4.3676308,4.5073376,4.511768,4.4320872,4.2992776,4.1211212,3.8843536,3.6286176,3.3725356,3.1190688,2.8546024,2.5686148,2.2419196,1.9111584,1.5760444,1.2510448,0.9510568,0.7256292,0.5596904,0.435106,0.3031408,0.2031032
4.16516516516517E-6,0.57505,0.8686972,1.2180292,1.4494272,1.6308936,1.7644152,1.9015476,1.9342152,1.999258,2.106274,2.2750936,2.5036916,2.7861964,3.0685672,3.3310004,3.5724756,3.795764,4.0319016,4.2243744,4.3634116,4.5026864,4.5061984,4.4263276,4.293536,4.1151308,3.8787432,3.6236752,3.3676284,3.1145216,2.8504564,2.564758,2.2386512,1.9085184,1.5738616,1.2493548,0.9497696,0.724638,0.558936,0.4345596,0.3027772,0.2028828
4.17367367367367E-6,0.5584144,0.845996,1.1923164,1.4299164,1.6173588,1.7528132,1.8956576,1.9303356,1.995968,2.1023952,2.2709384,2.4993268,2.7818464,3.0644536,3.3270824,3.568746,3.7918808,4.0281968,4.2200816,4.3591408,4.4979824,4.5005768,4.4205176,4.2877448,4.1090948,3.87309,3.6186936,3.3626848,3.1099408,2.8462784,2.5608724,2.2353576,1.9058564,1.5716604,1.24765,0.9484708,0.723638,0.5581748,0.4340084,0.3024104,0.2026604
4.18218218218218E-6,0.541752,0.8230512,1.1661784,1.4097156,1.6032056,1.7406852,1.8894468,1.9263144,1.9926144,2.0984856,2.2667556,2.4949372,2.7774668,3.0603052,3.3231252,3.5649732,3.7879516,4.0244432,4.2157396,4.3548192,4.4932264,4.4949048,4.4146584,4.2819052,4.103014,3.8673944,3.6136728,3.3577056,3.1053272,2.84207,2.5569596,2.2320404,1.9031736,1.569442,1.2459316,0.9471624,0.7226304,0.5574076,0.4334524,0.30204,0.2024352
4.19069069069069E-6,0.5250932,0.7999008,1.1396476,1.3888332,1.5884252,1.7280252,1.8829012,1.9221428,1.9891936,2.0945444,2.262544,2.4905216,2.7730564,3.0561204,3.3191272,3.5611568,3.7839768,4.0206416,4.2113496,4.3504476,4.4884192,4.4891824,4.40875,4.2760172,4.0968888,3.8616568,3.6086128,3.3526904,3.1006804,2.8378304,2.5530188,2.2286992,1.9004696,1.567206,1.2441988,0.9458424,0.721614,0.5566336,0.4328912,0.301666,0.202208
4.1991991991992E-6,0.5084688,0.7765848,1.1127592,1.3672828,1.5730116,1.7148292,1.8760064,1.9178116,1.9857016,2.0905704,2.258304,2.4860816,2.7686164,3.0519012,3.3150908,3.5572984,3.779958,4.016794,4.2069128,4.3460268,4.4835608,4.48341,4.4027924,4.2700808,4.0907192,3.855878,3.6035152,3.3476408,3.096002,2.8335608,2.5490508,2.225334,1.8977444,1.5649524,1.242452,0.9445116,0.7205892,0.5558532,0.4323248,0.3012884,0.2019784
4.20770770770771E-6,0.491908,0.7531428,1.085548,1.3450792,1.5569596,1.7010944,1.8687488,1.913312,1.9821348,2.0865624,2.2540348,2.4816172,2.7641472,3.0476472,3.3110152,3.5533972,3.775894,4.0128984,4.2024284,4.3415568,4.478652,4.4775884,4.3967872,4.2640972,4.0845064,3.8500584,3.59838,3.3425568,3.091292,2.8292612,2.545056,2.2219452,1.8949984,1.5626812,1.2406912,0.9431704,0.7195564,0.5550664,0.431754,0.3009076,0.2017464
4.21621621621622E-6,0.4754392,0.729616,1.0580512,1.3222408,1.5402672,1.6868204,1.8611148,1.9086348,1.9784896,2.0825204,2.2497368,2.4771292,2.7596492,3.0433592,3.3069016,3.5494544,3.771786,4.0089564,4.1978972,4.3370376,4.4736932,4.4717184,4.3907352,4.258068,4.078252,3.8441996,3.5932084,3.3374392,3.0865504,2.8249324,2.5410344,2.2185332,1.8922316,1.5603932,1.2389168,0.9418196,0.7185164,0.5542744,0.4311784,0.3005232,0.2015116
4.22472472472472E-6,0.4590904,0.7060452,1.030306,1.2987884,1.5229336,1.6720076,1.8530912,1.9037696,1.9747612,2.0784428,2.2454088,2.4726172,2.7551228,3.0390376,3.30275,3.5454708,3.7676352,4.0049692,4.1933204,4.3324712,4.4686852,4.4658004,4.3846364,4.2519924,4.0719548,3.8383008,3.588,3.332288,3.0817784,2.8205748,2.5369872,2.2150984,1.8894444,1.558088,1.2371284,0.9404572,0.717468,0.553476,0.4305984,0.300136,0.2012756
4.23323323323323E-6,0.4428876,0.6824716,1.0023512,1.2747464,1.5049604,1.6566584,1.844664,1.8987056,1.9709444,2.0743276,2.2410504,2.4680824,2.7505688,3.0346832,3.2985616,3.5414464,3.7634408,4.000936,4.188698,4.3278572,4.4636284,4.4598356,4.378492,4.245872,4.0656168,3.832364,3.5827568,3.3271052,3.0769772,2.8161896,2.5329148,2.2116416,1.8866376,1.5557664,1.2353272,0.9390856,0.7164124,0.5526724,0.4300144,0.299746,0.2010376
4.24174174174174E-6,0.4268552,0.6589356,0.9742248,1.2501408,1.4863516,1.6407768,1.8358208,1.8934324,1.967034,2.0701736,2.2366604,2.4635236,2.7459864,3.0302952,3.294336,3.5373816,3.7592044,3.996858,4.1840308,4.3231964,4.458524,4.4538244,4.3723028,4.2397076,4.0592384,3.8263888,3.5774776,3.3218896,3.0721452,2.811776,2.5288168,2.2081624,1.8838108,1.5534284,1.2335124,0.937704,0.7153492,0.5518628,0.4294256,0.2993524,0.2007968
4.25025025025025E-6,0.4110176,0.6354788,0.9459676,1.2250008,1.467114,1.6243696,1.82655,1.8879392,1.9630252,2.06598,2.2322388,2.4589424,2.7413772,3.0258752,3.290074,3.5332772,3.7549264,3.992736,4.1793196,4.3184896,4.4533724,4.4477672,4.3660688,4.2334992,4.05282,3.820376,3.572164,3.3166428,3.0672848,2.8073356,2.5246948,2.2046624,1.8809652,1.5510748,1.2316852,0.9363128,0.7142788,0.551048,0.4288328,0.298956,0.2005544
4.25875875875876E-6,0.3953968,0.6121412,0.9176192,1.1993576,1.447256,1.6074436,1.8168396,1.8822148,1.9589128,2.0617456,2.2277856,2.4543396,2.736742,3.021424,3.2857764,3.5291336,3.7506072,3.98857,4.1745648,4.3137376,4.4481744,4.4416656,4.3597916,4.227248,4.0463624,3.814326,3.5668156,3.3113644,3.0623956,2.802868,2.5205492,2.2011416,1.8781012,1.5487056,1.2298452,0.9349112,0.7132,0.5502268,0.4282352,0.2985564,0.20031
4.26726726726727E-6,0.3800128,0.5889624,0.8892208,1.173246,1.4267892,1.5900088,1.8066788,1.8762468,1.95469,2.0574676,2.2232992,2.4497148,2.73208,3.0169412,3.2814432,3.5249504,3.7462464,3.9843604,4.169766,4.3089396,4.44293,4.4355192,4.3534708,4.2209544,4.0398668,3.8082404,3.5614344,3.306056,3.0574784,2.7983736,2.5163792,2.1975996,1.8752184,1.5463208,1.2279932,0.9335008,0.7121144,0.5494004,0.4276332,0.2981532,0.2000628
4.27577577577578E-6,0.3648844,0.5659804,0.860812,1.1467008,1.4057272,1.5720768,1.7960588,1.8700244,1.9503508,2.0531444,2.218778,2.4450676,2.7273916,3.0124272,3.2770748,3.5207292,3.741846,3.9801084,4.1649248,4.3040976,4.4376404,4.4293292,4.347108,4.2146196,4.0333332,3.8021188,3.5560196,3.3007172,3.0525332,2.7938532,2.512186,2.1940372,1.8723172,1.5439204,1.226128,0.9320804,0.7110212,0.548568,0.4270268,0.2977472,0.1998136
4.28428428428428E-6,0.3500292,0.543234,0.8324352,1.1197612,1.3840864,1.5536608,1.78497,1.8635348,1.9458884,2.0487736,2.2142216,2.4403992,2.722678,3.0078828,3.272672,3.51647,3.7374056,3.9758136,4.1600416,4.2992116,4.432306,4.4230968,4.3407044,4.2082444,4.0267632,3.7959628,3.5505732,3.2953496,3.0475616,2.7893076,2.50797,2.1904544,1.8693976,1.5415048,1.2242508,0.9306508,0.7099208,0.54773,0.426416,0.297338,0.1995624
4.29279279279279E-6,0.3354624,0.5207592,0.8041308,1.0924664,1.3618848,1.5347748,1.7734044,1.8567656,1.941296,2.0443536,2.2096288,2.4357096,2.7179388,3.003308,3.2682348,3.5121728,3.7329256,3.9714772,4.1551164,4.2942816,4.4269272,4.416822,4.3342596,4.2018292,4.0201568,3.7897724,3.5450944,3.289952,3.042562,2.784736,2.5037308,2.1868516,1.8664608,1.5390752,1.2223624,0.9292128,0.708814,0.5468872,0.4258012,0.296926,0.1993092
4.3013013013013E-6,0.321198,0.4985916,0.7759396,1.0648584,1.3391436,1.5154352,1.7613552,1.8497044,1.9365652,2.0398808,2.2049976,2.4309984,2.7131744,2.9987032,3.2637636,3.5078384,3.7284072,3.9670996,4.1501504,4.2893092,4.4215044,4.4105048,4.3277736,4.1953736,4.0135136,3.7835476,3.5395836,3.284526,3.037536,2.7801396,2.4994692,2.1832292,1.8635064,1.5366312,1.2204628,0.9277668,0.7077012,0.5460396,0.4251828,0.2965112,0.199054
4.30980980980981E-6,0.307248,0.476764,0.7479012,1.0369792,1.3158856,1.4956592,1.7488172,1.8423396,1.9316892,2.0353536,2.2003276,2.4262672,2.7083864,2.9940696,3.25926,3.5034684,3.7238512,3.9626812,4.1451444,4.2842944,4.4160384,4.4041468,4.3212484,4.1888792,4.0068356,3.7772896,3.534042,3.2790724,3.0324848,2.7755196,2.4951868,2.179588,1.8605348,1.5341728,1.2185508,0.9263112,0.7065812,0.5451864,0.42456,0.2960936,0.1987968
4.31831831831832E-6,0.2936236,0.4553096,0.7200572,1.0088736,1.292136,1.4754648,1.7357848,1.8346572,1.9266584,2.030768,2.1956168,2.4215152,2.7035736,2.9894068,3.2547232,3.4990616,3.7192572,3.9582228,4.1400988,4.279238,4.4105304,4.3977492,4.3146844,4.1823464,4.0001228,3.7709988,3.5284692,3.2735904,3.0274076,2.7708752,2.4908824,2.1759276,1.8575464,1.5317004,1.216628,0.9248472,0.7054548,0.544328,0.4239328,0.2956724,0.1985372
4.32682682682683E-6,0.2803336,0.4342576,0.6924456,0.9805852,1.2679212,1.4548724,1.7222564,1.8266464,1.921466,2.0261224,2.190864,2.4167432,2.6987372,2.9847152,3.2501532,3.4946184,3.7146252,3.953724,4.1350128,4.2741396,4.4049796,4.3913108,4.3080812,4.1757756,3.9933764,3.7646764,3.5228668,3.2680816,3.0223056,2.7662072,2.4865568,2.1722488,1.8545412,1.529214,1.2146936,0.9233744,0.704322,0.5434652,0.4233024,0.2952492,0.1982764
4.33533533533534E-6,0.267386,0.4136368,0.6651056,0.9521604,1.2432708,1.4339024,1.7082292,1.8182944,1.9161016,2.0214116,2.1860668,2.4119508,2.6938772,2.9799956,3.245552,3.4901404,3.7099572,3.949186,4.129888,4.269,4.3993868,4.3848328,4.3014396,4.1691672,3.9865964,3.7583224,3.5172352,3.2625472,3.01718,2.7615168,2.4822112,2.168552,1.8515196,1.526714,1.212748,0.9218928,0.703182,0.5425964,0.4226672,0.2948224,0.1980132
4.34384384384384E-6,0.2547868,0.3934728,0.6380748,0.9236436,1.2182144,1.4125764,1.6937036,1.8095892,1.9105568,2.0166328,2.1812232,2.407138,2.6889936,2.975248,3.2409188,3.4856272,3.7052528,3.9446092,4.1247244,4.26382,4.3937532,4.3783164,4.2947612,4.1625228,3.979784,3.751938,3.5115748,3.2569864,3.0120304,2.756804,2.4778452,2.1648372,1.8484816,1.5242,1.2107908,0.9204028,0.702036,0.5417232,0.4220284,0.2943932,0.197748
4.35235235235235E-6,0.2425412,0.3737908,0.6113912,0.895082,1.1927852,1.390918,1.6786804,1.8005192,1.9048216,2.0117816,2.1763308,2.4023048,2.684086,2.970472,3.2362536,3.4810784,3.700512,3.9399936,4.1195228,4.2586,4.3880792,4.371762,4.288046,4.1558424,3.9729392,3.7455228,3.5058852,3.2513996,3.0068564,2.752068,2.4734588,2.1611048,1.845428,1.5216732,1.208824,0.9189052,0.7008836,0.5408452,0.421386,0.2939612,0.1974812
4.36086086086086E-6,0.2306528,0.354612,0.5850892,0.8665204,1.1670164,1.36895,1.6631628,1.791074,1.8988876,2.0068552,2.1713888,2.3974528,2.6791568,2.9656696,3.231558,3.4764956,3.695736,3.9353396,4.1142828,4.25334,4.3823644,4.3651692,4.2812944,4.1491268,3.9660632,3.739078,3.5001684,3.245788,3.0016592,2.74731,2.4690532,2.1573552,1.8423588,1.519134,1.2068468,0.9174,0.6997256,0.5399632,0.4207404,0.2935272,0.1972128
4.36936936936937E-6,0.2191244,0.3359564,0.559204,0.8380048,1.1409428,1.3466952,1.6471536,1.7812408,1.892742,2.0018468,2.1663928,2.3925804,2.6742048,2.9608404,3.226832,3.4718792,3.6909256,3.9306488,4.1090068,4.248042,4.3766112,4.35854,4.2745072,4.142376,3.9591552,3.7326028,3.4944232,3.2401512,2.9964392,2.7425308,2.4646288,2.1535892,1.8392752,1.5165824,1.2048596,0.9158872,0.6985616,0.5390764,0.4200912,0.2930908,0.1969428
4.37787787787788E-6,0.2079568,0.3178412,0.5337684,0.80958,1.1146,1.3241788,1.6306596,1.7710112,1.8863768,1.996754,2.1613416,2.3876884,2.6692304,2.955984,3.2220748,3.4672284,3.68608,3.92592,4.1036936,4.2427052,4.3708188,4.3518744,4.2676856,4.1355916,3.9522172,3.7260992,3.4886508,3.2344896,2.9911964,2.7377304,2.4601856,2.1498064,1.8361764,1.514018,1.202862,0.9143664,0.6973916,0.5381848,0.419438,0.2926512,0.1966704
4.38638638638639E-6,0.1971516,0.3002828,0.5088152,0.7812924,1.0880264,1.301426,1.6136876,1.7603752,1.8797804,1.9915704,2.1562316,2.3827764,2.664234,2.9511016,3.2172884,3.4625448,3.6812012,3.9211552,4.0983448,4.2373304,4.3649884,4.3451732,4.2608296,4.1287736,3.94525,3.7195676,3.4828524,3.2288052,2.9859324,2.7329096,2.4557244,2.1460076,1.8330628,1.5114416,1.2008544,0.9128376,0.6962152,0.5372884,0.4187808,0.2922088,0.1963964
4.39489489489489E-6,0.1867076,0.2832924,0.4843728,0.7531832,1.0612572,1.2784592,1.5962452,1.7493232,1.872942,1.9862908,2.1510604,2.3778444,2.6592156,2.9461928,3.212472,3.457828,3.6762888,3.916354,4.0929604,4.2319188,4.3591204,4.3384372,4.2539404,4.1219232,3.9382532,3.7130084,3.4770276,3.2230968,2.9806464,2.7280684,2.4512448,2.1421928,1.8299348,1.5088532,1.1988372,0.911302,0.695034,0.5363884,0.4181208,0.2917644,0.1961208
4.4034034034034E-6,0.176624,0.2668812,0.4604704,0.7252964,1.0343312,1.2553044,1.5783428,1.7378472,1.86585,1.9809084,2.1458228,2.3728908,2.6541736,2.9412568,3.2076256,3.4530784,3.6713436,3.911518,4.087542,4.2264708,4.353216,4.3316672,4.2470184,4.1150404,3.931228,3.7064224,3.4711776,3.2173664,2.97534,2.723208,2.4467476,2.1383624,1.8267924,1.5062528,1.19681,0.9097588,0.6938468,0.5354836,0.4174572,0.2913176,0.1958436
4.41191191191191E-6,0.1668992,0.251058,0.4371344,0.6976728,1.007286,1.2319856,1.5599908,1.7259404,1.8584944,1.9754184,2.1405172,2.3679172,2.64911,2.9362956,3.2027508,3.4482964,3.666366,3.9066464,4.082088,4.2209852,4.347274,4.3248628,4.2400636,4.1081264,3.9241756,3.6998104,3.4653024,3.2116136,2.9700128,2.718328,2.4422336,2.1345168,1.823636,1.5036408,1.1947736,0.9082084,0.6926544,0.5345752,0.4167904,0.290868,0.1955644
4.42042042042042E-6,0.1575308,0.2358288,0.41439,0.6703536,0.9801612,1.208528,1.5412024,1.713596,1.8508632,1.9698136,2.1351388,2.362922,2.6440236,2.931308,3.1978464,3.443482,3.661356,3.90174,4.0766004,4.2154644,4.3412964,4.318026,4.2330776,4.1011816,3.917096,3.6931728,3.4594032,3.2058396,2.964666,2.7134292,2.4377024,2.130656,1.820466,1.5010176,1.192728,0.9066516,0.6914572,0.5336628,0.4161208,0.2904168,0.195284
4.42892892892893E-6,0.1485152,0.2211964,0.392258,0.6433752,0.9529928,1.1849536,1.5219896,1.7008084,1.842946,1.964088,2.1296852,2.3579068,2.6389156,2.9262948,3.1929132,3.4386356,3.656314,3.8967992,4.0710792,4.2099084,4.3352828,4.311156,4.2260596,4.0942052,3.909988,3.6865084,3.4534784,3.2000428,2.9592984,2.7085108,2.4331544,2.1267804,1.8172828,1.4983832,1.1906736,0.9050876,0.6902544,0.532746,0.415448,0.2899632,0.195002
4.43743743743744E-6,0.1398492,0.2071636,0.37076,0.6167764,0.9258208,1.1612884,1.5023688,1.6875744,1.8347316,1.958234,2.1241508,2.3528692,2.6337848,2.921256,3.1879512,3.4337572,3.6512408,3.8918248,4.0655248,4.2043172,4.3292344,4.304254,4.2190108,4.0871988,3.9028544,3.6798196,3.4475308,3.194226,2.9539124,2.7035748,2.4285904,2.12289,1.814086,1.4957376,1.1886096,0.9035164,0.6890464,0.5318252,0.4147716,0.2895072,0.1947184
4.44594594594595E-6,0.1315288,0.1937296,0.3499136,0.5905912,0.8986808,1.1375532,1.4823536,1.6738896,1.8262092,1.9522452,2.1185332,2.3478108,2.6286324,2.916192,3.1829604,3.4288468,3.6461364,3.8868164,4.0599372,4.1986912,4.3231508,4.2973196,4.2119312,4.0801628,3.8956948,3.673106,3.4415592,3.1883876,2.9485064,2.69862,2.4240104,2.118986,1.8108772,1.493082,1.186538,0.9019392,0.6878332,0.5309004,0.414092,0.2890484,0.1944328
4.45445445445445E-6,0.1235492,0.180892,0.3297352,0.5648544,0.8716116,1.1137728,1.4619624,1.6597532,1.8173692,1.9461144,2.1128276,2.34273,2.6234572,2.9111016,3.1779404,3.4239048,3.641002,3.8817752,4.0543176,4.1930316,4.3170332,4.290354,4.204822,4.0730976,3.8885092,3.666368,3.4355648,3.1825292,2.943082,2.6936476,2.4194144,2.1150676,1.8076552,1.4904156,1.1844576,0.9003556,0.6866152,0.5299716,0.4134096,0.288588,0.194146
4.46296296296296E-6,0.1159056,0.1686464,0.3102376,0.539596,0.8446484,1.0899684,1.4412112,1.6451636,1.8081996,1.9398316,2.107028,2.337626,2.6182592,2.9059856,3.1728924,3.4189316,3.635838,3.876702,4.0486668,4.1873388,4.3108824,4.283358,4.1976836,4.066004,3.8812992,3.6596064,3.4295476,3.1766504,2.9376392,2.688658,2.4148036,2.111136,1.8044208,1.4877384,1.182368,0.8987648,0.6853916,0.5290388,0.4127236,0.2881248,0.1938572
4.47147147147147E-6,0.1085924,0.1569864,0.291432,0.514846,0.8178264,1.066162,1.4201188,1.6301216,1.7986904,1.9333896,2.1011304,2.3324984,2.613038,2.900844,3.1678156,3.4139264,3.6306436,3.871596,4.042984,4.1816124,4.3046984,4.2763324,4.1905172,4.0588836,3.8740656,3.6528228,3.4235092,3.1707532,2.9321788,2.683652,2.4101776,2.1071908,1.801174,1.4850516,1.1802708,0.8971688,0.6841644,0.5281032,0.4120352,0.28766,0.1935672
4.47997997997998E-6,0.1016044,0.1459044,0.2733272,0.4906316,0.79118,1.042374,1.3987032,1.6146284,1.788832,1.9267796,2.0951292,2.3273464,2.6077936,2.895676,3.1627104,3.4088904,3.6254204,3.866458,4.03727,4.1758528,4.2984812,4.2692764,4.183322,4.0517352,3.8668076,3.6460156,3.417448,3.164836,2.9267004,2.6786292,2.4055372,2.1032332,1.7979156,1.4823548,1.1781652,0.895566,0.6829316,0.5271632,0.4113436,0.2871928,0.1932756
4.48848848848849E-6,0.094936,0.1353916,0.2559304,0.4669784,0.7647432,1.0186252,1.376984,1.5986872,1.7786148,1.9199928,2.08902,2.3221696,2.6025264,2.8904832,3.157578,3.403824,3.6201692,3.8612892,4.031526,4.1700616,4.2922324,4.2621924,4.1761,4.0445604,3.8595268,3.6391868,3.411366,3.1589008,2.9212056,2.6735908,2.4008828,2.0992624,1.7946448,1.4796476,1.1760508,0.8939568,0.6816944,0.52622,0.4106492,0.2867236,0.1929824
4.496996996997E-6,0.08858,0.1254356,0.2392436,0.443908,0.7385468,0.9949344,1.35498,1.582302,1.7680292,1.9130188,2.082796,2.3169664,2.5972348,2.885264,3.1524172,3.3987264,3.6148892,3.8560892,4.025752,4.1642384,4.2859516,4.2550796,4.1688508,4.0373596,3.8522236,3.6323368,3.4052636,3.1529476,2.915694,2.6685368,2.3962148,2.0952796,1.7913632,1.4769316,1.1739292,0.892342,0.6804528,0.5252732,0.4099516,0.286252,0.1926876
4.50550550550551E-6,0.0825304,0.1160252,0.2232692,0.4214416,0.7126216,0.9713204,1.3327108,1.5654784,1.757068,1.90585,2.0764536,2.3117368,2.5919192,2.8800188,3.147228,3.3935972,3.6095812,3.8508588,4.0199484,4.158384,4.27964,4.2479388,4.1615748,4.0301328,3.844898,3.6254652,3.3991404,3.1469764,2.9101656,2.6634664,2.3915328,2.0912844,1.7880704,1.4742064,1.1718004,0.8907216,0.6792072,0.5243236,0.409252,0.2857792,0.192392
4.51401401401401E-6,0.0767804,0.1071464,0.208006,0.3995972,0.6869972,0.9478016,1.3101972,1.548224,1.7457244,1.8984772,2.0699864,2.3064792,2.5865788,2.8747468,3.1420104,3.3884372,3.604246,3.8455984,4.0141156,4.1524984,4.2732976,4.2407704,4.1542728,4.0228808,3.8375508,3.6185728,3.3929972,3.1409876,2.9046212,2.6583812,2.386838,2.087278,1.7847672,1.4714724,1.1696644,0.8890956,0.6779572,0.5233704,0.4085496,0.285304,0.1920948
4.52252252252252E-6,0.0713236,0.0987856,0.1934516,0.3783916,0.6617016,0.9243948,1.287458,1.530546,1.7339904,1.8908896,2.0633888,2.3011924,2.5812124,2.8694476,3.1367636,3.3832456,3.5988836,3.8403088,4.0082548,4.1465836,4.2669252,4.2335756,4.146946,4.0156048,3.8301828,3.6116612,3.3868352,3.134982,2.8990608,2.6532804,2.3821292,2.0832588,1.7814524,1.4687292,1.1675212,0.8874644,0.6767032,0.522414,0.4078444,0.2848268,0.191796
4.53103103103103E-6,0.066152,0.0909264,0.1796,0.3578388,0.6367616,0.9011184,1.2645144,1.5124544,1.72186,1.8830772,2.0566532,2.295874,2.5758188,2.86412,3.1314872,3.378022,3.593494,3.8349892,4.0023652,4.140638,4.2605228,4.226354,4.139594,4.0083044,3.822794,3.6047292,3.3806536,3.1289596,2.8934852,2.6481652,2.3774084,2.0792292,1.778128,1.465978,1.1653716,0.885828,0.6754452,0.5214544,0.4071368,0.284348,0.1914964
4.53953953953954E-6,0.061258,0.0835524,0.1664432,0.3379488,0.6122008,0.8779864,1.2413852,1.4939592,1.7093284,1.8750312,2.049776,2.2905244,2.5703988,2.8587652,3.126182,3.3727668,3.588078,3.8296408,3.996448,4.1346632,4.2540916,4.2191068,4.1322176,4.00098,3.8153848,3.5977776,3.3744528,3.1229204,2.8878944,2.6430356,2.3726748,2.075188,1.7747928,1.4632176,1.163214,0.8841856,0.6741828,0.5204916,0.4064264,0.2838672,0.1911952
4.54804804804805E-6,0.0566348,0.0766472,0.1539728,0.3187332,0.5880444,0.8550156,1.2180912,1.4750724,1.6963912,1.8667412,2.0427496,2.2851412,2.5649508,2.853382,3.1208472,3.3674804,3.582636,3.824264,3.9905032,4.1286592,4.2476308,4.211834,4.1248172,3.9936328,3.807956,3.590808,3.3682344,3.1168664,2.8822896,2.6378932,2.3679296,2.0711364,1.7714472,1.4604488,1.1610492,0.882538,0.672916,0.5195256,0.4057132,0.2833844,0.1908924
4.55655655655656E-6,0.0522744,0.0701936,0.1421772,0.300198,0.5643128,0.8322196,1.1946504,1.455806,1.6830444,1.8581964,2.035568,2.279722,2.5594732,2.8479692,3.1154824,3.3621616,3.5771684,3.8188588,3.9845316,4.1226268,4.241142,4.2045368,4.1173936,3.9862628,3.8005084,3.58382,3.3619976,3.1107968,2.8766708,2.6327368,2.3631724,2.067074,1.7680916,1.4576716,1.1588776,0.8808852,0.6716452,0.5185564,0.4049976,0.2829,0.1905884
4.56506506506506E-6,0.0481684,0.0641728,0.1310424,0.2823472,0.5410264,0.8096132,1.1710832,1.4361744,1.6692868,1.8493884,2.0282252,2.2742656,2.5539656,2.8425268,3.1100872,3.35681,3.5716748,3.8134256,3.9785332,4.1165656,4.2346256,4.1972152,4.1099468,3.9788704,3.793042,3.5768136,3.3557432,3.104712,2.871038,2.6275676,2.3584044,2.063002,1.7647272,1.4548872,1.1567,0.879228,0.6703712,0.5175848,0.40428,0.282414,0.1902832
4.57357357357357E-6,0.0443088,0.0585668,0.1205536,0.265184,0.5182036,0.7872084,1.1474072,1.416192,1.6551176,1.8403076,2.0207168,2.2687712,2.5484276,2.8370544,3.104662,3.3514264,3.5661568,3.8079652,3.9725084,4.1104764,4.2280808,4.1898692,4.1024772,3.9714564,3.7855572,3.5697904,3.349472,3.0986128,2.865392,2.622386,2.3536248,2.0589192,1.7613528,1.4520944,1.1545152,0.8775656,0.6690936,0.5166108,0.4035604,0.2819268,0.1899772
4.58208208208208E-6,0.04068760492,0.05335760492,0.11069520492,0.2487104,0.4958628,0.76502,1.1236424,1.3958748,1.640536,1.830944,2.0130348,2.2632348,2.5428564,2.83155,3.0992044,3.3460088,3.5606136,3.8024776,3.966458,4.1043604,4.2215096,4.1825004,4.0949864,3.964022,3.7780552,3.5627508,3.3431848,3.0925,2.8597332,2.617192,2.3488348,2.0548268,1.7579692,1.4492936,1.1523244,0.875898,0.6678116,0.5156328,0.4028376,0.2814368,0.1896692
4.59059059059059E-6,0.03729586376,0.04852586376,0.10144826376,0.2329232,0.4740176,0.7430584,1.099806,1.3752392,1.625544,1.8212892,2.0051748,2.2576548,2.5372512,2.8260132,3.0937152,3.3405576,3.5550464,3.7969636,3.9603824,4.0982172,4.2149116,4.175108,4.0874732,3.9565656,3.7705348,3.5556936,3.3368804,3.0863724,2.8540612,2.6119852,2.3440336,2.0507244,1.7545768,1.446486,1.1501284,0.8742268,0.6665272,0.5146528,0.4021132,0.2809456,0.1893604
4.5990990990991E-6,0.03412472224,0.04405272224,0.09279352224,0.2178192,0.4526828,0.721336,1.0759156,1.3543016,1.6101432,1.8113336,1.9971292,2.252028,2.5316104,2.8204428,3.0881928,3.335072,3.5494548,3.7914228,3.9542816,4.0920476,4.2082876,4.1676932,4.0799396,3.94909,3.762998,3.5486208,3.3305608,3.0802316,2.8483768,2.6067672,2.3392228,2.0466132,1.751176,1.4436712,1.147926,0.8725508,0.6652392,0.5136704,0.4013864,0.2804528,0.1890504
4.60760760760761E-6,0.03116554012,0.03991994012,0.08471114012,0.203394,0.4318708,0.6998636,1.0519884,1.3330804,1.5943376,1.8010696,1.9888944,2.2463532,2.5259336,2.8148392,3.082638,3.3295528,3.5438404,3.7858564,3.948156,4.0858516,4.2016372,4.160256,4.0723852,3.9415944,3.7554448,3.5415324,3.3242256,3.074078,2.8426808,2.601538,2.334402,2.0424928,1.7477664,1.4408488,1.1457172,0.87087,0.6639476,0.5126848,0.4006572,0.2799584,0.1887392
4.61611611611612E-6,0.02840911848,0.03610871848,0.07717911848,0.1896396,0.4115924,0.6786524,1.028042,1.3115948,1.5781324,1.7904892,1.9804636,2.2406256,2.5202168,2.8091984,3.0770476,3.3239968,3.5382016,3.7802644,3.9420072,4.0796308,4.1949628,4.152798,4.0648108,3.9340792,3.7478752,3.534428,3.3178744,3.0679108,2.836972,2.5962968,2.3295712,2.0383636,1.7443484,1.43802,1.1435032,0.8691852,0.6626528,0.5116964,0.3999256,0.279462,0.1884264
4.62462462462462E-6,0.02584731872,0.03260171872,0.07017651872,0.1765476,0.3918572,0.657712,1.004092,1.2898636,1.5615344,1.7795856,1.9718328,2.2348432,2.5144592,2.8035208,3.0714224,3.3184048,3.5325404,3.7746476,3.9358348,4.0733848,4.1882636,4.1453188,4.0572164,3.9265448,3.74029,3.5273084,3.311508,3.0617308,2.8312516,2.5910444,2.3247308,2.034226,1.7409224,1.4351848,1.141284,0.8674968,0.6613552,0.5107064,0.3991924,0.2789644,0.1881128
4.63313313313313E-6,0.02347084404,0.02938044404,0.06367964404,0.1641068,0.3726724,0.6370512,0.9801536,1.2679052,1.54455,1.7683512,1.962996,2.229002,2.5086584,2.7978044,3.0657604,3.3127752,3.526856,3.7690052,3.9296384,4.067114,4.1815404,4.1378196,4.049604,3.9189932,3.7326904,3.5201748,3.3051276,3.0555392,2.8255204,2.585782,2.3198824,2.0300808,1.7374888,1.4323428,1.1390588,0.8658032,0.6600536,0.5097132,0.3984568,0.2784652,0.187798
4.64164164164164E-6,0.02127140484,0.02642860484,0.05766740484,0.1523076,0.3540472,0.6166804,0.956244,1.2457408,1.5271888,1.7567812,1.9539504,2.2230992,2.5028124,2.792048,3.0600612,3.307108,3.5211496,3.7633392,3.9234196,4.0608188,4.1747932,4.1303,4.0419724,3.9114232,3.725076,3.5130268,3.2987328,3.0493352,2.8197776,2.5805084,2.315024,2.0259264,1.7340468,1.429494,1.136828,0.8641056,0.6587492,0.5087176,0.3977196,0.2779648,0.1874824
4.65015015015015E-6,0.01923961672,0.02372841672,0.05211481672,0.1411348,0.3359848,0.5966072,0.9323772,1.2233904,1.5094608,1.7448704,1.9446912,2.2171304,2.496918,2.7862488,3.0543224,3.3014,3.5154196,3.7576476,3.9171772,4.0544988,4.1680224,4.1227612,4.0343228,3.9038364,3.717448,3.5058656,3.2923244,3.04312,2.8140244,2.5752248,2.3101576,2.0217644,1.7305976,1.4266392,1.1345924,0.862404,0.6574416,0.5077196,0.3969804,0.2774628,0.1871656
4.65865865865866E-6,0.0173669864,0.0212637864,0.0469993864,0.1305744,0.3184896,0.57684,0.9085684,1.2008736,1.4913768,1.732614,1.935214,2.2110912,2.4909732,2.780406,3.0485436,3.295652,3.509668,3.751932,3.9109124,4.0481552,4.1612284,4.1152028,4.0266556,3.8962328,3.7098064,3.4986916,3.2859032,3.036894,2.8082616,2.569932,2.3052832,2.0175952,1.7271416,1.4237784,1.132352,0.8606988,0.6561316,0.50672,0.3962396,0.2769596,0.186848
4.66716716716717E-6,0.015644699176,0.019018699176,0.042297499176,0.1206108,0.3015644,0.557386,0.8848316,1.1782104,1.4729488,1.7200084,1.9255152,2.2049772,2.4849748,2.7745168,3.0427232,3.2898628,3.5038944,3.7461928,3.9046256,4.041788,4.1544112,4.1076252,4.0189708,3.8886124,3.7021512,3.4915048,3.2794692,3.0306572,2.8024884,2.5646296,2.3004004,2.013418,1.723678,1.420912,1.1301064,0.85899,0.6548192,0.5057184,0.3954972,0.2764556,0.1865296
4.67567567567568E-6,0.01406400772,0.01697760772,0.03798560772,0.1112272,0.2852112,0.5382528,0.861182,1.1554232,1.4541912,1.7070524,1.9155932,2.198784,2.4789192,2.7685788,3.0368588,3.28403,3.4980988,3.74043,3.8983172,4.0353976,4.1475716,4.1000292,4.0112688,3.8809756,3.6944832,3.4843056,3.273022,3.0244096,2.7967056,2.5593176,2.2955088,2.0092332,1.7202072,1.4180396,1.127856,0.8572776,0.6535036,0.504714,0.394752,0.2759492,0.1862096
4.68418418418418E-6,0.012616222196,0.015125422196,0.034039822196,0.1024048,0.2694292,0.5194472,0.8376336,1.1325328,1.43512,1.6937452,1.9054456,2.1925072,2.472804,2.7625896,3.0309488,3.278152,3.4922808,3.7346432,3.8919872,4.0289844,4.14071,4.0924152,4.00355,3.8733228,3.6868024,3.477094,3.2665624,3.0181524,2.790914,2.5539976,2.2906108,2.0050424,1.71673,1.415162,1.1256012,0.8555616,0.6521852,0.5037076,0.3940048,0.2754412,0.1858884
4.69269269269269E-6,0.011293901732,0.013449101732,0.030439101732,0.0941268,0.2542184,0.5009756,0.8142004,1.1095588,1.4157492,1.6800852,1.8950688,2.1861396,2.4666244,2.7565464,3.024992,3.2722288,3.4864424,3.7288348,3.8856376,4.02255,4.1338276,4.084784,3.9958156,3.8656548,3.6791096,3.4698708,3.2600908,3.0118848,2.7851132,2.5486688,2.2857052,2.0008448,1.7132464,1.4122788,1.1233416,0.8538424,0.6508644,0.5026996,0.3932564,0.2749324,0.1855664
4.7012012012012E-6,0.010088446916,0.011934846916,0.027160446916,0.0863731999999999,0.2395768,0.4828436,0.7908956,1.0865224,1.3960964,1.6660748,1.8844632,2.1796772,2.4603776,2.7504472,3.0189856,3.2662572,3.480582,3.7230028,3.8792664,4.0160932,4.1269236,4.0771352,3.9880652,3.8579716,3.6714048,3.462636,3.2536076,3.005608,2.7793036,2.5433312,2.280792,1.99664,1.7097556,1.40939,1.1210772,0.8521196,0.6495408,0.5016892,0.392506,0.2744224,0.1852436
4.70970970970971E-6,0.008992093192,0.010569693192,0.024181693192,0.079124,0.2255008,0.4650564,0.7677332,1.0634448,1.37618,1.6517168,1.8736284,2.1731136,2.4540592,2.7442884,3.0129272,3.2602356,3.4747008,3.7171488,3.8728752,4.0096152,4.1199992,4.0694704,3.9803,3.8502744,3.6636892,3.4553904,3.2471128,2.999322,2.773486,2.537986,2.2758728,1.9924296,1.7062592,1.406496,1.1188088,0.8503936,0.6482148,0.5006772,0.3917548,0.2739116,0.1849204
4.71821821821822E-6,0.00799734501599999,0.009341745016,0.021482545016,0.07235983964,0.2119868,0.4476196,0.7447272,1.040346,1.3560176,1.6370132,1.8625632,2.1664424,2.4476656,2.7380676,3.0068156,3.2541624,3.4687984,3.711272,3.866464,4.003116,4.1130548,4.0617896,3.9725204,3.8425636,3.6559628,3.4481344,3.2406076,2.9930276,2.7676604,2.5326336,2.2709476,1.9882132,1.7027568,1.4035972,1.1165364,0.8486648,0.6468868,0.4996636,0.391002,0.2733996,0.184596
4.72672672672673E-6,0.007097160608,0.008239960608,0.019042760608,0.06606018784,0.1990292,0.4305372,0.7218904,1.0172464,1.3356288,1.6219692,1.851268,2.1596568,2.4411908,2.7317804,3.0006476,3.2480356,3.4628752,3.7053736,3.8600332,3.996596,4.10609,4.0540924,3.964726,3.8348392,3.648226,3.4408688,3.234092,2.9867244,2.7618264,2.5272728,2.2660152,1.9839904,1.6992484,1.4006932,1.1142596,0.8469324,0.645556,0.498648,0.390248,0.2728868,0.1842712
4.73523523523524E-6,0.006284098716,0.007252898716,0.016842098716,0.06020369364,0.186622,0.4138136,0.6992368,0.9941668,1.3150344,1.6065916,1.8397448,2.1527504,2.4346308,2.725424,2.9944204,3.2418524,3.4569312,3.6994532,3.8535828,3.9900552,4.0991052,4.0463792,3.9569168,3.8271008,3.6404784,3.4335928,3.227566,2.9804136,2.7559852,2.5219052,2.2610772,1.979762,1.6957344,1.3977852,1.1119796,0.8451976,0.6442236,0.4976308,0.389492,0.2723724,0.1839452
4.74374374374374E-6,0.005551773236,0.006370573236,0.014862173236,0.05477004432,0.174758,0.397452,0.67678,0.9711268,1.2942548,1.5908868,1.8279944,2.1457152,2.4279796,2.7189932,2.9881308,3.2356108,3.4509664,3.6935116,3.847114,3.9834948,4.0921016,4.0386516,3.9490944,3.81935,3.6327212,3.4263068,3.2210292,2.974094,2.750136,2.5165304,2.256134,1.9755288,1.6922156,1.3948728,1.1096956,0.8434592,0.642888,0.4966108,0.3887336,0.271856,0.1836176
4.75225225225225E-6,0.0048940728332,0.0055840728332,0.0130856728332,0.04973878796,0.16343,0.3814568,0.6545344,0.9481468,1.2733116,1.5748632,1.8160188,2.138544,2.4212324,2.7124852,2.9817764,3.229308,3.44498,3.6875472,3.8406252,3.9769136,4.085078,4.0309084,3.9412584,3.8115864,3.6249544,3.419012,3.2144828,2.9677668,2.7442796,2.5111484,2.2511844,1.97129,1.6886912,1.391956,1.107408,0.8417184,0.6415504,0.4955892,0.3879736,0.2713384,0.1832888
4.76076076076076E-6,0.0043045385288,0.0048845385288,0.0114957385288,0.04508911352,0.1526292,0.3658312,0.632514,0.9252464,1.2522276,1.5585316,1.8038212,2.1312284,2.4143828,2.7058944,2.9753532,3.2229412,3.4389728,3.681562,3.8341184,3.9703136,4.0780364,4.0231512,3.93341,3.8038112,3.6171788,3.4117084,3.2079272,2.961432,2.7384164,2.50576,2.2462296,1.967046,1.6851616,1.3890348,1.1051164,0.8399744,0.6402108,0.4945664,0.3872128,0.2708204,0.18296
4.76926926926927E-6,0.0037773893144,0.0042637893144,0.0100761893144,0.04080087852,0.1423456,0.3505772,0.610732,0.9024444,1.2310236,1.5419024,1.7914048,2.1237596,2.4074248,2.6992168,2.9688576,3.2165068,3.4329444,3.6755552,3.8275932,3.9636944,4.0709768,4.01538,3.9255488,3.7960236,3.609394,3.4043956,3.201362,2.95509,2.7325472,2.500366,2.2412704,1.9627976,1.6816276,1.38611,1.1028216,0.8382284,0.63887,0.4935424,0.3864504,0.2703012,0.18263
4.77777777777778E-6,0.003307184804,0.003713984804,0.008811984804,0.03685347344,0.1325692,0.3356968,0.5892024,0.8797596,1.2097224,1.5249868,1.7787728,2.1161292,2.400352,2.6924472,2.9622864,3.2100028,3.4268944,3.6695268,3.8210496,3.9570564,4.0638992,4.0075956,3.917676,3.7882252,3.6016008,3.3970748,3.194788,2.9487412,2.7266716,2.494966,2.236306,1.9585444,1.6780884,1.3831812,1.1005232,0.8364796,0.6375268,0.4925168,0.3856868,0.2697812,0.1822996
4.78628628628629E-6,0.0028889787356,0.0032281787356,0.0076885787356,0.03322717664,0.1232888,0.321192,0.5679396,0.8572116,1.1883472,1.5077988,1.76593,2.108328,2.3931576,2.6855808,2.9556356,3.2034252,3.4208232,3.6634772,3.814488,3.9503996,4.056804,3.9997976,3.9097912,3.7804156,3.5938,3.3897468,3.188206,2.942386,2.72079,2.4895596,2.231336,1.954286,1.6745444,1.3802484,1.098222,0.8347292,0.6361828,0.4914904,0.3849228,0.2692608,0.1819688
4.79479479479479E-6,0.0025175067632,0.0027997645632,0.0066929645632,0.02990220116,0.1144918578,0.3070634578,0.5469564,0.8348168,1.1669192,1.4903512,1.75288,2.1003452,2.3858336,2.6786108,2.9489004,3.1967704,3.4147304,3.6574064,3.8079092,3.9437248,4.049692,3.9919872,3.9018952,3.7725956,3.5859916,3.3824112,3.181616,2.9360252,2.7149036,2.4841492,2.2263632,1.9500244,1.6709968,1.3773124,1.0959172,0.8329756,0.6348364,0.490462,0.3841568,0.2687392,0.1816372
4.8033033033033E-6,0.0021887755324,0.0024231052924,0.0058127052924,0.02686012552,0.10616712976,0.29331272976,0.5262676,0.8125948,1.145462,1.47266,1.7396292,2.0921724,2.3783732,2.6715332,2.9420776,3.1900356,3.408616,3.6513148,3.8013128,3.9370316,4.0425628,3.9841644,3.8939876,3.7647652,3.578176,3.375068,3.1750172,2.929658,2.7090108,2.478732,2.2213852,1.9457584,1.6674448,1.3743732,1.0936104,0.8312204,0.6334888,0.4894324,0.3833896,0.2682164,0.1813048
4.81181181181181E-6,0.0018984529508,0.0020921573108,0.0050361573108,0.024081718356,0.09830090436,0.27993930436,0.505886,0.7905608,1.123996,1.4547384,1.7261808,2.083798,2.3707676,2.6643408,2.9351616,3.1832164,3.4024796,3.645202,3.7946996,3.9303216,4.0354176,3.9763304,3.8860708,3.7569256,3.570354,3.3677188,3.1684116,2.9232856,2.7031136,2.4733104,2.2164036,1.9414884,1.6638884,1.3714304,1.0913004,0.8294628,0.6321388,0.4884012,0.3826208,0.2676924,0.1809712
4.82032032032032E-6,0.00164265957412,0.00180236317412,0.00435276317412,0.02154963186,0.0908797036,0.2669441036,0.4858264,0.7687336,1.1025452,1.4366052,1.7125416,2.0752116,2.3630084,2.6570264,2.9281468,3.176308,3.3963204,3.6390676,3.7880696,3.9235944,4.0282564,3.9684844,3.8781432,3.749076,3.5625252,3.3603628,3.1617984,2.9169076,2.6972112,2.4678836,2.211418,1.9372148,1.6603284,1.3684844,1.088988,0.8277032,0.6307876,0.4873688,0.3818512,0.2671676,0.1806372
4.82882882882883E-6,0.00141796115748,0.00154946707748,0.00375346707748,0.01924721778,0.08389030592,0.25432710592,0.4661024,0.7471288,1.08113,1.4182756,1.6987168,2.066402,2.3550868,2.6495844,2.9210304,3.169308,3.3901392,3.6329128,3.7814232,3.91685,4.0210792,3.9606272,3.870206,3.741218,3.5546904,3.3530008,3.1551784,2.9105248,2.6913044,2.4624532,2.2064296,1.932938,1.6567644,1.3655348,1.086672,0.8259408,0.629434,0.4863348,0.38108,0.2666416,0.180302
4.83733733733734E-6,0.001220961881,0.001328870521,0.003228870521,0.017157883516,0.07731870864,0.24208790864,0.4467284,0.7257632,1.0597728,1.3997684,1.6847132,2.0573588,2.3469944,2.642008,2.913806,3.1622112,3.3839348,3.6267368,3.77476,3.9100892,4.0138868,3.9527592,3.8622596,3.7333516,3.54685,3.3456332,3.1485516,2.9041368,2.6853924,2.4570172,2.2014364,1.9286572,1.6531964,1.3625824,1.084354,0.8241772,0.6280796,0.4853,0.380308,0.2661148,0.1799664
4.84584584584585E-6,0.00104869864052,0.00113700364052,0.00277100364052,0.015265663796,0.071149105,0.230224305,0.4277156,0.7046496,1.0384916,1.3810992,1.6705344,2.048068,2.33872,2.634288,2.9064668,3.1550124,3.3777068,3.6205392,3.7680804,3.9033116,4.0066784,3.94488,3.8543036,3.725476,3.5390036,3.33826,3.1419184,2.8977444,2.6794768,2.4515784,2.1964416,1.924374,1.6496256,1.3596276,1.0820332,0.8224116,0.626724,0.4842644,0.3795352,0.2655876,0.17963
4.85435435435435E-6,8.9863609032E-4,9.7070237032E-4,0.00237230237032,0.013555398116,0.06536726628,0.21873566628,0.4090788,0.6838056,1.0173096,1.3622888,1.6561896,2.0385204,2.330256,2.6264188,2.8990088,3.1477076,3.3714544,3.6143196,3.7613836,3.8965168,3.9994544,3.93699,3.846338,3.7175924,3.531152,3.3308816,3.1352792,2.891348,2.6735572,2.4461356,2.1914432,1.9200876,1.6460516,1.35667,1.0797104,0.8206448,0.6253676,0.4832276,0.3787616,0.2650596,0.1792932
4.86286286286286E-6,7.68262229719999E-4,8.2691590972E-4,0.00202651590972,0.012013638428,0.05995905368,0.20762065368,0.39083,0.6632432,0.9962436,1.3433524,1.6416828,2.0287024,2.3215912,2.6183916,2.8914256,3.1402916,3.3651776,3.6080784,3.7546708,3.8897064,3.9922164,3.9290908,3.8383652,3.709702,3.523296,3.3234984,3.128634,2.8849472,2.667634,2.4406896,2.1864428,1.9157992,1.6424748,1.35371,1.0773852,0.818876,0.6240096,0.48219,0.3779868,0.2645308,0.1789556
4.87137137137137E-6,6.5508471444E-4,7.0269207444E-4,0.00172669207444,0.010625834668,0.05490840736,0.19687680736,0.3729816,0.6429768,0.9753128,1.3243096,1.6270204,2.0186016,2.3127152,2.610198,2.8837096,3.1327584,3.3588748,3.6018144,3.7479412,3.88288,3.9849636,3.9211816,3.8303836,3.7018036,3.5154352,3.3161108,3.1219836,2.8785432,2.661708,2.4352404,2.18144,1.911508,1.6388948,1.3507476,1.0750576,0.8171052,0.62265,0.4811512,0.3772108,0.2640012,0.1786176
4.87987987987988E-6,5.5742765716E-4,5.9596373716E-4,0.00146796373716,0.009379921336,0.05020013608,0.18650173608,0.3555448,0.6230184,0.9545332,1.3051764,1.6122064,2.008204,2.3036152,2.6018284,2.8758548,3.1251032,3.3525456,3.595528,3.7411956,3.8760376,3.9776964,3.9132632,3.822394,3.6938976,3.5075696,3.308718,3.1153272,2.8721352,2.6557784,2.4297876,2.1764348,1.907214,1.6353116,1.3477824,1.072728,0.8153328,0.6212892,0.4801116,0.3764344,0.2634712,0.1782792
4.88838838838839E-6,4.7322889728E-4,5.0433712128E-4,0.00124473712128,0.0082631059,0.045818708224,0.176492308224,0.3385308,0.6033808,0.9339228,1.2859716,1.597248,1.9974988,2.294282,2.5932752,2.8678556,3.1173216,3.34619,3.5892192,3.7344344,3.8691804,3.970416,3.9053364,3.8143976,3.6859856,3.4997004,3.3013216,3.1086664,2.8657244,2.6498464,2.4243324,2.1714276,1.902918,1.631726,1.3448148,1.070396,0.8135584,0.6199264,0.47907,0.3756564,0.26294,0.17794
4.8968968968969E-6,4.00837682896E-4,4.25881218896E-4,0.001053481218896,0.0072654583008,0.041749843536,0.166846243536,0.3219504,0.5840736,0.9134948,1.2667104,1.5821484,1.9864708,2.2847024,2.584528,2.8597036,3.1094068,3.3398068,3.5828876,3.7276572,3.862308,3.963122,3.8974012,3.8063944,3.6780676,3.491828,3.2939216,3.1020004,2.85931,2.6439108,2.4188736,2.166418,1.8986192,1.6281372,1.3418452,1.0680624,0.8117828,0.6185632,0.4780284,0.374878,0.2624084,0.1776004
4.9054054054054E-6,3.38612728728E-4,3.58718884728E-4,8.89118884728E-4,0.0063751021136,0.037977306156,0.157559306156,0.3058128,0.5651084,0.8932644,1.24741,1.5669132,1.9751084,2.2748652,2.5755784,2.8513928,3.101354,3.3333952,3.5765332,3.7208644,3.8554208,3.9558144,3.8894576,3.7983836,3.6701428,3.4839516,3.2865176,3.0953292,2.8528924,2.637972,2.4134116,2.1614064,1.8943184,1.6245464,1.338874,1.0657272,0.810006,0.6171992,0.4769856,0.3740984,0.261876,0.17726
4.91391391391391E-6,2.85375547304E-4,3.01473603304E-4,7.48673603304E-4,0.0055826613684,0.034485753056,0.148626898056,0.290126,0.5464928,0.8732432,1.2280852,1.551546,1.9633972,2.2647572,2.5664148,2.8429144,3.0931564,3.3269536,3.5701548,3.7140556,3.8485184,3.9484932,3.881506,3.7903668,3.6622128,3.4760728,3.2791108,3.088654,2.846472,2.6320308,2.4079472,2.1563932,1.890016,1.620954,1.3359016,1.0633912,0.8082288,0.6158352,0.4759428,0.3733188,0.2613436,0.1769196
4.92242242242242E-6,2.39868425232E-4,2.52722145232E-4,6.28722145232E-4,0.0048787132472,0.03126058808,0.14004525372,0.2748988,0.5282368,0.8534448,1.2087528,1.5360528,1.9513264,2.2543688,2.55703,2.8342628,3.0848092,3.320482,3.563752,3.7072308,3.8416016,3.9411592,3.8735468,3.782344,3.6542776,3.4681916,3.271702,3.0819756,2.8400504,2.6260884,2.4024816,2.1513788,1.885712,1.6173592,1.3329272,1.0610532,0.8064504,0.61447,0.4748988,0.3725376,0.2608096,0.1765776
4.93093093093093E-6,2.01047195216E-4,2.11282363216E-4,5.26882363216E-4,0.004254875912,0.028287450888,0.131809835168,0.260138,0.5103468,0.8338784,1.1894248,1.5204348,1.9388812,2.2436852,2.547412,2.8254288,3.0763048,3.3139776,3.5573236,3.7003888,3.8346696,3.933812,3.86558,3.7743156,3.6463376,3.460308,3.2642904,3.0752928,2.833626,2.6201432,2.3970132,2.1463628,1.881406,1.6137616,1.3299508,1.0587136,0.8046708,0.6131044,0.4738552,0.3717568,0.260276,0.176236
4.93943943943944E-6,1.68134463964E-4,1.76262223964E-4,4.40194063964E-4,0.0037029894012,0.0255513988,0.1239156596,0.24584953184,0.4928304,0.8145536,1.1701148,1.5046948,1.9260488,2.2326936,2.53755,2.8164048,3.067638,3.3074396,3.5508696,3.6935312,3.8277236,3.926452,3.857606,3.7662812,3.638392,3.4524212,3.2568756,3.068606,2.8271996,2.6141968,2.391544,2.1413468,1.8771,1.6101636,1.3269736,1.0563728,0.8028904,0.611738,0.4728104,0.3709748,0.2597416,0.1758936
4.94794794794795E-6,1.40235931292E-4,1.46672523292E-4,3.66882883292E-4,0.0032156795236,0.023038271472,0.116356646952,0.23203781036,0.4756924,0.7954784,1.1508356,1.488836,1.9128168,2.2213816,2.527434,2.8071824,3.058802,3.3008664,3.5443884,3.686656,3.820762,3.9190788,3.8496248,3.7582416,3.6304424,3.4445336,3.24946,3.0619172,2.8207728,2.60825,2.386074,2.1363304,1.8727928,1.6065636,1.3239948,1.0540304,0.8011088,0.6103704,0.4717648,0.3701924,0.2592068,0.1755508
4.95645645645646E-6,1.1670021169E-4,1.2178355969E-4,3.0518839969E-4,0.0027867859864,0.020735119668,0.109128488188,0.21870740484,0.4589384,0.7766604,1.131598,1.47286,1.8991736,2.2097372,2.517054,2.7977548,3.0497916,3.2942576,3.5378804,3.6797648,3.8137872,3.9116944,3.841638,3.7501976,3.6224888,3.436644,3.242042,3.0552248,2.8143444,2.6023016,2.3806024,2.1313132,1.8684844,1.6029616,1.3210144,1.0516868,0.7993264,0.6090024,0.4707192,0.3694096,0.2586716,0.1752076
4.96496496496496E-6,9.6872729558E-5,1.00876341558E-4,2.53217261558E-4,0.00241001553344,0.018628058932,0.102223944532,0.20585994092,0.4425708,0.7581032,1.1124104,1.4567668,1.8851056,2.1977456,2.5063976,2.7881124,3.0405996,3.2876104,3.5313448,3.6728568,3.8067984,3.904298,3.8336452,3.7421488,3.6145316,3.4287532,3.2346224,3.0485296,2.8079148,2.596352,2.3751296,2.126296,1.8641752,1.5993584,1.3180332,1.049342,0.7975424,0.6076336,0.4696728,0.368626,0.258136,0.1748644
4.97347347347347E-6,8.0213434408E-5,8.3358007608E-5,2.09477767608E-4,0.00207987653396,0.0167044046132,0.0956376643332,0.19349811976,0.4265936,0.7398124,1.0932832,1.440558,1.8706016,2.1853948,2.4954544,2.7782472,3.03122,3.2809232,3.52478,3.665932,3.7997952,3.8968892,3.825646,3.7340952,3.60657,3.4208608,3.2272016,3.0418324,2.8014844,2.590402,2.3696564,2.1212784,1.8598656,1.5957548,1.3150516,1.0469968,0.7957584,0.6062644,0.4686256,0.3678412,0.2575992,0.17452
4.98198198198198E-6,6.62531146568E-5,6.87161966568E-5,1.729194766568E-4,0.00179091859872,0.014951511842,0.089362266362,0.18162140328,0.4110084,0.7217916,1.074224,1.4242344,1.8556512,2.172672,2.484214,2.7681516,3.0216468,3.2741948,3.5181856,3.6589896,3.7927776,3.8894688,3.8176416,3.726038,3.598606,3.4129688,3.2197804,3.0351332,2.795054,2.5844516,2.364182,2.1162604,1.8555548,1.5921488,1.312068,1.04465,0.7939732,0.6048944,0.467578,0.367056,0.257062,0.1741752
4.99049049049049E-6,5.45855425364E-5,5.65095325364E-5,1.423874925364E-4,0.00153918686968,0.01335783011,0.08339180195,0.17022987796,0.395816,0.7040416,1.055238,1.407794,1.8402424,2.1595644,2.4726648,2.7578168,3.011874,3.2674232,3.5115604,3.65203,3.7857464,3.8820368,3.8096316,3.7179772,3.5906392,3.405076,3.212358,3.0284312,2.788622,2.5784996,2.3587064,2.1112416,1.8512432,1.5885412,1.3090832,1.042302,0.7921872,0.603524,0.4665304,0.3662708,0.2565248,0.1738304
4.998998998999E-6,4.486003360024E-5,4.635879680024E-5,1.1695531680024E-4,0.00131975487628,0.0119112363632,0.0777176952832,0.15932019652,0.381016,0.686564,1.0363316,1.3912372,1.8243664,2.1460592,2.4607956,2.7472336,3.001894,3.260604,3.504902,3.6450516,3.7787004,3.8745928,3.8016168,3.7099132,3.5826696,3.3971832,3.2049356,3.021728,2.7821904,2.5725484,2.3532316,2.1062244,1.8469324,1.5849336,1.3060984,1.0399532,0.7904,0.6021524,0.4654812,0.365484,0.2559864,0.1734848
5.00750750750751E-6,3.677481259692E-5,3.793912419692E-5,9.582664419692E-5,0.0011290263336,0.0106013369916,0.0723338518316,0.14889028752,0.3666084,0.6693592,1.0175092,1.374562,1.8080136,2.1321444,2.448596,2.736394,2.991702,3.2537364,3.4982096,3.6380544,3.77164,3.8671368,3.7935968,3.7018464,3.5746976,3.3892904,3.1975128,3.0150228,2.775758,2.5665968,2.3477564,2.1012072,1.8426216,1.5813256,1.3031132,1.037604,0.7886132,0.6007808,0.464432,0.3646972,0.255448,0.1731388
5.01601601601601E-6,3.0071064954E-5,3.0973074154E-5,7.8319394154E-5,9.63919175839999E-4,0.0094174520172,0.0672318483292,0.13893494632,0.3525912,0.652426,0.998774,1.3577676,1.7911764,2.1178088,2.4360556,2.7252904,2.981292,3.246818,3.4914824,3.631038,3.7645656,3.8596696,3.7855724,3.6937764,3.5667236,3.381398,3.1900896,3.0083156,2.7693256,2.5606452,2.3422808,2.0961908,1.8383108,1.5777168,1.3001272,1.035254,0.7868256,0.5994092,0.4633828,0.3639104,0.2549096,0.1727928
5.02452452452452E-6,2.452752401436E-5,2.522440401436E-5,6.385100401436E-5,8.2145085104E-4,0.008350200512,0.06240452348,0.1294498266,0.3389624,0.6357628,0.9801284,1.3408512,1.7738464,2.1030408,2.4231636,2.7139144,2.9706588,3.239846,3.4847184,3.624002,3.7574764,3.8521904,3.7775432,3.6857036,3.5587472,3.3735056,3.1826668,3.0016072,2.7628932,2.5546936,2.3368052,2.0911744,1.834,1.5741076,1.2971412,1.032904,0.785038,0.5980376,0.4623336,0.3631236,0.2543712,0.1724468
5.03303303303303E-6,1.995554679048E-5,2.049246719048E-5,5.192536319048E-5,6.98325256332E-4,0.0073894876324,0.0578427698164,0.120427032896,0.325718,0.6193676,0.9615744,1.3238116,1.756018,2.0878296,2.4099092,2.7022572,2.959796,3.2328168,3.477916,3.616946,3.7503732,3.8446996,3.76951,3.6776284,3.5507692,3.3656144,3.1752452,2.9948992,2.7564628,2.548744,2.3313312,2.08616,1.82969,1.5704984,1.2941548,1.0305532,0.7832496,0.5966652,0.4612836,0.3623356,0.2538316,0.1721
5.04154154154154E-6,1.619487052552E-5,1.660741052552E-5,4.212146652552E-5,5.92521392112E-4,0.006526493352,0.053538726596,0.111859514056,0.312854,0.6032356,0.9431116,1.3066448,1.7376844,2.0721644,2.3962828,2.6903116,2.9486992,3.2257284,3.471074,3.6098692,3.7432552,3.8371972,3.7614728,3.6695508,3.54279,3.357724,3.1678236,2.9881892,2.7500324,2.542794,2.3258568,2.081146,1.82538,1.5668884,1.291168,1.028202,0.7814612,0.5952928,0.4602336,0.3615472,0.2532916,0.1717524
5.05005005005005E-6,1.310972543916E-5,1.342582719916E-5,3.408304319916E-5,5.0168299154E-4,0.00575326215376,0.04948417331776,0.103739057216,0.3003668,0.5873648,0.9247412,1.28935,1.7188428,2.0560368,2.3822752,2.6780704,2.9373632,3.2185768,3.46419,3.6027712,3.736122,3.8296832,3.753432,3.6614712,3.5348092,3.3498348,3.1604028,2.9814788,2.7436032,2.5368456,2.3203836,2.0761336,1.8210708,1.5632784,1.2881812,1.0258508,0.7796728,0.5939212,0.4591844,0.3607592,0.252752,0.1714052
5.05855855855856E-6,1.0585500875584E-5,1.0827042275584E-5,2.7509502275584E-5,4.23509466524E-4,0.0050614940254,0.0456701240014,0.09605548246,0.2882504,0.57175,0.9064616,1.2719236,1.6994896,2.039438,2.3678776,2.6655264,2.925784,3.2113592,3.4572624,3.5956512,3.728974,3.8221572,3.7453876,3.65339,3.526828,3.3419476,3.152984,2.9747688,2.7371756,2.530898,2.3149108,2.071122,1.816762,1.5596676,1.285194,1.0234992,0.777884,0.5925488,0.4581348,0.3599708,0.252212,0.1710576
5.06706706706707E-6,8.52569402983999E-6,8.70975406984E-6,2.214802206984E-5,3.56547997404E-4,0.00444373658804,0.04208722232804,0.088797838268,0.2764988,0.5563864,0.8882716,1.2543632,1.6796228,2.0223592,2.3530804,2.652672,2.9139568,3.204072,3.4502892,3.5885084,3.7218112,3.81462,3.7373404,3.6453084,3.5188468,3.3340628,3.1455668,2.9680588,2.7307492,2.524952,2.3094396,2.0661128,1.8124548,1.5560576,1.2822076,1.0211476,0.7760952,0.5911764,0.4570852,0.359182,0.2516716,0.1707096
5.07557557557557E-6,6.849323164812E-6,6.989195244812E-6,1.7786655244812E-5,2.9973503828E-4,0.00389372663208,0.03872768573208,0.08195594586,0.2651071484,0.5412692,0.87017,1.2366668,1.6592428,2.004794,2.3378764,2.6395012,2.9018776,3.1967104,3.4432676,3.5813416,3.7146324,3.8070708,3.7292904,3.6372256,3.5108648,3.3261792,3.1381504,2.961348,2.7243236,2.5190068,2.3039692,2.0611048,1.8081484,1.552448,1.2792216,1.0187964,0.7743072,0.5898048,0.456036,0.3583936,0.2511316,0.1703616
5.08408408408408E-6,5.488635431984E-6,5.594635551984E-6,1.4248183551984E-5,2.5141897192E-4,0.00340541279612,0.03558313034812,0.075518224348,0.2540691708,0.5263944,0.8521552,1.2188324,1.6383508,1.9867368,2.322258,2.6260076,2.8895428,3.1892708,3.4361952,3.5741496,3.7074372,3.7995092,3.7212372,3.629142,3.5028828,3.3182984,3.1307364,2.954638,2.7179,2.5130636,2.2985004,2.0560988,1.8038432,1.5488388,1.276236,1.0164452,0.7725192,0.5884336,0.4549872,0.3576056,0.250592,0.170014
5.09259259259259E-6,4.387116150788E-6,4.467225670788E-6,1.1384909670788E-5,2.1042094172E-4,0.00297201641752,0.03264323383352,0.069470753724,0.24337663604,0.5117552,0.8342244,1.2008576,1.6169488,1.9681824,2.3062176,2.6121844,2.8769488,3.1817488,3.4290696,3.5669316,3.7002264,3.7919356,3.7131812,3.6210576,3.4949012,3.3104196,3.1233244,2.9479284,2.711478,2.5071216,2.2930328,2.0510944,1.7995392,1.54523,1.2732504,1.0140936,0.7707304,0.5870612,0.4539372,0.3568164,0.2500512,0.1696656
5.1011011011011E-6,3.497766217752E-6,3.558142217752E-6,9.074094217752E-6,1.758500488E-4,0.002588646744,0.029899952288,0.063801491912,0.23302357596,0.4973468,0.8163756,1.1827404,1.5950404,1.949126,2.2897492,2.5980264,2.8640932,3.17414,3.4218884,3.5596868,3.6929988,3.78435,3.7051232,3.6129736,3.4869204,3.3025444,3.1159152,2.94122,2.7050588,2.5011824,2.2875676,2.0460928,1.7952372,1.5416224,1.270266,1.0117428,0.7689424,0.5856892,0.4528872,0.3560268,0.24951,0.1693168
5.10960960960961E-6,2.7816264326736E-6,2.8270046326736E-6,7.2140566326736E-6,1.467168929524E-4,0.0022503144858,0.0273447352702,0.058496689892,0.22300230284,0.483164,0.7986068,1.16448,1.572632,1.9295664,2.2728476,2.583528,2.8509728,3.1664384,3.4146476,3.5524132,3.685754,3.7767516,3.6970628,3.6048892,3.47894,3.2946716,3.108508,2.9345124,2.6986416,2.4952448,2.2821036,2.0410932,1.790936,1.5380148,1.2672816,1.009392,0.767154,0.5843172,0.4518372,0.3552372,0.2489688,0.168968
5.11811811811812E-6,2.2064927946572E-6,2.2405048226572E-6,5.7208128226572E-6,1.219973703304E-4,0.001951995622028,0.024968190880028,0.053542156868,0.21330507656,0.4692016,0.7809156,1.1460752,1.54973,1.909502,2.255508,2.5686852,2.8375864,3.15864,3.4073444,3.5451092,3.6784908,3.76914,3.689,3.5968048,3.4709608,3.2868024,3.1011036,2.9278056,2.6922268,2.4893096,2.2766416,2.0360964,1.7866368,1.534408,1.264298,1.0070416,0.7653656,0.5829456,0.4507872,0.3544468,0.2484268,0.1686184
5.12662662662663E-6,1.7458278285112E-6,1.7712504005112E-6,4.5251892005112E-6,1.01214707518E-4,0.001689613441372,0.022761468881372,0.0489234434588,0.20392468952,0.4554548,0.7633008,1.1275268,1.5263444,1.8889332,2.2377272,2.5534936,2.8239328,3.1507396,3.399976,3.5377744,3.6712104,3.7615156,3.6809352,3.5887208,3.4629824,3.278936,3.0937024,2.9211008,2.6858152,2.4833776,2.2711824,2.0311016,1.7823392,1.530802,1.2613148,1.0046916,0.7635784,0.5815744,0.4497376,0.3536568,0.2478848,0.1682684
5.13513513513513E-6,1.3778242675352E-6,1.3967742235352E-6,3.5703870235352E-6,8.37831858912E-5,0.001459782271556,0.020716805362756,0.0446267864128,0.1948538128,0.4419192,0.7457604,1.108834,1.5024844,1.8678604,2.2195016,2.5379496,2.8100104,3.1427308,3.3925384,3.530406,3.6639096,3.7538768,3.6728684,3.5806376,3.4550056,3.271074,3.0863048,2.9143976,2.6794064,2.477448,2.2657252,2.0261096,1.7780432,1.5271964,1.2583324,1.002342,0.7617916,0.5802036,0.4486884,0.3528672,0.2473432,0.1679184
5.14364364364364E-6,1.0846279469036E-6,1.0987143229036E-6,2.8099159229036E-6,6.91971151632E-5,0.001258796456776,0.018824912487976,0.0406368984016,0.1860847872,0.4285908,0.728294,1.09,1.478164,1.8462876,2.2008292,2.5220496,2.795818,3.1346072,3.3850276,3.5230028,3.6565892,3.746224,3.6647996,3.5725548,3.44703,3.2632152,3.07891,2.9076956,2.673,2.4715212,2.2602708,2.0211208,1.77375,1.5235928,1.2553516,0.9999932,0.7600052,0.5788336,0.44764,0.3520776,0.2468016,0.1675684
5.15215215215215E-6,8.51649236117999E-7,8.62091412118E-7,2.205819412118E-6,5.7020978904E-5,0.001083020506176,0.017077369330176,0.036938958888,0.17760961516,0.4154648,0.7109004,1.0710256,1.4533964,1.8242192,2.18171,2.5057924,2.7813568,3.126364,3.3774408,3.515564,3.6492492,3.7385572,3.6567292,3.5644728,3.439056,3.25536,3.0715188,2.9009956,2.6665972,2.4655976,2.2548192,2.0161348,1.7694588,1.51999,1.2523712,0.9976444,0.7582188,0.5774632,0.4465912,0.3512876,0.2462596,0.167218
5.16066066066066E-6,6.6701118947476E-7,6.7473060547476E-7,1.72720580547476E-6,4.688076546668E-5,9.30080427015999E-4,0.015466613754616,0.0335190060352,0.16942195356,0.4025392,0.6935808,1.0519144,1.428198,1.8016612,2.162144,2.4891756,2.7666268,3.117994,3.3697732,3.5080868,3.6418876,3.7308752,3.6486572,3.5563924,3.4310844,3.2475096,3.064132,2.8942984,2.6601984,2.4596772,2.2493704,2.0111516,1.7651692,1.516388,1.249392,0.9952964,0.7564332,0.5760932,0.4455428,0.350498,0.245718,0.166868
5.16916916916917E-6,5.2107184547556E-7,5.2676272147556E-7,1.34900992147556E-6,3.845612969628E-5,7.97255888076E-4,0.013984335058076,0.0303619293672,0.16151350712,0.38981,0.6763348,1.0326692,1.4025852,1.7786208,2.1421316,2.4721976,2.7516284,3.10949,3.3620204,3.5005692,3.6345032,3.7231772,3.6405832,3.5483128,3.4231148,3.2396636,3.0567488,2.8876028,2.6538024,2.4537592,2.243924,2.006172,1.7608824,1.5127876,1.2464144,0.9929496,0.754648,0.5747244,0.4444956,0.3497088,0.2451764,0.166518
5.17767767767768E-6,4.060261477828E-7,4.102099877828E-7,1.0509511877828E-6,3.147354303856E-5,6.8187337104E-4,0.01262226751704,0.0274530633332,0.153877622592,0.3772752,0.6591648,1.0132964,1.3765784,1.7551076,2.1216756,2.454858,2.7363632,3.1008456,3.3541788,3.4930104,3.6270972,3.7154644,3.6325088,3.5402352,3.415148,3.231822,3.0493692,2.8809092,2.64741,2.4478448,2.2384808,2.0011956,1.7565984,1.5091892,1.2434384,0.990604,0.752864,0.5733564,0.4434484,0.3489192,0.2446344,0.1661676
5.18618618618619E-6,3.1557406569388E-7,3.1864147609388E-7,8.1666787609388E-7,2.569995977752E-5,5.816998376904E-4,0.0113733843858104,0.0247785813184,0.146507283292,0.3649332,0.6420728,0.9938,1.3501972,1.7311324,2.1007796,2.4371572,2.7208332,3.0920536,3.3462424,3.4854068,3.6196672,3.7077352,3.6244336,3.5321604,3.407184,3.2239852,3.041994,2.874218,2.6410212,2.441934,2.2330408,1.9962224,1.752316,1.5055916,1.2404628,0.9882584,0.7510804,0.5719888,0.4424012,0.3481296,0.2440924,0.1658168
5.19469469469469E-6,2.446467157542E-7,2.468894049542E-7,6.329994049542E-7,2.093747934004E-5,4.953373929292E-4,0.0102306928326892,0.02232469059,0.13939630448,0.3527832,0.6250624,0.9741876,1.3234648,1.7067072,2.0794476,2.4190952,2.70504,3.0831052,3.3382064,3.4777556,3.6122108,3.6999876,3.6163564,3.5240872,3.3992228,3.216154,3.0346236,2.86753,2.6346364,2.4360268,2.227604,1.9912528,1.7480364,1.501996,1.2374892,0.9859144,0.749298,0.5706224,0.4413548,0.3473404,0.2435504,0.165466
5.2032032032032E-6,1.89176947255636E-7,1.90812133655636E-7,4.89390933655636E-7,1.701841489104E-5,4.210183539064E-4,0.00918682923798639,0.0200772276028,0.132537329024,0.3408236,0.6081364,0.9544656,1.296404,1.6818452,2.0576844,2.4006724,2.6889856,3.0739928,3.3300664,3.4700556,3.6047292,3.6922228,3.6082784,3.516016,3.3912644,3.2083276,3.027258,2.8608452,2.628256,2.430124,2.2221712,1.9862876,1.7437608,1.4984032,1.2345176,0.9835716,0.7475164,0.5692564,0.4403088,0.3465516,0.2430088,0.1651152
5.21171171171171E-6,1.4591070455808E-7,1.4709965975808E-7,3.7740037975808E-7,1.3801164351868E-5,3.570011214352E-4,0.0082352552536752,0.01802365406472,0.125925023764,0.3290552,0.5913004,0.9346436,1.2690412,1.6565632,2.0354984,2.3818924,2.672674,3.0647088,3.3218164,3.4623032,3.59722,3.6844392,3.6001996,3.5079476,3.3833096,3.2005068,3.0198972,2.8541632,2.6218796,2.4242252,2.216742,1.981326,1.7394876,1.494812,1.2315472,0.9812296,0.7457352,0.5678904,0.4392624,0.345762,0.2424664,0.164764
5.22022022022022E-6,1.12252293328228E-7,1.13114404928228E-7,2.90296524928228E-7,1.1166360506732E-5,3.019663303916E-4,0.0073690541082316,0.01615025324612,0.119552076064,0.3174772,0.5745584,0.9147292,1.241402,1.6308772,2.012896,2.3627564,2.6561072,3.0552432,3.3134492,3.4544948,3.5896812,3.6766356,3.5921192,3.499882,3.375358,3.1926916,3.012542,2.8474852,2.615508,2.4183308,2.2113168,1.9763688,1.7352176,1.4912228,1.2285784,0.9788884,0.7439544,0.5665248,0.4382168,0.3449732,0.2419248,0.1644132
5.22872872872873E-6,8.6137643410912E-8,8.6761037010912E-8,2.22727717010912E-7,9.01374770517599E-6,2.550094066336E-4,0.0065825232900736,0.01444492266668,0.1134127867,0.30609039568,0.5579172,0.8947332,1.2135144,1.6048056,1.989886,2.3432668,2.6392888,3.0455876,3.3049604,3.4466284,3.5821124,3.6688112,3.5840372,3.491818,3.3674096,3.1848816,3.005192,2.8408108,2.6091416,2.4124408,2.2058956,1.9714156,1.7309508,1.4876356,1.2256116,0.9765488,0.7421748,0.5651604,0.437172,0.3441852,0.2413836,0.1640628
5.23723723723724E-6,6.5929469185596E-8,6.6379001985596E-8,1.70450721985596E-7,7.259310714312E-6,2.149981360128E-4,0.0058697322212528,0.01289613177172,0.1075024277,0.29489733884,0.5413844,0.8746672,1.1854076,1.578368,1.966478,2.3234272,2.622222,3.0357328,3.2963428,3.4387,3.5745116,3.6609656,3.5759544,3.4837572,3.3594656,3.1770776,2.9978472,2.8341396,2.60278,2.4065556,2.2004792,1.9664676,1.7266884,1.4840512,1.2226468,0.9742104,0.7403964,0.5637968,0.436128,0.3433972,0.2408424,0.163712
5.24574574574575E-6,5.03332327160308E-8,5.06564991160308E-8,1.30111419116031E-7,5.832839414156E-6,1.806840291864E-4,0.0052242337061864,0.01149183338292,0.101814553928,0.2838988512,0.5249672,0.854544,1.1571128,1.5515868,1.9426844,2.3032428,2.6049116,3.0256692,3.2875896,3.430706,3.5668768,3.6530968,3.5678704,3.4757,3.3515256,3.16928,2.990508,2.827472,2.5964228,2.4006744,2.195066,1.9615228,1.7224276,1.4804676,1.2196828,0.9718724,0.7386184,0.5624336,0.435084,0.3426088,0.2403008,0.1633608
5.25425425425425E-6,3.83282181841036E-8,3.85600428241036E-8,9.90657628241036E-8,4.675821759628E-6,1.5151569466464E-4,0.00464147737354464,0.01022147714172,0.0963446166359999,0.27309763988,0.5086744,0.8343752,1.12866,1.5244828,1.9185148,2.2827164,2.5873608,3.0153868,3.2786944,3.4226436,3.5592068,3.6452044,3.5597852,3.467646,3.34359,3.1614888,2.9831752,2.8208092,2.5900716,2.3947984,2.1896576,1.9565828,1.7181708,1.4768868,1.2167212,0.969536,0.7368416,0.5610712,0.4340404,0.3418208,0.2397596,0.1630096
5.26276276276276E-6,2.91118857290904E-8,2.92776758490904E-8,7.52355158490904E-8,3.739623513796E-6,1.2685141860612E-4,0.00411642231163012,0.00907482214584,0.091087576188,0.2624967118,0.4925156,0.814176,1.1000824,1.4970812,1.893984,2.2618548,2.5695748,3.0048768,3.2696508,3.4145088,3.5514996,3.6372868,3.5516984,3.4595948,3.3356584,3.1537036,2.9758476,2.8141496,2.5837248,2.3889268,2.1842532,1.9516472,1.7139176,1.4733088,1.213762,0.9672016,0.7350664,0.5597104,0.432998,0.3410332,0.2392184,0.1626584
5.27127127127127E-6,2.20551342711612E-8,2.21733724711612E-8,5.69918524711612E-8,2.9839262511564E-6,1.059748828662E-4,0.0036439528311182,0.00804155271288,0.0860383178944,0.25209819096,0.4764992,0.7939596,1.0714124,1.4694056,1.8691048,2.2406628,2.5515568,2.9941272,3.26045,3.4062968,3.5437524,3.6293424,3.54361,3.4515476,3.3277316,3.1459256,2.9685268,2.8074952,2.577384,2.3830604,2.1788536,1.9467164,1.709668,1.4697328,1.2108048,0.9648684,0.733292,0.5583496,0.431956,0.3402456,0.2386772,0.1623072
5.27977977977978E-6,1.66662208393372E-8,1.67503131593372E-8,4.30618811593372E-8,2.37540068032E-6,8.834467835232E-5,0.00321992801446032,0.007112727930368,0.0811919016188,0.24190516928,0.460636,0.7737412,1.0426832,1.4414824,1.8438916,2.219146,2.5333112,2.9831284,3.2510852,3.3980048,3.535964,3.6213704,3.53552,3.443504,3.3198088,3.138154,2.9612124,2.8008448,2.571048,2.3771988,2.1734584,1.94179,1.705422,1.46616,1.20785,0.9625372,0.7315188,0.55699,0.4309144,0.3394584,0.238136,0.161956
5.28828828828829E-6,1.25618170229667E-8,1.26214593429667E-8,3.24536513429667E-8,1.8865748508088E-6,7.348957325432E-5,0.00284027701303432,0.006279476953392,0.0765442571212,0.231921603,0.4449368,0.7535364,1.0139288,1.4133376,1.8183592,2.1973104,2.514842,2.9718692,3.241548,3.3896268,3.5281316,3.6133688,3.5274276,3.4354636,3.3118908,3.1303888,2.953904,2.7941988,2.5647176,2.3713424,2.1680684,1.9368688,1.7011804,1.46259,1.204898,0.960208,0.7297476,0.5556324,0.4298748,0.3386724,0.2375956,0.1616052
5.2967967967968E-6,9.44396003409732E-9,9.48614447009732E-9,2.43962564700973E-8,1.4948478561312E-6,6.1001086764436E-5,0.00250059164389643,0.005532991601712,0.0720897766916,0.22214990624,0.429412,0.733362,0.985184,1.3849996,1.7925252,2.175164,2.496154,2.9603392,3.2318312,3.3811592,3.5202532,3.6053364,3.5193336,3.4274272,3.3039776,3.1226308,2.946602,2.7875572,2.5583924,2.3654908,2.162682,1.9319516,1.6969416,1.459022,1.2019476,0.95788,0.7279772,0.5542752,0.4288352,0.3378864,0.2370552,0.1612544
5.3053053053053E-6,7.08178858474364E-9,7.11154284474364E-9,1.82924508447436E-8,1.1816940506304E-6,5.052593330626E-5,0.00219771885226226,0.004866118822508,0.0678249076416,0.21259414424,0.4140732,0.713234,0.9564828,1.3564956,1.7664044,2.1527116,2.4772496,2.9485256,3.2219248,3.3725964,3.5123256,3.5972708,3.5112368,3.4193944,3.2960692,3.11488,2.9393072,2.7809212,2.552074,2.3596456,2.157302,1.9270408,1.692708,1.4554576,1.199,0.955554,0.7262084,0.5529192,0.4277964,0.3371008,0.2365148,0.1609032
5.31381381381381E-6,5.29686222754604E-9,5.31779109954604E-9,1.3680747099546E-8,9.31960746964399E-7,4.1759360240872E-5,0.00192775406388487,0.004271354042956,0.06374454568,0.2032572274,0.3989316,0.69317,0.9278596,1.3278552,1.7400156,2.129962,2.458134,2.9364188,3.2118212,3.363934,3.5043472,3.5891716,3.5031384,3.4113664,3.2881664,3.1071364,2.9320188,2.7742896,2.5457608,2.3538056,2.1519268,1.9221348,1.688478,1.451896,1.1960544,0.9532292,0.7244408,0.5515644,0.4267584,0.3363156,0.2359748,0.160552
5.32232232232232E-6,3.95167518662684E-9,3.96635570262684E-9,1.02055557026268E-8,7.3328595561768E-7,3.4439365612516E-5,0.00168763541428051,0.0037420353996,0.0598448291604,0.19414330608,0.3839992,0.6731876,0.8993496,1.2991076,1.7133764,2.106922,2.43881,2.9240056,3.20151,3.3551648,3.496314,3.5810356,3.4950372,3.4033424,3.2802692,3.0994004,2.9247376,2.7676636,2.5394544,2.3479712,2.1465564,1.9172336,1.6842516,1.4483364,1.1931112,0.950906,0.7226744,0.5502104,0.4257212,0.3355308,0.2354352,0.1602012
5.33083083083083E-6,2.9405587893082E-9,2.9508279653082E-9,7.5936679653082E-9,5.7561366791208E-7,2.8341153435976E-5,0.00147473821310918,0.00327193820284,0.05612113356,0.18525496554,0.3692868,0.6533036,0.870986,1.2702816,1.6865048,2.0836,2.4192812,2.911276,3.190984,3.3462856,3.4882236,3.5728616,3.4869328,3.395322,3.2723764,3.0916712,2.9174632,2.7610424,2.533154,2.3421428,2.1411916,1.9123384,1.68003,1.4447808,1.1901708,0.9485852,0.7209092,0.5488572,0.424684,0.334746,0.2348952,0.15985
5.33933933933934E-6,2.18255277188965E-9,2.18971634388965E-9,5.63578794388964E-9,4.5078538791064E-7,2.3272257231572E-5,0.00128607007483517,0.0028552700676716,0.0525692666216,0.176595621472,0.354806,0.633536,0.8428028,1.2414072,1.6594192,2.0600028,2.39955,2.8982168,3.1802316,3.3372884,3.480072,3.5646464,3.4788244,3.3873056,3.2644888,3.0839496,2.9101964,2.7544272,2.5268604,2.3363208,2.1358328,1.9074488,1.6758128,1.4412284,1.1872332,0.9462664,0.719146,0.547506,0.4236488,0.3339624,0.234356,0.1594992
5.34784784784785E-6,1.61579509990536E-9,1.62077846790536E-9,4.17201326790536E-9,3.521994132472E-7,1.9068535308168E-5,0.00111946691961817,0.0024870669146348,0.0491850643634,0.168168716336,0.3405688,0.6139032,0.8148336,1.2125148,1.6321396,2.03614,2.3796204,2.884818,3.1692452,3.3281688,3.4718572,3.5563896,3.4707136,3.3792944,3.2566076,3.0762364,2.9029372,2.7478172,2.5205732,2.3305044,2.1304788,1.902564,1.6715992,1.4376784,1.184298,0.9439492,0.717384,0.5461556,0.422614,0.3331788,0.2338168,0.1591484
5.35635635635636E-6,1.19314603657374E-9,1.19660316217374E-9,3.08052436217373E-9,2.7452792434932E-7,1.55902638539256E-5,9.72789070778325E-4,0.0021623890673212,0.0459647871834,0.159977715736,0.3265868,0.5944236,0.787112,1.1836344,1.6046844,2.0120188,2.359494,2.8710668,3.158014,3.3189196,3.4635748,3.5480872,3.4625984,3.3712872,3.248732,3.0685312,2.895686,2.7412128,2.5142924,2.3246944,2.1251304,1.8976852,1.6673908,1.4341324,1.181366,0.9416348,0.7156236,0.5448068,0.4215804,0.332396,0.233278,0.158798
5.36486486486486E-6,8.78792670338752E-10,8.81184369938752E-10,2.26877076993875E-9,2.13482490761984E-7,1.27187664436996E-5,8.43517887698099E-4,0.0018759178853064,0.04290271649772,0.152023305284,0.3128692,0.575114,0.7596692,1.1547952,1.5770736,1.987648,2.3391728,2.8569516,3.1465284,3.3095344,3.4552212,3.5397372,3.4544784,3.363284,3.240862,3.0608336,2.8884424,2.7346144,2.5080184,2.3188908,2.1197884,1.8928124,1.6631872,1.43059,1.1784368,0.939322,0.7138652,0.5434592,0.4205476,0.3316136,0.2327396,0.1584472
5.37337337337337E-6,6.4560216525566E-10,6.4725221565566E-10,1.66664861565566E-9,1.65621208610748E-7,1.03535771772504E-5,7.2995293160645E-4,0.0016243529299564,0.03999555191056,0.144308587956,0.2994276,0.5559924,0.732536,1.1260264,1.5493264,1.9630356,2.3186592,2.8424612,3.134778,3.3000068,3.4467928,3.5313372,3.446354,3.3552864,3.2329988,3.0531452,2.8812072,2.7280224,2.5017512,2.3130932,2.1144516,1.8879452,1.658988,1.4270508,1.1755104,0.9370112,0.712108,0.5421124,0.4195156,0.3308316,0.2322016,0.1580968
5.38188188188188E-6,4.73074040246373E-10,4.74209275846374E-10,1.22119327584637E-9,1.28187673272828E-7,8.40986765243559E-6,6.30809394599235E-4,0.001404409393464,0.03723920864648,0.13683588168,0.286272,0.5370764,0.7057428,1.0973576,1.5214628,1.9381908,2.297954,2.827584,3.1227524,3.2903292,3.4382856,3.5228848,3.4382244,3.3472932,3.2251416,3.0454644,2.8739796,2.7214356,2.4954908,2.307302,2.1091212,1.8830844,1.6547944,1.4235156,1.1725872,0.9347028,0.7103524,0.5407668,0.4184844,0.3300504,0.231664,0.1577468
5.39039039039039E-6,3.45763167338639E-10,3.4654205213864E-10,8.92506852138639E-10,9.8981066850288E-8,6.8161610530448E-6,5.44015815303684E-4,0.0012116158145248,0.03462841526856,0.12960551718,0.2734112,0.5183824,0.6793184,1.0688164,1.4935016,1.9131208,2.2770576,2.8123076,3.1104404,3.2804932,3.429694,3.5143756,3.4300876,3.339304,3.21729,3.0377916,2.8667604,2.714856,2.489238,2.301518,2.1037972,1.8782296,1.6506052,1.4199836,1.1696668,0.9323964,0.7085984,0.5394224,0.417454,0.3292696,0.2311268,0.1573968
5.3988988988989E-6,2.52065681563153E-10,2.52598598763153E-10,6.50617038763153E-10,7.6248817037632E-8,5.5124168079172E-6,4.68312164751357E-4,0.00104351216421844,0.0321591117662,0.122618636168,0.2608544,0.4999276,0.6532904,1.0404308,1.4654632,1.8878348,2.2559708,2.7966212,3.097832,3.270492,3.421014,3.5058072,3.4219436,3.3313184,3.2094436,3.0301268,2.8595488,2.7082824,2.4829928,2.2957404,2.0984792,1.8733808,1.6464208,1.4164548,1.1667492,0.930092,0.7068464,0.5380796,0.4164248,0.3284896,0.23059,0.1570468
5.40740740740741E-6,1.83287928705241E-10,1.83651546465241E-10,4.73070226465241E-10,5.8598750225776E-8,4.44830274421776E-6,4.02448119462298E-4,8.9724811909868E-4,0.02982684782968,0.115875589704,0.2486092,0.4817276,0.6276844,1.0122276,1.4373664,1.8623416,2.2346944,2.7805148,3.0849172,3.2603184,3.412242,3.4971776,3.4137932,3.3233384,3.201604,3.0224712,2.852346,2.7017156,2.4767548,2.28997,2.0931676,1.8685388,1.6422416,1.4129304,1.1638352,0.9277904,0.705096,0.5367384,0.4153968,0.32771,0.2300532,0.1566968
5.41591591591591E-6,1.32935106797069E-10,1.3318252335707E-10,3.43093283357069E-10,4.49280132829384E-8,3.58175600933656E-6,3.45181623078176E-4,7.6998162283076E-4,0.02762678141292,0.109376736828,0.2366836,0.4637988,0.6025264,0.984234,1.4092304,1.8366492,2.2132272,2.7639768,3.0716848,3.2499636,3.4033724,3.4884824,3.4056344,3.3153616,3.1937696,3.0148232,2.8451516,2.6951548,2.470524,2.2842064,2.0878624,1.8637024,1.6380672,1.4094096,1.160924,0.9254908,0.7033472,0.5353984,0.4143696,0.3269308,0.2295164,0.1563468
5.42442442442442E-6,9.61679450031259E-11,9.63358298431259E-11,2.48190269843126E-10,3.43652222695896E-8,2.87770361968484E-6,2.95277607454325E-4,6.5887760728644E-4,0.025553677455432,0.1031204433384,0.2250832,0.4461552,0.5778392,0.9564744,1.3810736,1.810766,2.1915688,2.7469968,3.058124,3.2394192,3.3943996,3.4797184,3.3974668,3.30739,3.1859424,3.0071848,2.8379664,2.6886016,2.4643012,2.27845,2.0825636,1.8588724,1.6338976,1.405892,1.158016,0.9231936,0.7016008,0.5340604,0.413344,0.3261528,0.2289808,0.1559972
5.43293293293293E-6,6.93914082222464E-11,6.95050120222464E-11,1.79078612022246E-10,2.62236706118692E-8,2.3069804689238E-6,2.52068951079204E-4,5.628689509656E-4,0.023604068841392,0.0971064427968,0.21381456204,0.4288116,0.5536444,0.9289736,1.3529156,1.7847012,2.1697196,2.729566,3.0442252,3.228678,3.38532,3.4708824,3.3892904,3.2994224,3.1781212,2.9995552,2.8307904,2.6820548,2.458086,2.2727008,2.0772712,1.8540488,1.6297336,1.4023788,1.1551112,0.9208988,0.699856,0.5327236,0.4123196,0.3253756,0.2284456,0.155648
5.44144144144144E-6,4.99420193877031E-11,5.00186800677032E-11,1.28880800067703E-10,1.99636127999756E-8,1.84538881170068E-6,2.14825578870781E-4,4.7975353879412E-4,0.021772553459932,0.0913329336251999,0.2028819082,0.41178052796,0.5299612,0.901754,1.3247728,1.7584624,2.1476768,2.711674,3.0299768,3.21773,3.3761264,3.4619704,3.3811032,3.2914592,3.1703068,2.9919348,2.823624,2.675516,2.4518788,2.2669592,2.071986,1.849232,1.6255748,1.39887,1.15221,0.9186068,0.6981132,0.531388,0.4112956,0.3245984,0.22791,0.1552984
5.44994994994995E-6,3.58517978776556E-11,3.59033861576556E-11,9.25163061576556E-11,1.51620003061024E-8,1.47291559959228E-6,1.82684199748508E-4,4.0803651969692E-4,0.020055236463084,0.0857988213936,0.19229096364,0.39507695232,0.5068104,0.8748392,1.2966648,1.7320588,2.12544,2.693312,3.0153684,3.2065664,3.3668132,3.452978,3.372904,3.2834996,3.162498,2.9843224,2.8164656,2.6689832,2.4456788,2.261224,2.0667068,1.8444212,1.6214208,1.3953644,1.1493116,0.9163168,0.6963716,0.5300536,0.4102724,0.323822,0.2273752,0.1549496
5.45845845845846E-6,2.56708702200467E-11,2.57054902640467E-11,6.62420662640467E-11,1.1488006066231E-8,1.17304160560404E-6,1.55086295935196E-4,3.46377375900576E-4,0.018446777335364,0.0805007659136,0.18204400436,0.37871169108,0.4842076,0.8482504,1.2686092,1.7054992,2.1030076,2.6744712,3.0003892,3.195178,3.3573752,3.4439024,3.3646932,3.2755448,3.1546964,2.9767196,2.8093168,2.6624584,2.4394876,2.2554968,2.0614348,1.8396176,1.6172728,1.3918632,1.1464172,0.91403,0.6946332,0.5287216,0.4092512,0.3230468,0.2268412,0.1546008
5.46696696696697E-6,1.83339144185829E-11,1.83570831825829E-11,4.73080471825829E-11,8.68365604716288E-9,9.32166055748763E-7,1.31389027722133E-4,2.93642867698964E-4,0.016943242838748,0.0754364342024,0.17214391072,0.36269625384,0.4621672,0.822006,1.240622,1.6787912,2.0803772,2.6551436,2.9850292,3.1835556,3.3478056,3.4347384,3.3564688,3.2675932,3.1469,2.9691252,2.8021772,2.6559404,2.433304,2.2497772,2.05617,1.8348212,1.6131308,1.3883668,1.1435264,0.9117456,0.692896,0.5273904,0.4082304,0.3222712,0.2263064,0.1542512
5.47547547547548E-6,1.30603161122707E-11,1.30757784922707E-11,3.36993264922707E-11,6.54832332648056E-9,7.3912352313438E-7,1.1111311046301E-4,2.48367830447548E-4,0.015539567809824,0.0706023612952,0.16259162872,0.34704045472,0.4407024,0.7961248,1.2127196,1.6519436,2.0575468,2.635322,2.969278,3.1716892,3.3380976,3.425482,3.3482296,3.2596452,3.13911,2.9615396,2.7950464,2.6494296,2.4271284,2.2440644,2.050912,1.8300316,1.608994,1.3848744,1.1406392,0.909464,0.6911608,0.5260612,0.4072108,0.3214968,0.2257724,0.1539024
5.48398398398398E-6,9.27975532069883E-12,9.29004610869884E-12,2.39437821086988E-11,4.92636778210176E-9,5.84767967658788E-7,9.37817586880267E-5,2.09677838677736E-4,0.014231677824024,0.0659952729216,0.15338909308,0.33175509608,0.4198264,0.7706256,1.1849196,1.624966,2.034516,2.6150004,2.9531264,3.1595704,3.328246,3.4161292,3.3399756,3.2517016,3.1313264,2.9539632,2.7879252,2.642926,2.4209608,2.2383592,2.0456608,1.8252488,1.6048628,1.381386,1.1377556,0.9071848,0.6894276,0.5247336,0.4061928,0.3207232,0.2252392,0.153554
5.49249249249249E-6,6.57663893481863E-12,6.58346890681864E-12,1.69687409068186E-11,3.69736394090272E-9,4.61628563861972E-7,7.89982219873019E-5,1.76664501980472E-4,0.0130142644915952,0.0616098608112,0.14453420288,0.31684646628,0.3995464,0.7455232,1.1572368,1.5978672,2.0112828,2.5941732,2.9365648,3.1471888,3.3182428,3.4066748,3.3317048,3.2437608,3.1235488,2.946396,2.7808144,2.6364304,2.414802,2.232662,2.0404168,1.8204724,1.6007372,1.377902,1.1348756,0.9049084,0.6876968,0.5234076,0.405176,0.3199504,0.2247064,0.1532056
5.501001001001E-6,4.64895837942947E-12,4.65347888982947E-12,1.19947468898295E-11,2.76837874688741E-9,3.6361677869651E-7,6.64141321297885E-5,1.48554052125268E-4,0.011883354044784,0.0574421512884,0.13602699044,0.30232293992,0.3798708,0.720832,1.1296864,1.5706552,1.9878452,2.5728356,2.919584,3.1345344,3.3080812,3.397114,3.3234152,3.2358232,3.1157772,2.938838,2.7737132,2.6299428,2.4086516,2.2269732,2.0351804,1.815704,1.596618,1.3744232,1.1319996,0.9026352,0.6859684,0.5220836,0.4041608,0.3191788,0.2241744,0.1528576
5.50950950950951E-6,3.27787006193276E-12,3.28085375513276E-12,8.45702575513276E-12,2.06788702575372E-9,2.85782886993693E-7,5.57245796091557E-5,1.24668699606172E-4,0.01083466869443,0.053487066635,0.12786518292,0.28819094412,0.3608064,0.696566,1.1022836,1.54334,1.9642024,2.5509832,2.9021752,3.1215984,3.2977544,3.3874424,3.3151064,3.2278888,3.1080116,2.9312892,2.766622,2.6234632,2.40251,2.221292,2.0299508,1.810942,1.5925036,1.370948,1.1291272,0.9003648,0.684242,0.5207612,0.4031464,0.3184076,0.2236428,0.15251
5.51801801801802E-6,2.30521914595708E-12,2.30718304515709E-12,5.94742384515708E-12,1.54097542384433E-9,2.24114015403499E-7,4.66632717102047E-5,1.04416071708241E-4,0.00986361606806799,0.04973961453304,0.12004659196,0.2744569528,0.342358,0.672738,1.0750428,1.5159304,1.940352,2.5286124,2.8843296,3.10837,3.2872548,3.3776548,3.306776,3.2199564,3.1002512,2.9237488,2.7595404,2.6169912,2.3963768,2.2156192,2.0247292,1.8061876,1.588396,1.367478,1.1262588,0.8980972,0.682518,0.5194404,0.4021336,0.3176372,0.2231116,0.1521624
5.52652652652653E-6,1.61702327412767E-12,1.61831236212767E-12,4.17181236212767E-12,1.14559781236164E-9,1.75364917799488E-7,3.89982033007891E-5,8.72797232995E-5,0.008965679720746,0.04619367857932,0.11256670436,0.26112388152,0.3245268,0.649358,1.0479776,1.488436,1.916294,2.5057216,2.8660392,3.0948392,3.2765744,3.3677456,3.2984224,3.2120256,3.0924964,2.9162172,2.7524688,2.6105272,2.3902524,2.209954,2.0195144,1.80144,1.5842936,1.3640124,1.123394,0.8958328,0.6807964,0.5181216,0.4011216,0.3168676,0.2225808,0.1518148
5.53503503503503E-6,1.13137172288529E-12,1.13221553248529E-12,2.91880993248529E-12,8.49639609932204E-10,1.3691655960181E-7,3.25277154282382E-5,7.28105554273944E-5,0.00813681055364079,0.04284400970692,0.10542187364,0.24819588284,0.3073144,0.6264356,1.0211008,1.4608652,1.8920264,2.482308,2.847296,3.080996,3.265706,3.3577104,3.2900444,3.2040968,3.0847472,2.9086948,2.7454072,2.6040716,2.3841372,2.2042976,2.014308,1.7967008,1.580198,1.3605516,1.1205332,0.8935712,0.6790772,0.5168048,0.4001116,0.3160992,0.2220508,0.1514676
5.54354354354354E-6,7.89547510387883E-13,7.90098323267884E-13,2.03690752326788E-12,6.28642507523104E-10,1.06661482502413E-7,2.707708069296E-5,6.06192006924092E-5,0.0073734191994456,0.03968421857284,0.09860651254,0.23567554212,0.2907204,0.6039792,0.9944264,1.4332296,1.86755,2.458372,2.8280932,3.0668308,3.2546416,3.347544,3.2816412,3.1961704,3.077004,2.9011816,2.7383564,2.597624,2.3780304,2.1986484,2.0091084,1.7919676,1.5761072,1.3570944,1.1176756,0.8913116,0.6773588,0.5154884,0.3991016,0.3153308,0.2215208,0.1511208
5.55205205205205E-6,5.49584805894657E-13,5.49943365934657E-13,1.41781776593466E-12,4.6402221776584E-10,8.290838221456E-8,2.24950998326329E-5,5.03686038322744E-5,0.0066711686029644,0.03670836814036,0.092115485696,0.223564673504,0.2747428,0.5819968,0.9679672,1.4055392,1.8428656,2.4339152,2.8084248,3.0523336,3.2433732,3.3372404,3.2732092,3.1882444,3.0692656,2.8936772,2.7313156,2.5911848,2.3719328,2.193008,2.0039168,1.7872428,1.5720236,1.3536432,1.1148228,0.889056,0.6756436,0.5141748,0.398094,0.3145644,0.220992,0.1507748
5.56056056056056E-6,3.81571085376708E-13,3.81803850296709E-13,9.84361050296708E-13,3.41695641050242E-10,6.43024556390449E-8,1.865138607407E-5,4.17679180738372E-5,0.00602616791747128,0.03390976757676,0.085942103616,0.211863116532,0.259378,0.560494,0.9417348,1.3778044,1.8179744,2.4089384,2.7882844,3.0374952,3.2318924,3.3267944,3.2647476,3.18032,3.0615328,2.8861824,2.7242856,2.5847544,2.3658444,2.187376,1.9987324,1.7825248,1.5679452,1.3501956,1.1119732,0.8868028,0.6739308,0.5128628,0.3970876,0.3137984,0.2204636,0.1504284
5.56906906906907E-6,2.64240930817994E-13,2.64391616417994E-13,6.81667776417994E-13,2.51018307776387E-10,4.97615783065256E-8,1.54337253140668E-5,3.45667293139162E-5,0.00543496672889664,0.03128216647856,0.080080116968,0.200571533004,0.2446212,0.539476,0.9157416,1.3500356,1.7928772,2.3834444,2.7676668,3.0223056,3.2201912,3.3162004,3.2562544,3.1723964,3.0538048,2.8786964,2.7172664,2.5783324,2.3597648,2.1817528,1.9935564,1.7778148,1.5638736,1.3467532,1.1091276,0.8845524,0.6722196,0.5115524,0.3960828,0.3130336,0.219936,0.1500828
5.57757757757758E-6,1.82519017937062E-13,1.82616298097062E-13,4.70841818097062E-13,1.83965641818079E-10,3.84236456410401E-8,1.27457714631228E-5,2.85500114630255E-5,0.0048945500111748,0.02881894982768,0.074522111588,0.18968860424,0.2304664,0.5189464,0.8899996,1.3222448,1.7675772,2.357438,2.746568,3.006756,3.2082612,3.305452,3.2477264,3.164472,3.0460804,2.8712184,2.7102576,2.5719188,2.3536944,2.176138,1.988388,1.7731124,1.559808,1.343316,1.1062868,0.882306,0.6705112,0.510244,0.3950788,0.3122692,0.2194084,0.1497372
5.58608608608608E-6,1.25747642443236E-13,1.25810271283236E-13,3.24385591283236E-13,1.34503185591273E-10,2.96032671851088E-8,1.05049951414379E-5,2.35334551413753E-5,0.0044007334549428,0.026513533320764,0.069260303852,0.17921222846,0.216906,0.4989084,0.8645188,1.294442,1.7420756,2.3309228,2.7249836,2.9908368,3.1960936,3.2945444,3.2391616,3.156546,3.03836,2.8637492,2.7032592,2.565514,2.347634,2.1705324,1.9832284,1.7684184,1.5557496,1.339884,1.1034504,0.8800628,0.668806,0.5089384,0.3940772,0.3115064,0.218882,0.149392
5.59459459459459E-6,8.6412418331842E-14,8.64526272558421E-14,2.22911507255842E-13,9.810539150725E-11,2.27571373912089E-8,8.64091305097909E-6,1.93595730509389E-5,0.00395015957291448,0.024358959475032,0.064286136816,0.16913911866,0.2039312,0.4793644,0.8393108,1.26664,1.7163776,2.3039056,2.7029104,2.9745396,3.1836808,3.2834716,3.2305588,3.1486196,3.030644,2.8562884,2.696272,2.559118,2.3415824,2.1649352,1.9780768,1.7637316,1.5516972,1.3364568,1.1006176,0.877822,0.6671028,0.507634,0.3930764,0.310744,0.218356,0.1490468
5.6031031031031E-6,5.92291839518514E-14,5.92549275118515E-14,1.52787447511851E-13,7.13867474475085E-11,1.74554867472636E-8,7.09343142751826E-6,1.58941034274925E-5,0.00354029410333396,0.0223482940321,0.059590676648,0.159465600672,0.1915316,0.460314,0.8143864,1.2388512,1.6904872,2.2763944,2.6803468,2.9578552,3.1710136,3.2722276,3.2219144,3.1406912,3.022932,2.8488364,2.6892964,2.5527316,2.3355408,2.1593468,1.9729336,1.7590532,1.5476516,1.3330356,1.09779,0.8755856,0.665402,0.5063316,0.3920768,0.3099824,0.21783,0.148702
5.61161161161161E-6,4.04929130993014E-14,4.05093497113014E-14,1.04454349711301E-13,5.18210543497094E-11,1.33592650542366E-8,5.81146722456143E-6,1.3022855224545E-5,0.0031678228551606,0.020475022803444,0.055165409496,0.150187611388,0.1796976,0.4417584,0.7897556,1.211088,1.6644092,2.2483964,2.6572904,2.9407752,3.1580832,3.2608068,3.2132256,3.1327596,3.0152228,2.841392,2.6823308,2.5463536,2.3295088,2.1537672,1.9677984,1.7543824,1.5436124,1.3296188,1.0949664,0.873352,0.6637036,0.5050308,0.3910784,0.3092212,0.2173044,0.1483572
5.62012012012012E-6,2.76125013372894E-14,2.76229666932894E-14,7.12277506932894E-14,3.75282837506922E-11,1.02015922836814E-8,4.75167756467125E-6,1.06489215646608E-5,0.00282984892152105,0.018732648884064,0.05100103872,0.141299897244,0.1684172,0.4236972,0.7654284,1.1833636,1.6381504,2.219922,2.6337412,2.9232928,3.144882,3.249204,3.2044912,3.1248256,3.0075176,2.8339572,2.6753772,2.5399852,2.3234868,2.1481968,1.9626716,1.7497196,1.53958,1.3262072,1.0921468,0.8711212,0.662008,0.5037324,0.390082,0.3084616,0.21678,0.1480128
5.62862862862863E-6,1.87808983863338E-14,1.87875433663338E-14,4.84457673663338E-14,2.71128417673657E-11,7.77300084172498E-9,3.87738898206087E-6,8.69028498205422E-6,0.00252389028495239,0.017114290257888,0.047087882512,0.132796412896,0.157678,0.4061288,0.7414152,1.155692,1.6117184,2.190982,2.6096988,2.9054,3.1314012,3.2374124,3.1957072,3.116888,2.9998144,2.8265296,2.6684344,2.5336256,2.317474,2.1426356,1.9575532,1.7450648,1.5355536,1.3228004,1.0893308,0.8688932,0.660314,0.5024352,0.3890864,0.3077028,0.216256,0.1476688
5.63713713713714E-6,1.27412018366424E-14,1.27454094050424E-14,3.28659694050424E-14,1.95413459694047E-11,5.90941334594357E-9,3.15763900060477E-6,7.07767900060056E-6,0.00224747767898048,0.015613877659472,0.0434170717696,0.12467112004,0.1474672,0.3890512,0.7177256,1.1280868,1.5851204,2.161588,2.5851648,2.8870892,3.1176316,3.2254264,3.1868704,3.1089452,2.9921136,2.81911,2.6615028,2.5272752,2.3114712,2.1370832,1.9524428,1.740418,1.531534,1.3193988,1.0865196,0.8666692,0.6586228,0.50114,0.3880924,0.3069448,0.2157324,0.1473252
5.64564564564565E-6,8.62160770356056E-15,8.62426455116057E-15,2.22392805511606E-14,1.4050687280551E-11,4.48265068726485E-9,2.56635144206567E-6,5.75275544206301E-6,0.00199775275542845,0.0142245527414,0.0399781482728,0.116915986404,0.13777,0.3724616,0.6943684,1.100562,1.558366,2.1317536,2.5601412,2.8683552,3.103566,3.2132404,3.177978,3.1009964,2.9844136,2.8116976,2.654582,2.5209336,2.305478,2.13154,1.9473408,1.7357792,1.5275208,1.316002,1.0837124,0.8644476,0.656934,0.4998472,0.3871,0.306188,0.21521,0.146982
5.65415415415415E-6,5.81901751724276E-15,5.82069053364277E-15,1.50099305336428E-14,1.00786859305335E-11,3.39281068592101E-9,2.08160960486691E-6,4.66647320486524E-6,0.00177306647319567,0.012940666463132,0.0367618630804,0.1095241848636,0.1285728,0.3563564,0.6713528,1.0731324,1.5314644,2.1014924,2.5346312,2.849192,3.0891964,3.2008496,3.169028,3.0930424,2.976716,2.8042936,2.6476732,2.514602,2.2994948,2.126006,1.9422476,1.7311492,1.5235148,1.3126112,1.08091,0.86223,0.6552484,0.4985568,0.3861096,0.3054328,0.2146884,0.1466392
5.66266266266266E-6,3.91736855141744E-15,3.91841913741744E-15,1.01046271374174E-14,7.21228062713736E-12,2.56223388062138E-9,1.68504622996326E-6,3.77771422996221E-6,0.00157097771422377,0.0117557777070216,0.033758575152,0.102487292668,0.1198608,0.3407324,0.648688,1.0458132,1.5044272,2.0708204,2.5086388,2.8295944,3.0745144,3.1882476,3.1600152,3.0850804,2.9690184,2.7968956,2.6407752,2.5082796,2.2935212,2.1204812,1.9371628,1.7265268,1.5195148,1.3092252,1.0781116,0.860016,0.6535652,0.4972684,0.3851208,0.3046784,0.2141672,0.1462968
5.67117117117117E-6,2.63040426569516E-15,2.63106216529517E-15,6.78493336529516E-15,5.14877693336526E-12,1.9306867769299E-9,1.36129868414653E-6,3.05208228414587E-6,0.00138945208227999,0.010663852077138,0.0309578501516,0.0957960907836,0.1116176,0.3255836,0.6263816,1.0186188,1.4772648,2.0397528,2.4821688,2.8095568,3.0595116,3.1754284,3.1509368,3.0771096,2.9613216,2.7895056,2.6338896,2.5019672,2.287558,2.1149652,1.932086,1.7219124,1.515522,1.3058452,1.0753188,0.857806,0.6518852,0.4959824,0.3841336,0.3039248,0.2136468,0.1459548
5.67967967967968E-6,1.76170968236541E-15,1.76212053516541E-15,4.54417013516541E-15,3.66689097013515E-12,1.45157129096805E-9,1.09754636952926E-6,2.46087716952885E-6,0.00122686087716675,0.0096592608735044,0.0283504594256,0.0894421633308,0.1038284,0.310906,0.6044424,0.9915648,1.44999,2.0083076,2.4552272,2.7890768,3.044182,3.1623884,3.14179,3.0691296,2.953624,2.7821224,2.6270152,2.495664,2.2816048,2.1094588,1.927018,1.7173064,1.511536,1.3024704,1.07253,0.8555988,0.6502072,0.494698,0.3831476,0.303172,0.2131268,0.1456128
5.68818818818819E-6,1.17687244759957E-15,1.17712831247958E-15,3.03561831247957E-15,2.60527881831247E-12,1.08892487881706E-9,8.83120923701946E-7,1.98020492370169E-6,0.00108198020492184,0.0087375802023196,0.025927979116,0.083417897084,0.0964792,0.2966956,0.5828792,0.964668,1.4226156,1.976502,2.42782,2.76815,3.0285172,3.1491216,3.1325712,3.06114,2.9459264,2.7747464,2.6201528,2.4893708,2.2756616,2.1039616,1.9219584,1.7127088,1.5075568,1.2991012,1.0697456,0.8533956,0.648532,0.4934156,0.3821632,0.3024208,0.2126076,0.1452716
5.6966966966967E-6,7.84164345322049E-16,7.8432324832205E-16,2.02266044832205E-15,1.84660026044832E-12,8.15062200259703E-10,7.09161061416096E-7,1.59021626141594E-6,9.52390216260177E-4,0.0078919902144156,0.0236791894012,0.0777108810552,0.0895512,0.2829448,0.5616984,0.9379432,1.395156,1.944356,2.3999556,2.7467744,3.0125104,3.1356224,3.1232752,3.0531376,2.938226,2.7673756,2.6133016,2.4830864,2.2697284,2.098474,1.916908,1.7081192,1.5035848,1.2957376,1.066966,0.8511956,0.6468596,0.4921352,0.3811804,0.3016704,0.2120892,0.1449308
5.7052052052052E-6,5.21157283981069E-16,5.21255696901069E-16,1.34425849690107E-15,1.3057306584969E-12,6.08718530658053E-10,5.68324718009501E-7,1.2744647180094E-6,8.36874464717186E-4,0.0071176744634128,0.021594873856,0.07231230614,0.0830292,0.269648,0.5409084,0.9114076,1.3676256,1.9118892,2.3716428,2.7249484,2.9961556,3.1218868,3.1138996,3.0451232,2.930524,2.7600116,2.6064628,2.4768124,2.2638056,2.0929956,1.911866,1.7035384,1.49962,1.2923796,1.0641912,0.8489992,0.6451896,0.4908564,0.3801988,0.3009212,0.2115716,0.1445904
5.71371371371371E-6,3.45472703715803E-16,3.45533485067803E-16,8.91098685067803E-16,9.21077898685066E-13,4.53601877898421E-10,4.54543201532426E-7,1.01935400153237E-6,7.34219354000986E-4,0.0064102193530808,0.0196670189004,0.0672125648108,0.076898,0.2568,0.5205168,0.8850776,1.3400408,1.8791232,2.3428912,2.7026712,2.9794464,3.1079096,3.1044392,3.0370944,2.9228184,2.7526524,2.5996352,2.470548,2.2578932,2.0875276,1.906834,1.6989668,1.4956624,1.2890272,1.0614208,0.8468064,0.6435224,0.48958,0.3792188,0.3001724,0.2110536,0.1442496
5.72222222222222E-6,2.28424316191969E-16,2.28461751839969E-16,5.89185831839969E-16,6.48187585831839E-13,3.37260587585676E-10,3.62810860359161E-7,8.13668460359124E-7,6.43213668459998E-4,0.0057648136678124,0.0178864133312,0.0624012508576,0.0711408,0.2443928,0.5005296,0.8589688,1.312416,1.8460784,2.3137112,2.679942,2.9623764,3.093686,3.0948896,3.0290496,2.9151092,2.7452988,2.5928204,2.4642944,2.251992,2.0820696,1.9018112,1.694404,1.4917124,1.2856808,1.0586556,0.8446176,0.6418584,0.488306,0.3782408,0.2994252,0.2105368,0.1439096
5.73073073073073E-6,1.5064473224294E-16,1.5066772535894E-16,3.88563445358939E-16,4.55058003445358E-13,2.50200938003353E-10,2.89008880787359E-7,6.48178480787336E-7,5.62248178480549E-4,0.00517624817802588,0.01624344792828,0.0578663591696,0.0657404,0.2324188,0.4809524,0.8330968,1.284768,1.8127776,2.2841148,2.6567628,2.9449412,3.0792132,3.0852472,3.0209872,2.9073944,2.7379492,2.5860164,2.4580496,2.2461004,2.0766208,1.8967968,1.6898492,1.4877692,1.28234,1.0558952,0.8424324,0.6401976,0.4870344,0.3772644,0.2986788,0.2100208,0.1435696
5.73923923923924E-6,9.9094254319732E-17,9.91083377357321E-17,2.55596617735732E-16,3.18708836617735E-13,1.85201588836563E-10,2.29756561489742E-7,5.15307561489728E-7,4.90915307561333E-4,0.00464131530724288,0.01473091512236,0.053599485551,0.0606828,0.2208724,0.4617932,0.80748,1.2571152,1.7792448,2.2541152,2.6331352,2.9271356,3.064486,3.0755068,3.0129056,2.899674,2.7306044,2.5792252,2.451816,2.24022,2.0711816,1.8917912,1.6853032,1.4838328,1.2790048,1.0531396,0.8402508,0.6385388,0.4857644,0.3762888,0.2979332,0.2095052,0.14323
5.74774774774775E-6,6.50169518958015E-17,6.50255542278015E-17,1.67699594227801E-16,2.22680979594228E-13,1.36782920979562E-10,1.82284702855963E-7,4.08849022855954E-7,4.28008849022753E-4,0.00415560884880024,0.01334080871224,0.04958942656432,0.0559512,0.2097452,0.4430564,0.7821328,1.2294736,1.7455028,2.2237248,2.6090612,2.9089552,3.0495016,3.0656648,3.004804,2.8919476,2.723264,2.5724464,2.4455924,2.2343504,2.0657528,1.8867952,1.680766,1.479904,1.2756756,1.0503888,0.8380728,0.6368832,0.4844972,0.3753156,0.2971892,0.2089908,0.1428912
5.75625625625625E-6,4.25488626749876E-17,4.25541025605876E-17,1.09746742560588E-16,1.5521502674256E-13,1.00797775026724E-10,1.44330157732478E-7,3.23730397732473E-7,3.72323730397665E-4,0.00371512373024256,0.0120647236296,0.04582577940024,0.0515308,0.1990308,0.4247484,0.7570728,1.201862,1.7115764,2.1929584,2.5845452,2.8903964,3.0342568,3.055716,2.99668,2.8842132,2.7159272,2.5656796,2.4393788,2.2284912,2.0603332,1.8818072,1.6762368,1.475982,1.2723516,1.0476424,0.8358984,0.63523,0.4832316,0.374344,0.2964468,0.2084776,0.1425532
5.76476476476476E-6,2.77736269028063E-17,2.77768098188063E-17,7.16365858188063E-17,1.07930876585819E-13,7.41142508765749E-11,1.14048234223103E-7,2.558158342231E-7,3.23455815834179E-4,0.00331625581572632,0.01089465574172,0.0422973417676,0.0474052,0.18872,0.4068732,0.732316,1.1742992,1.6774912,2.161832,2.5595924,2.8714564,3.0187484,3.045656,2.988532,2.8764696,2.7085924,2.558924,2.4331748,2.222642,2.0549232,1.8768288,1.6717164,1.4720664,1.2690328,1.0449,0.8337268,0.6335792,0.4819684,0.373374,0.2957056,0.2079652,0.1422156
5.77327327327327E-6,1.80825783469912E-17,1.80845064313912E-17,4.66402944313912E-17,7.48718402944313E-14,5.43730718402881E-11,8.99384130537577E-8,2.01741693053756E-7,2.80601741693025E-4,0.0029558017416182,0.00982420168732,0.03899451180328,0.0435608,0.178806,0.389436,0.707878,1.1468036,1.6432716,2.1303612,2.5342076,2.8521324,3.0029732,3.0354792,2.9803576,2.8687164,2.7012604,2.5521812,2.4269816,2.2168044,2.0495236,1.87186,1.6672052,1.4681588,1.26572,1.0421628,0.8315592,0.6319312,0.4807072,0.3724056,0.2949652,0.2074532,0.1418784
5.78178178178178E-6,1.17427836842404E-17,1.17439484118404E-17,3.02880204118404E-17,5.18146080204118E-14,3.98013026080167E-11,7.07825212908652E-8,1.58776921290864E-7,2.42772016921272E-4,0.00263037201686949,0.00884597197712,0.0359063012344,0.03998181324,0.16928,0.37244,0.683774,1.1193936,1.6089436,2.0985628,2.5083976,2.8324228,2.98693,3.025182,2.972156,2.8609528,2.6939308,2.5454508,2.4207984,2.2109772,2.044134,1.8669004,1.6627028,1.4642588,1.2624136,1.0394308,0.8293956,0.6302864,0.4794484,0.3714388,0.2942256,0.2069416,0.1415412
5.79029029029029E-6,7.60614613245014E-18,7.60684778045015E-18,1.96184117804501E-17,3.57723144117804E-14,2.90698003144096E-11,5.55943897927082E-8,1.24710389792708E-7,2.09621950389781E-4,0.00233722195035403,0.00795362192132,0.033023166356,0.03665509724,0.1601344,0.3558888,0.6600192,1.092088,1.5745328,2.066454,2.4821696,2.8123256,2.9706156,3.0147576,2.9639236,2.8531764,2.6866024,2.5387324,2.4146256,2.2051608,2.0387544,1.86195,1.6582092,1.460366,1.2591132,1.036704,0.827236,0.6286448,0.478192,0.3704736,0.2934868,0.2064304,0.141204
5.7987987987988E-6,4.91407323072583E-18,4.91449474516584E-18,1.26747627451658E-17,2.46378467627452E-14,2.11844738467615E-11,4.35772244689327E-8,9.77554244689322E-8,1.80991115424461E-4,0.00207379111539984,0.00714099109424,0.0303349475382,0.03356649336,0.15136,0.3397844,0.6366276,1.0649052,1.5400652,2.0340536,2.4555328,2.7918412,2.9540292,3.004202,2.9556592,2.8453868,2.6792748,2.5320264,2.4084632,2.1993552,2.0333848,1.8570092,1.6537248,1.4564808,1.2558188,1.033982,0.8250796,0.6270056,0.4769376,0.36951,0.2927496,0.2059208,0.140868
5.80730730730731E-6,3.16666190826256E-18,3.16691443230256E-18,8.16768523230255E-18,1.69285396852323E-14,1.54036805396845E-11,3.4088827677373E-8,7.64719876773728E-8,1.55842751987672E-4,0.00183744275197075,0.006402642736584,0.02783220866316,0.03070336628,0.14295,0.3241304,0.6136144,1.0378652,1.505568,2.0013808,2.4284968,2.77097,2.93717,2.99351,2.9473608,2.8375828,2.671948,2.5253336,2.402312,2.1935612,2.0280264,1.852078,1.6492496,1.4526036,1.2525308,1.0312656,0.8229284,0.6253704,0.475686,0.3685484,0.2920132,0.2054112,0.1405316
5.81581581581581E-6,2.03537720642292E-18,2.03552807230292E-18,5.24978367230292E-18,1.16037217836723E-14,1.11753757217833E-11,2.66126473736864E-8,5.97017033736862E-8,1.3387194170337E-4,0.00162547194169177,0.005732271930528,0.025505045329056,0.02805141224,0.1348944,0.3089276,0.5909924,1.0109856,1.4710676,1.9684552,2.4010716,2.7497124,2.9200364,2.982676,2.9390252,2.8297624,2.6646204,2.5186528,2.3961708,2.1877776,2.0226776,1.8471564,1.6447836,1.448734,1.2492488,1.028554,0.8207804,0.6237376,0.4744364,0.3675888,0.2912784,0.2049028,0.140196
5.82432432432432E-6,1.30488023254832E-18,1.30497011534832E-18,3.36563171534832E-18,7.93479363171534E-15,8.08966279363148E-12,2.07342176614887E-8,4.65151136614887E-8,1.14899675113659E-4,0.00143569967510573,0.005124499667024,0.023343678940896,0.02559885316,0.1271852,0.2941772,0.5687752,0.9842856,1.4365904,1.9352968,2.3732688,2.72807,2.9026276,2.9716936,2.9306492,2.8219236,2.6572912,2.5119844,2.3900404,2.1820052,2.0173392,1.842244,1.6403264,1.4448716,1.2459724,1.0258472,0.8186364,0.622108,0.4731896,0.3666312,0.2905452,0.2043956,0.1398612
5.83283283283283E-6,8.34410132677868E-19,8.34463534925869E-19,2.15216153492587E-18,5.41295216153492E-15,5.8429089521614E-12,1.61216789081177E-8,3.61679349081177E-8,9.84486079349067E-5,0.0012664486079295,0.004574848602092,0.021339632486256,0.02333361244,0.1198136,0.2798792,0.5469744,0.9577828,1.4021624,1.9019264,2.3451012,2.7060464,2.8849448,2.9605592,2.9222312,2.8140652,2.6499592,2.505328,2.38392,2.1762436,2.0120108,1.8373412,1.635878,1.4410164,1.2427016,1.0231448,0.8164956,0.6204804,0.4719444,0.3656748,0.2898128,0.2038888,0.1395268
5.84134134134134E-6,5.32196155480635E-19,5.32227795716635E-19,1.37266979571663E-18,3.68377826979571E-15,4.21074057826972E-12,1.25099667400461E-8,2.8065730740046E-8,8.42094657307392E-5,0.00111540946572706,0.00407820946152,0.019483396955764,0.0212433814,0.1127704,0.2660336,0.525602,0.931496,1.3678112,1.868366,2.316582,2.6836444,2.8669876,2.9492668,2.9137684,2.8061864,2.6426252,2.4986848,2.3778108,2.1704932,2.0066924,1.8324476,1.6314384,1.4371684,1.2394368,1.0204476,0.8143592,0.6188564,0.470702,0.3647204,0.2890816,0.2033824,0.1391924
5.84984984984985E-6,3.38568882817665E-19,3.38587577461666E-19,8.73254177461665E-19,2.50099605417746E-15,3.02773699605413E-12,9.68778373665748E-9,2.17345597366575E-8,7.19072145597361E-5,9.80707214557236E-4,0.003629507211532,0.017765897526776,0.01931708548,0.1060468,0.2526392,0.5046688,0.9054424,1.3335624,1.8346368,2.2877252,2.6608684,2.8487572,2.9378108,2.9052572,2.7982844,2.6352872,2.4920536,2.3717116,2.1647532,2.0013836,1.8275628,1.6270072,1.433328,1.2361784,1.0177556,0.8122264,0.6172352,0.4694616,0.3637676,0.288352,0.2028776,0.1388592
5.85835835835836E-6,2.14835104219272E-19,2.14846119419272E-19,5.54112879419272E-19,1.69391971287942E-15,2.17224311971285E-12,7.48712824290487E-9,1.67976122429049E-8,6.12975576122425E-5,8.60897557610549E-4,0.00322569755544,0.016179690070484,0.01754488076,0.0996347999999999,0.2396952,0.4841856,0.87964,1.2994428,1.8007612,2.258546,2.6377228,2.830254,2.9261852,2.8966948,2.790358,2.6279448,2.4854356,2.365624,2.1590252,1.9960856,1.822688,1.6225852,1.4294948,1.2329256,1.0150684,0.8100972,0.6156164,0.4682232,0.362816,0.2876228,0.2023728,0.138526
5.86686686686687E-6,1.35971013659988E-19,1.35977486052388E-19,3.50702446052388E-19,1.14454510244605E-15,1.55499214510243E-12,5.77469099200913E-9,1.29558669920091E-8,5.21642358669918E-5,7.54964235865847E-4,0.002862964234312,0.014716958461176,0.01591615128,0.0935252,0.2271988,0.4641604,0.8541048,1.2654784,1.7667616,2.22906,2.614214,2.81148,2.9143852,2.8880784,2.7824052,2.6205972,2.47883,2.3595468,2.1533084,1.9907984,1.8178232,1.6181728,1.4256696,1.2296792,1.0123864,0.807972,0.6140008,0.4669872,0.3618664,0.2868948,0.2018688,0.1381932
5.87537537537537E-6,8.5836047682284E-20,8.58398402602841E-20,2.21392080260284E-19,7.7149659208026E-16,1.11065389659207E-12,4.44492665381075E-9,9.97257465381075E-9,4.43160125746536E-5,6.60716012573882E-4,0.002536716011464,0.013369111567648,0.01442110604,0.0877088,0.2151476,0.4446032,0.8288536,1.2316952,1.7326616,2.1992844,2.590348,2.7924372,2.9024048,2.8794044,2.774424,2.6132436,2.4722372,2.3534804,2.1476024,1.9855212,1.8129676,1.6137696,1.4218524,1.2264396,1.0097104,0.8058516,0.6123888,0.4657536,0.3609184,0.286168,0.2013656,0.1378608
5.88388388388388E-6,5.40476043080523E-20,5.40498204692523E-20,1.39401740469252E-19,5.18793921740469E-16,7.91514793921736E-13,3.41446471473987E-9,7.66072871473987E-9,3.75843007287146E-5,5.77584300728196E-4,0.0022447842999372,0.012129580886264,0.01305117664,0.082178,0.2035388,0.4255216,0.8039028,1.1981188,1.698484,2.1692364,2.5661328,2.773128,2.8902384,2.8706684,2.7664112,2.6058812,2.465656,2.3474244,2.141908,1.9802552,1.8081224,1.609376,1.4180432,1.2232064,1.0070396,0.8037352,0.61078,0.4645224,0.359972,0.285442,0.2008628,0.1375284
5.89239239239239E-6,3.3944250408919E-20,3.3945541822519E-20,8.7550301822519E-20,3.48029510301822E-16,5.62819629510299E-13,2.61759801959556E-9,5.87292641959556E-9,3.18206329264195E-5,5.03820632926071E-4,0.0019834206323636,0.0109910180153284,0.01179661476,0.076922,0.1923672,0.4069212,0.7792656,1.1647728,1.6642516,2.1389336,2.5415752,2.7535544,2.8778808,2.861868,2.7583664,2.5985116,2.459088,2.3413796,2.1362252,1.9749992,1.8032864,1.6049916,1.4142412,1.2199788,1.0043732,0.801622,0.6091736,0.4632932,0.3590272,0.2847172,0.2003608,0.1371964
5.9009009009009E-6,2.12637053431191E-20,2.12644558031991E-20,5.48441118031991E-20,2.32915044111803E-16,3.9930919504411E-13,2.00265050917378E-9,4.49325370917378E-9,2.68947852537091E-5,4.38894785253476E-4,0.0017496947848544,0.0099464927826032,0.010649690292,0.0719332,0.1816288,0.3888084,0.7549576,1.1316828,1.6299884,2.1083952,2.516686,2.7337208,2.8653268,2.8529992,2.750286,2.5911316,2.452532,2.3353452,2.1305536,1.969754,1.7984604,1.6006168,1.4104476,1.216758,1.0017128,0.7995136,0.6075708,0.4620668,0.3580844,0.283994,0.19986,0.1368652
5.90940940940941E-6,1.32860007467195E-20,1.32864356438395E-20,3.42677036438395E-20,1.55503067703644E-16,2.82669503067703E-13,1.52907466948978E-9,3.43074346948978E-9,2.26925427434695E-5,3.81492542743314E-4,0.0015410925424608,0.0089898910136688,0.009603089112,0.0672028,0.1713184,0.3711884,0.730992,1.0988712,1.5957168,2.0776396,2.4914728,2.7136292,2.8525704,2.844058,2.7421684,2.5837412,2.4459892,2.3293224,2.1248936,1.9645192,1.793644,1.5962508,1.4066612,1.2135432,0.9990572,0.7974092,0.6059712,0.4608428,0.3571436,0.2832728,0.1993604,0.1365348
5.91791791791792E-6,8.28005241395316E-21,8.28030374295317E-21,2.13561637429532E-20,1.03571436163743E-16,1.99654051436163E-13,1.16512925404316E-9,2.61419245404316E-9,1.9114090192454E-5,3.3151409019235E-4,0.0013559140899928,0.0081151129250632,0.008648711476,0.062722,0.16143,0.3540648,0.7073832,1.066364,1.5614624,2.046688,2.465948,2.6932844,2.8396068,2.8350404,2.7340112,2.5763388,2.4394588,2.3233104,2.1192452,1.9592952,1.7888376,1.5918944,1.4028828,1.2103348,0.9964068,0.7953088,0.6043748,0.4596216,0.3562052,0.2825532,0.198862,0.1362052
5.92642642642643E-6,5.14700142882098E-21,5.14714627122099E-21,1.3275282271221E-20,6.88179152822712E-17,1.40704097915282E-13,8.86015504092768E-10,1.98796270409277E-9,1.60723399627041E-5,2.87272339962635E-4,0.001190472339822,0.0073156714539472,0.007779270352,0.0584808,0.1519564,0.3374404,0.6841416,1.0341816,1.5272472,2.01556,2.4401212,2.67269,2.8264308,2.8259428,2.7258116,2.5689236,2.4329412,2.3173088,2.1136076,1.9540812,1.7840404,1.5875472,1.3991124,1.2071328,0.993762,0.7932128,0.6027816,0.4584028,0.3552688,0.2818348,0.1983644,0.135876
5.93493493493493E-6,3.19123252612203E-21,3.19131576888203E-21,8.23090136888203E-21,4.56165989013689E-17,9.89386565989012E-14,6.72403738653407E-10,1.50869013865341E-9,1.34914846901386E-5,2.48877044690093E-4,0.0010440770445912,0.0065864763722864,0.006988875536,0.05447218556,0.1428912,0.3213168,0.66128,1.0023472,1.4930948,1.984276,2.4140048,2.6518504,2.8130364,2.8167596,2.7175664,2.5614932,2.426436,2.3113184,2.107982,1.9488784,1.779254,1.5832096,1.39535,1.2039372,0.9911228,0.7911208,0.6011912,0.4571864,0.354334,0.2811176,0.1978676,0.1355476
5.94344344344344E-6,1.9735372693164E-21,1.9735849776484E-21,5.09018817764839E-21,3.01650501881776E-17,6.94151250501881E-14,5.09260615123076E-10,1.14264941512308E-9,1.13056306494151E-5,2.15333910649385E-4,9.1453391058E-4,0.0059225334013888,0.006270932768,0.05068642828,0.1342268,0.3056956,0.6388088,0.970882,1.4590292,1.9528576,2.3876108,2.6307704,2.79942,2.8074876,2.709274,2.5540476,2.4199436,2.3053388,2.1023676,1.943686,1.7744768,1.5788808,1.3915948,1.2007476,0.9884884,0.7890328,0.5996044,0.4559724,0.3534012,0.2804016,0.1973716,0.1352192
5.95195195195195E-6,1.21734803798677E-21,1.21737530508677E-21,3.13980650508677E-21,1.98996518065051E-17,4.85927796518064E-14,3.84920992778434E-10,8.63668992778434E-10,9.45765966899278E-6,1.85994699668973E-4,7.995946996204E-4,0.005318394314748,0.005619593836,0.04711493704,0.1259552,0.2905772,0.6167384,0.9398072,1.4250744,1.9213272,2.3609536,2.6094564,2.7855772,2.7981224,2.7009312,2.5465848,2.4134632,2.2993692,2.096764,1.938504,1.7697096,1.574562,1.3878484,1.1975652,0.98586,0.7869492,0.5980208,0.4547612,0.3524704,0.2796868,0.1968764,0.1348912
5.96046046046046E-6,7.48974420757693E-22,7.48989961813693E-22,1.93176836181369E-21,1.30962477683618E-17,3.39405202477683E-14,2.90351620519499E-10,6.51482380519499E-10,7.89816748238052E-6,1.60146967482367E-4,6.9774696744844E-4,0.00476934667713076,0.005029499796,0.04374920228,0.11806815348,0.27596015348,0.59507735348,0.9091416,1.391252,1.8897048,2.3340452,2.5879116,2.7715012,2.7886576,2.692534,2.5391028,2.4069952,2.2934108,2.0911724,1.9333328,1.7649524,1.5702524,1.3841096,1.1943888,0.9832364,0.7848692,0.5964396,0.4535516,0.3515404,0.2789724,0.1963812,0.1345632
5.96896896896897E-6,4.59623451310368E-22,4.59632284554369E-22,1.18546948455437E-21,8.59819746948455E-18,2.36534781974695E-14,2.18573933477738E-10,4.90432293477738E-10,6.58449043229347E-6,1.37820650432285E-4,6.0822065040864E-4,0.00427142043185836,0.00449559284,0.04058140884,0.11055657268,0.26184257268,0.57383417268,0.8789048,1.3575848,1.8580124,2.3069004,2.5661428,2.7571892,2.7790904,2.6840816,2.5316016,2.40054,2.287464,2.0855928,1.9281724,1.7602052,1.5659524,1.3803784,1.1912184,0.980618,0.7827932,0.5948616,0.4523448,0.3506128,0.27826,0.1958876,0.1342364
5.97747747747748E-6,2.81332446145037E-22,2.81337452903037E-22,7.25617972903037E-22,5.6315496179729E-18,1.6447531549618E-14,1.64207567531268E-10,3.68448207531268E-10,5.47988044820753E-6,1.18408560448202E-4,5.2920856043176E-4,0.00382040839624064,0.004013174472,0.03760249496,0.10341116628,0.24822236628,0.55301676628,0.8491156,1.3240964,1.8262728,2.279534,2.5441552,2.7426364,2.7694152,2.6755696,2.5240788,2.3940972,2.2815276,2.080024,1.9230224,1.7554676,1.561662,1.3766556,1.1880552,0.9780056,0.780722,0.5932876,0.4511408,0.3496872,0.2775488,0.1953948,0.1339096
5.98598598598599E-6,1.71759323329071E-22,1.71762153353471E-22,4.43004833353471E-22,3.67966420483335E-18,1.14113196642048E-14,1.23114651319492E-10,2.76245251319492E-10,4.55273624525132E-6,1.01571536245248E-4,4.5957153623384E-4,0.0034123714131306,0.00357812706,0.0348051746,0.0966225558,0.2350961558,0.5326317558,0.8197904,1.2908068,1.7945064,2.2519596,2.521954,2.7278376,2.7596264,2.6669948,2.5165328,2.3876668,2.275602,2.0744668,1.9178832,1.75074,1.5573808,1.3729408,1.1848984,0.975398,0.7786548,0.5917164,0.4499392,0.3487636,0.2768396,0.1949032,0.133584
5.99449449449449E-6,1.04593321798341E-22,1.04594917018741E-22,2.69768797018741E-22,2.39854896879702E-18,7.89949054896879E-15,9.21185394904443E-11,2.06696779490444E-10,3.77595069677949E-6,8.69922306967771E-5,3.9899223068888E-4,0.00304419213857824,0.003186277184,0.03218130144,0.09018128516,0.22245928516,0.51268528516,0.7909468,1.2577392,1.762736,2.2241932,2.4995452,2.7127884,2.749718,2.6583532,2.5089616,2.3812484,2.2696876,2.0689216,1.9127544,1.746022,1.5531088,1.3692332,1.1817472,0.9727956,0.7765912,0.5901476,0.4487392,0.3478408,0.2761304,0.1944116,0.1332584
6.003003003003E-6,6.35286529686612E-23,6.35295496702612E-23,1.63854189670261E-22,1.55972585418967E-18,5.45622372585419E-15,6.87868162236623E-11,1.54345336223662E-10,3.12630634533622E-6,7.43887463453346E-5,3.4558874633988E-4,0.00271198867755852,0.002833664592,0.02972253844,0.084076076,0.210306876,0.493182076,0.7625988,1.224914,1.7309828,2.19625,2.4769352,2.6974868,2.739686,2.6496428,2.5013644,2.3748428,2.263784,2.063388,1.9076368,1.7413144,1.5488468,1.365534,1.1786028,0.9701988,0.774532,0.5885824,0.447542,0.3469204,0.2754232,0.1939216,0.1329336
6.01151151151151E-6,3.84873725202611E-23,3.84878751787412E-23,9.92671551787411E-23,1.01182846715518E-18,3.76022782846715E-15,5.126064022779E-11,1.1502016022779E-10,2.58397742016023E-6,6.35113774201592E-5,2.990444174164E-4,0.00241304436615952,0.0025170747824,0.02742169092,0.07829796352,0.19863363048,0.47412763048,0.7347628,1.1923528,1.6992688,2.168146,2.4541296,2.6819272,2.7295232,2.6408584,2.4937388,2.3684496,2.2578912,2.057866,1.90253,1.7366168,1.5445944,1.3618432,1.1754656,0.9676076,0.7724772,0.5870204,0.4463472,0.3460016,0.2747172,0.193432,0.1326088
6.02002002002002E-6,2.32567802786263E-23,2.32570612713463E-23,5.99841852713462E-23,6.54827184185271E-19,2.58562402718418E-15,3.81227216240039E-11,8.55411616240039E-11,2.13204914116162E-6,5.41392891411609E-5,2.58477409138576E-4,0.00214447737101844,0.0022332778436,0.02527114588,0.07283553864,0.18743240052,0.45552440052,0.7074508,1.1600744,1.6676148,2.1398972,2.4311356,2.6661076,2.7192256,2.631998,2.4860832,2.362068,2.2520092,2.052356,1.8974344,1.73193,1.5403524,1.3581608,1.1723348,0.9650216,0.7704264,0.5854612,0.4451548,0.3450848,0.2740124,0.1929432,0.1322848
6.02852852852853E-6,1.40172841487898E-23,1.40174407928698E-23,3.61535047928698E-23,4.22771393504793E-19,1.7739671713935E-15,2.82946379671574E-11,6.34887579671574E-11,1.75613028875797E-6,4.60775702887575E-5,2.23095770286984E-4,0.00190309574199412,0.0019787735868,0.02326301752,0.06767789608,0.17669567788,0.43737567788,0.6806764,1.1281,1.6360432,2.1115212,2.40796,2.6500252,2.7087872,2.6230572,2.478396,2.3556988,2.246138,2.0468572,1.8923492,1.7272524,1.5361192,1.3544856,1.16921,0.9624408,0.7683796,0.5839052,0.4439648,0.3441696,0.2733088,0.1924552,0.1319612
6.03703703703704E-6,8.42675607922727E-24,8.42684316145928E-24,2.17343591614593E-23,2.72297494359161E-19,1.21438109749436E-15,2.09577663810891E-11,4.70261223810891E-11,1.44400022612238E-6,3.91544802261221E-5,1.92059920224908E-4,0.00168645989926836,0.0017508501532,0.0213898062,0.06281369572,0.16641519028,0.41968319028,0.6544504,1.0964476,1.6045736,2.0830332,2.3846084,2.6336764,2.6982016,2.6140324,2.4706752,2.3493416,2.2402776,2.0413704,1.8872752,1.7225852,1.531896,1.3508192,1.1660924,0.959866,0.766338,0.5823536,0.4427784,0.3432576,0.2726076,0.1919688,0.1316384
6.04554554554555E-6,5.05288804206557E-24,5.05293631924158E-24,1.30324523192416E-23,1.74960912452319E-19,8.29456160912452E-16,1.54919534561559E-11,3.47617574561559E-11,1.18530316175746E-6,3.32191031617573E-5,1.65287583160928E-4,0.0014924875676698,0.0015471853484,0.01964520008,0.05823316628,0.1565826978,0.4024486978,0.6287836,1.0651352,1.573226,2.0544496,2.3610872,2.6170584,2.6874632,2.6049196,2.4629188,2.342996,2.234428,2.0358952,1.8822116,1.717928,1.5276824,1.3471608,1.1629812,0.9572964,0.7643,0.5808044,0.4415936,0.3423468,0.2719072,0.1914828,0.131316
6.05405405405405E-6,3.02204882227046E-24,3.02207551245046E-24,7.79449031245046E-24,1.12149874490312E-19,5.6527574987449E-16,1.14284732757468E-11,2.56439612757469E-11,9.71273643961275E-7,2.81389296439611E-5,1.41925329643396E-4,0.00131872531821549,0.001365114464,0.018021743216,0.05392417556,0.14718918916,0.38567318916,0.603686,1.0341816,1.5420216,2.0257876,2.3374036,2.6001704,2.6765668,2.5957156,2.4551252,2.3366624,2.2285888,2.0304316,1.8771592,1.7132808,1.523478,1.3435104,1.1598768,0.9547328,0.7622668,0.5792592,0.440412,0.341438,0.271208,0.190998,0.1309944
6.06256256256256E-6,1.80279201175661E-24,1.80280672668861E-24,4.64977432668861E-24,7.17160097743267E-20,3.84375876009774E-16,8.4137723758742E-12,1.88794203758742E-11,7.94518479420375E-7,2.37979864794203E-5,1.21679786479036E-4,0.00116367977806565,0.0012029587276,0.016513764228,0.04987716076,0.13822567896,0.36935687896,0.5791664,1.0036032,1.5109788,1.9970628,2.3135628,2.5830084,2.6655048,2.5864152,2.447292,2.3303404,2.2227604,2.0249796,1.8721172,1.7086428,1.5192828,1.3398676,1.1567788,0.9521744,0.760238,0.5777172,0.4392328,0.3405312,0.2705104,0.190514,0.1306732
6.07107107107107E-6,1.07268640618849E-24,1.07269449644409E-24,2.76667969644409E-24,4.57501466796964E-20,2.6078379014668E-16,6.18178078378907E-12,1.38711527837891E-11,6.48808271152783E-7,2.00948482711527E-5,1.04163448270892E-4,0.00102536344208937,0.0010585681944,0.0151139194,0.04608007336,0.12968120476,0.35349880476,0.555232,0.9734172,1.4801172,1.968292,2.2895716,2.5655716,2.6542716,2.5770152,2.4394176,2.3240304,2.2169428,2.01954,1.8670868,1.704016,1.5150984,1.336234,1.153688,0.949622,0.7582132,0.576178,0.4380556,0.3396256,0.2698132,0.1900304,0.130352
6.07957957957958E-6,6.36622323248166E-25,6.36626758956167E-25,1.64198115895617E-24,2.91157859811589E-20,1.76536355785981E-16,4.53270053635515E-12,1.01708405363551E-11,5.28906170840536E-7,1.69410541708405E-5,8.9032734170664E-5,9.0223272963814E-4,9.302572E-4,0.013816928304,0.042522916156,0.121546424476,0.338098024476,0.5318892,0.943638,1.4494544,1.9394912,2.2654368,2.5478596,2.6428624,2.567512,2.4314996,2.3177316,2.2111352,2.0141112,1.8620664,1.6993984,1.5109228,1.3326076,1.1506032,0.9470744,0.756192,0.5746416,0.4368804,0.3387216,0.2691176,0.189548,0.1300316
6.08808808808809E-6,3.76854681699974E-25,3.76857106971974E-25,9.71987746971974E-25,1.8485175987747E-20,1.19238445175988E-16,3.3168120384448E-12,7.4425460384448E-12,4.30417842546038E-7,1.4259573842546E-5,7.59838138424268E-5,7.92783810525734E-4,8.163978544E-4,0.012616367444,0.039194538288,0.113810014048,0.323152814048,0.509144,0.9142812,1.4190088,1.9106764,2.2411644,2.5298708,2.6312708,2.5579016,2.4235368,2.3114444,2.205338,2.008694,1.8570568,1.6947908,1.5067572,1.3289896,1.1475252,0.9445328,0.754176,0.5731092,0.4357088,0.3378204,0.268424,0.1890668,0.129712
6.0965965965966E-6,2.22509560887147E-25,2.22510883261947E-25,5.73898923261947E-25,1.17078898989233E-20,8.03577078898989E-17,2.42216995770767E-12,5.43508395770767E-12,3.49664235083957E-7,1.19834762350839E-5,6.47483562350036E-5,6.95948353812914E-4,7.158138428E-4,0.011506664184,0.036084230372,0.106460265492,0.308659465492,0.4869996,0.8853604,1.3887968,1.8818632,2.2167604,2.511604,2.6194896,2.5481792,2.4155264,2.3051684,2.1995516,2.0032888,1.8520584,1.690194,1.502602,1.32538,1.144454,0.9419964,0.7521636,0.5715796,0.4345392,0.3369208,0.2677316,0.1885864,0.1293928
6.1051051051051E-6,1.31040680461637E-25,1.31041399489677E-25,3.37981199489677E-25,7.39762998119949E-21,5.40339976299812E-17,1.7652616339975E-12,3.9610600339975E-12,2.83570881060034E-7,1.005468288106E-5,5.5089962881006E-5,6.09889961115798E-4,6.2657487492E-4,0.010481491308,0.033180920196,0.0994854849159999,0.294615484916,0.4654592,0.8568888,1.358834,1.853066,2.1922296,2.4930588,2.6075124,2.5383404,2.407466,2.2989036,2.1937748,1.9978948,1.8470704,1.6856068,1.4984556,1.321778,1.1413888,0.9394652,0.7501552,0.5700532,0.433372,0.3360228,0.2670404,0.1881068,0.129074
6.11361361361361E-6,7.69742802395274E-26,7.69746701223275E-26,1.98532630122327E-25,4.66300853263012E-21,3.62522910085326E-17,1.28390865229093E-12,2.88095865229093E-12,2.29573400958652E-7,8.42291740095864E-6,4.68005974009224E-5,5.3400059611705E-4,5.4799142252E-4,0.009536961852,0.030475968508,0.092875590828,0.281017990828,0.444526,0.8288784,1.329136,1.8242996,2.1675784,2.4742348,2.5953336,2.5283812,2.399354,2.2926492,2.1880084,1.992512,1.8420924,1.6810292,1.4943192,1.3181844,1.1383312,0.9369408,0.7481524,0.5685312,0.4322088,0.3351284,0.266352,0.1876292,0.1287568
6.12212212212212E-6,4.50990921239255E-26,4.50993029475655E-26,1.16319918947565E-25,2.93223871991895E-21,2.42679042387199E-17,9.31920667904193E-13,2.09113746790419E-12,1.85536851137468E-7,7.04473285113746E-6,3.96976928511132E-5,4.66897691919217E-4,4.7861041076E-4,0.008666824876,0.02795796568,0.08661731272,0.26786251272,0.4242012,0.801342,1.2997184,1.7955796,2.1428128,2.4551328,2.5829468,2.5182976,2.3911884,2.286406,2.1822524,1.9871416,1.8371264,1.6764628,1.4901932,1.3145996,1.1352804,0.9344216,0.7461536,0.567012,0.4310476,0.3342352,0.265664,0.1871516,0.1284396
6.13063063063063E-6,2.63555760639316E-26,2.63556897483316E-26,6.79764777483316E-26,1.83946557647775E-21,1.62090474655765E-17,6.75062209047439E-13,1.51477500904744E-12,1.49688434775009E-7,5.882664434775E-6,3.36212044347588E-5,4.07621203759713E-4,4.1741084292E-4,0.007866461156,0.02561712818,0.08069898964,0.25514418964,0.4044848,0.77429,1.2705952,1.76692,2.1179384,2.4357536,2.5703456,2.5080844,2.3829664,2.2801732,2.176506,1.9817824,1.8321708,1.6719056,1.486076,1.3110224,1.132236,0.931908,0.7441588,0.5654964,0.4298888,0.3333436,0.2649768,0.1866748,0.1281224
6.13913913913914E-6,1.53624400328868E-26,1.53625011664228E-26,3.96228851664227E-26,1.15118162288517E-21,1.08021671816229E-17,4.88010002167166E-13,1.09504960216717E-12,1.20557775049602E-7,4.9044497750496E-6,2.84311857750388E-5,3.55231185287039E-4,3.6340020868E-4,0.007131279652,0.02344409576,0.075108569024,0.242858169024,0.385376,0.7477312,1.241778,1.7383332,2.0929596,2.4160972,2.5575244,2.4977384,2.3746864,2.2739508,2.1707696,1.9764348,1.8272256,1.667358,1.4819684,1.3074532,1.129198,0.9294,0.7421688,0.563984,0.4287328,0.3324544,0.2642912,0.1861988,0.127806
6.14764764764765E-6,8.93160801686849E-27,8.9316408003285E-27,2.30364568003285E-26,7.187110364568E-22,7.18281071103645E-18,3.52074062810702E-13,7.90022862810702E-13,9.69282300228628E-8,4.08237223002286E-6,2.40054482300157E-5,3.09205447877949E-4,3.1601106744E-4,0.00645711414,0.021429528696,0.06983440562,0.23099920562,0.366874,0.7216764,1.2132816,1.7098344,2.067884,2.3961668,2.5444784,2.487256,2.3663468,2.2677388,2.1650432,1.9710988,1.8222916,1.6628208,1.4778712,1.3038928,1.1261672,0.9268976,0.7401832,0.5624748,0.4275792,0.3315672,0.2636072,0.185724,0.1274904
6.15615615615616E-6,5.17942400862744E-27,5.17944154044345E-27,1.33587975404434E-26,4.4763567879754E-22,4.7654696356788E-18,2.5348908546963E-13,5.6880784546963E-13,7.77953688078454E-8,3.39266336880784E-6,2.02375233688031E-5,2.68710123115319E-4,2.743706788E-4,0.005839092884,0.019563778016,0.064863333156,0.219560860556,0.3489752,0.6961332,1.1851164,1.681436,2.0427156,2.375964,2.5312012,2.4766328,2.3579448,2.2615368,2.159326,1.9657744,1.8173684,1.6582936,1.4737836,1.3003404,1.1231428,0.9244,0.7382012,0.5609684,0.4264276,0.3306808,0.2629236,0.1852492,0.1271744
6.16466466466466E-6,2.99582080439986E-27,2.99583015407106E-27,7.72683495407106E-27,2.78133966834954E-22,3.15460893396683E-18,1.82139834608931E-13,4.08706554608931E-13,6.23312087065546E-8,2.81497320870655E-6,1.70347812087034E-5,2.33082541026567E-4,2.377830448E-4,0.005273720714,0.017838968072,0.060184348264,0.208537500504,0.3316772,0.6711092,1.1572928,1.6531488,2.0174584,2.3554888,2.517686,2.4658636,2.349478,2.2553444,2.1536184,1.9604612,1.8124552,1.6537756,1.4697052,1.296796,1.1201252,0.9219084,0.736224,0.5594656,0.4252788,0.3297968,0.262242,0.184776,0.1268596
6.17317317317317E-6,1.72835280223741E-27,1.72835777459941E-27,4.45777697459941E-27,1.72402137776975E-22,2.08359640213778E-18,1.306082835964E-13,2.930743635964E-13,4.98546530743636E-8,2.33191225307436E-6,1.43168602530723E-5,2.02051740122466E-4,2.0594867196E-4,0.0047574988176,0.01624681676,0.055785631812,0.197922696932,0.3149756,0.6466108,1.1298204,1.6249848,1.992118,2.3347452,2.5039292,2.4549464,2.3409456,2.249162,2.1479208,1.9551604,1.8075536,1.6492688,1.465638,1.2932608,1.1171148,0.9194224,0.7342512,0.557966,0.4241328,0.3289152,0.2615628,0.1843044,0.126546
6.18168168168168E-6,9.94560401134493E-28,9.94563038227293E-28,2.56517503822729E-27,1.06608325175038E-22,1.37312500832517E-18,9.34665731250073E-14,2.09731453125007E-13,3.98064897314531E-8,1.92865448973145E-6,1.20140744897301E-5,1.74887594396265E-4,1.7811307828E-4,0.004286073272,0.014778184424,0.051654499004,0.187708825484,0.2988644,0.6226444,1.1027092,1.5969552,1.9666988,2.3137356,2.4899244,2.443876,2.3323448,2.2429892,2.1422324,1.9498704,1.802662,1.6447712,1.4615796,1.2897332,1.1141108,0.9169416,0.732282,0.5564692,0.4229884,0.3280348,0.260884,0.1838332,0.1262324
6.19019019019019E-6,5.70838880573599E-28,5.708402752872E-28,1.4723090752872E-27,6.57655443090753E-23,9.02890165544309E-19,6.67515828901649E-14,1.49785182890165E-13,3.17285337851829E-8,1.59257653378518E-6,1.00661565337843E-5,1.51206636467034E-4,1.53872021584E-4,0.0038566402932,0.0134262794452,0.0477794058652,0.1778890653852,0.283338,0.599214,1.075966,1.56907,1.9412048,2.2924628,2.4756664,2.432648,2.3236728,2.2368244,2.1365524,1.9445916,1.7977804,1.6402832,1.4575312,1.286214,1.111114,0.9144676,0.730318,0.5549764,0.4218472,0.3271564,0.2602064,0.1833628,0.1259192
6.1986986986987E-6,3.26796440289178E-28,3.26797175887579E-28,8.42875655887578E-28,4.04729668756559E-23,5.92363672966875E-19,4.75759123636726E-14,1.06756552363673E-13,2.52460667565524E-8,1.31295406675655E-6,8.42107406675595E-6,1.30504874019181E-4,1.3270383836E-4,0.0034658785924,0.0121829908844,0.0441490827644,0.1684557989644,0.26839,0.5763244,1.0495992,1.5413388,1.9156412,2.2709308,2.4611516,2.4212604,2.31493,2.2306696,2.1308824,1.9393248,1.79291,1.6358052,1.4534924,1.2827032,1.108124,0.9119992,0.7283588,0.5534876,0.4207092,0.3262808,0.2595312,0.182894,0.1256072
6.20720720720721E-6,1.86605200145369E-28,1.86605587040809E-28,4.81293467040809E-28,2.4847957293467E-23,3.87766567957293E-19,3.38401557665678E-14,7.59346637665678E-14,2.00532679346638E-8,1.08068966793466E-6,7.03398166793427E-6,1.12478021634094E-4,1.14289231192E-4,0.003110669178,0.0110408085416,0.0407512552496,0.1594006112096,0.2540116,0.553978,1.0236152,1.5137712,1.8900124,2.2491444,2.446376,2.4097092,2.3061136,2.2245232,2.1252212,1.9340692,1.7880504,1.6313376,1.4494644,1.2792008,1.1051408,0.9095364,0.7264036,0.5520016,0.4195736,0.3254072,0.2588572,0.182426,0.1252956
6.21571571571571E-6,1.06280280072867E-28,1.06280483001387E-28,2.74118643001387E-28,1.5218650118643E-23,2.53268218650118E-19,2.40213452682185E-14,5.39020692682185E-14,1.59009819020693E-8,8.88085381902069E-7,5.86630138190181E-6,9.68038213578807E-5,9.8293224528E-5,0.0027882773236,0.0099934051392,0.0375752269232,0.1507162894032,0.2401956,0.532178,0.9980196,1.4863752,1.8643208,2.2271052,2.4313328,2.3979892,2.2972204,2.2183848,2.1195684,1.9288244,1.7832008,1.6268788,1.4454448,1.275706,1.102164,0.9070788,0.7244528,0.5505188,0.41844,0.3245348,0.2581836,0.181958,0.124984
6.22422422422422E-6,6.03759560364197E-29,6.03760621789237E-29,1.55721862178924E-28,9.29864372186218E-24,1.65051258643722E-19,1.70169610512586E-14,3.81848210512586E-14,1.2586670184821E-8,7.28635470184821E-7,4.88491147018466E-6,8.31955514531678E-5,8.4418329432E-5,0.0024964057428,0.009034489694,0.034610333418,0.142394822778,0.2269336,0.5109264,0.972818,1.45916,1.8385728,2.2048208,2.4160208,2.3860992,2.28825,2.212254,2.1139236,1.9235912,1.778362,1.6224304,1.441436,1.27222,1.0991944,0.9046276,0.7225072,0.5490404,0.4173104,0.3236652,0.2575124,0.1814916,0.1246732
6.23273273273273E-6,3.42103320181507E-29,3.42103873826507E-29,8.82354673826507E-29,5.66790943546738E-24,1.07321307909435E-19,1.20306033213079E-14,2.69957913213079E-14,9.94592299579131E-9,5.96852722995791E-7,4.06142072299568E-6,7.13985407109652E-5,7.2400788696E-5,0.0022323908428,0.008157403936,0.031845539368,0.134427002248,0.2142152,0.4902236,0.948014,1.4321316,1.8127708,2.182294,2.4004348,2.3740356,2.2792008,2.2061316,2.108288,1.9183696,1.773534,1.617992,1.4374368,1.2687424,1.0962316,0.9021812,0.7205652,0.5475648,0.4161828,0.3227976,0.2568432,0.1810268,0.1243636
6.24124124124124E-6,1.93345200090199E-29,1.93345488075759E-29,4.98676728075759E-29,3.44655546767281E-24,6.96276865554676E-20,8.48812562768653E-15,1.90467536276865E-14,7.84561104675362E-9,4.88118011046753E-7,3.37153401104668E-6,6.11870140025586E-5,6.2007167192E-5,0.0019935993216,0.0073563190492,0.0292702356332,0.1268044201532,0.2020304,0.47007,0.9236108,1.4052972,1.7869188,2.1595304,2.384572,2.3617952,2.2700704,2.200016,2.10266,1.9131588,1.768716,1.6135628,1.4334476,1.2652728,1.0932752,0.8997408,0.7186276,0.546092,0.4150572,0.3219316,0.2561744,0.1805624,0.124054
6.24974974974975E-6,1.08991120044695E-29,1.08991269429535E-29,2.81110469429535E-29,2.09077331104694E-24,4.5071874773311E-20,5.97662907187476E-15,1.34111410718748E-14,6.17810941114107E-9,3.98550109411141E-7,2.79450770941109E-6,5.23611077034345E-5,5.3031156496E-5,0.0017782249784,0.0066258326064,0.0268746366488,0.1195190700488,0.1903692,0.4504656,0.899612,1.3786636,1.7610212,2.1365364,2.36843,2.349376,2.2608584,2.1939076,2.09704,1.9079596,1.7639088,1.6091432,1.429468,1.2618116,1.090326,0.897306,0.7166948,0.5446232,0.4139348,0.3210676,0.2555072,0.1800988,0.1237448
6.25825825825826E-6,6.12818280220833E-30,6.12819052971714E-30,1.58058465297171E-29,1.26528220584653E-24,2.91110292822058E-20,4.19972191102927E-15,9.42388991102928E-15,4.85659342388991E-9,3.2489379342389E-7,2.31265659342386E-6,4.47442565892242E-5,4.5290781384E-5,0.0015840859248,0.0059601658876,0.0246481781248,0.1125605465248,0.1792192,0.4314084,0.8760192,1.352236,1.7350824,2.1133184,2.3520068,2.3367756,2.2515628,2.1878048,2.0914264,1.9027704,1.7591108,1.6047328,1.4254984,1.2583588,1.0873836,0.8948772,0.7147664,0.5431576,0.4128152,0.320206,0.254842,0.1796368,0.1234368
6.26676676676677E-6,3.43680040108798E-30,3.43680438737438E-30,8.86420838737438E-30,7.63884464208387E-25,1.87602198844642E-20,2.94513036021988E-15,6.60867596021988E-15,3.81114260867596E-9,2.64422982608676E-7,1.91092818260866E-6,3.81806881796635E-5,3.8625734176E-5,0.00140902192304,0.0053543613112,0.022581514806,0.105920445046,0.1685692,0.4128968,0.852834,1.3260192,1.7091048,2.0898808,2.3352992,2.3239908,2.242182,2.181708,2.0858204,1.8975924,1.7543232,1.600332,1.4215384,1.2549144,1.084448,0.8924536,0.712842,0.5416948,0.4116972,0.3193452,0.2541772,0.1791748,0.1231288
6.27527527527527E-6,1.92246960053448E-30,1.92247165119728E-30,4.95843685119728E-30,4.60072718436851E-25,1.20627520727184E-20,2.06114486275207E-15,4.62507206275207E-15,2.98555702507206E-9,2.14860317025072E-7,1.57653751702506E-6,3.25332175149639E-5,3.28950367124E-5,0.00125169205116,0.0048042801764,0.0206661184992,0.0995907618192,0.1584084,0.3949292,0.8300584,1.3000192,1.683094,2.0662328,2.3183084,2.3110216,2.2327168,2.1756176,2.0802216,1.8924252,1.749546,1.5959408,1.4175884,1.2514784,1.0815192,0.890036,0.710922,0.5402356,0.410582,0.3184868,0.2535136,0.1787136,0.1228212
6.28378378378378E-6,1.07262160026181E-30,1.07262265226389E-30,2.76650785226389E-30,2.76429526507852E-25,7.7389804295265E-21,1.43956773898043E-15,3.23029453898043E-15,2.33476283029454E-9,1.74306002830294E-7,1.29864680283029E-6,2.76812988013907E-5,2.79749752796E-5,0.00111077264052,0.00430540066928,0.01889267632848,0.09356189367648,0.1487236,0.3775016,0.8076924,1.2742396,1.6570528,2.04238,2.3010312,2.2978644,2.223164,2.169532,2.0746296,1.8872692,1.7447792,1.5915596,1.4136484,1.2480508,1.0785972,0.8876236,0.7090064,0.53878,0.4094696,0.3176304,0.252852,0.1782536,0.1225144
6.29229229229229E-6,5.96918560127877E-31,5.96919098318198E-31,1.5395766983182E-30,1.65691939576698E-25,4.95391889193957E-21,1.00340295391889E-15,2.25156935391889E-15,1.82266585156935E-9,1.41178225851569E-7,1.06808102585156E-6,2.35191130248482E-5,2.37570919436E-5,9.84155269279999E-4,0.00385321591372,0.01725228901092,0.08782383797892,0.1395016,0.36061,0.7857348,1.2486836,1.6309852,2.0183296,2.2834676,2.2845188,2.2135236,2.1634512,2.0690436,1.8821232,1.7400212,1.5871864,1.4097172,1.2446308,1.0756816,0.8852168,0.7070952,0.5373276,0.4083596,0.316776,0.252192,0.1777948,0.1222084
6.3008008008008E-6,3.3133436006228E-31,3.3133463463124E-31,8.5457987463124E-31,9.90780145798746E-26,3.16404147801458E-21,6.97972764041477E-16,1.56620556404148E-15,1.42042476620556E-9,1.14161744766206E-7,8.77088544766202E-7,1.99539885440682E-5,2.01465186232E-5,8.709450982E-4,0.00344443235688,0.01573766943008,0.08236859253008,0.13073,0.3442504,0.7641852,1.2233544,1.6048952,1.9940896,2.265618,2.270984,2.2037952,2.1573752,2.0634648,1.8769888,1.735274,1.5828236,1.4057968,1.2412196,1.0727736,0.8828164,0.7051888,0.5358788,0.4072528,0.315924,0.2515336,0.1773372,0.1219032
6.30930930930931E-6,1.83442560030245E-31,1.83442699719525E-31,4.73136379719525E-31,5.91034891363797E-26,2.01633870348914E-21,4.84530416338703E-16,1.0872552163387E-15,1.10503388725522E-9,9.21662338872552E-8,7.19131833887253E-7,1.69048478334027E-5,1.70603545928E-5,7.6985924956E-4,0.00307536818836,0.01434034122276,0.07718655550676,0.1223956,0.3284172,0.7430424,1.1982556,1.578788,1.9696688,2.2474844,2.2572596,2.1939784,2.1513028,2.0578916,1.8718644,1.7305364,1.5784696,1.401886,1.2378168,1.0698728,0.880422,0.7032872,0.5344336,0.4061488,0.3150744,0.2508772,0.1768812,0.1215992
6.31781781781782E-6,1.01301600014646E-31,1.01301670886222E-31,2.61277750886222E-31,3.51728452777509E-26,1.28207517284528E-21,3.35678322075173E-16,7.53241002075173E-16,8.58183553241002E-10,7.4288343553241E-8,5.88706743553239E-7,1.43009787432176E-5,1.44263767828E-5,6.796255186E-4,0.00274195208844,0.01305223767004,0.07226772539804,0.1144836,0.3131044,0.722304,1.1733888,1.5526664,1.9450744,2.229066,2.243344,2.1840712,2.1452328,2.0523236,1.8667508,1.7258088,1.5741252,1.3979856,1.2344224,1.0669784,0.8780328,0.70139,0.5329916,0.4050472,0.3142264,0.250222,0.1764256,0.1212952
6.32632632632632E-6,5.57975560070716E-32,5.57975918643317E-32,1.43913371864332E-31,2.08814599133718E-26,8.13375681459913E-22,2.32084053375681E-16,5.20782133375681E-16,6.65321320782133E-10,5.97814813207821E-8,4.81187881320781E-7,1.20806958810887E-5,1.21816498408E-5,5.9898098452E-4,0.00244172186836,0.01186690046196,0.06760370095396,0.1069816,0.2983064,0.7019676,1.1487564,1.526536,1.9203156,2.2103664,2.2292388,2.1740748,2.1391648,2.04676,1.8616464,1.72109,1.5697888,1.394094,1.2310356,1.0640908,0.8756492,0.6994972,0.5315532,0.4039488,0.3133808,0.2495684,0.1759712,0.120992
6.33483483483483E-6,3.06545920034047E-32,3.06546100950767E-32,7.90644260950767E-32,1.23672390644261E-26,5.14869607239064E-22,1.60135274869607E-16,3.59333514869607E-16,5.14907559333514E-10,4.80297075593335E-8,3.92695307559333E-7,1.01903513073992E-5,1.02714934672E-5,5.2747097856E-4,0.00217182346376,0.01077747879816,0.06318568114216,0.099876,0.2840168,0.6820316,1.1243608,1.5004012,1.895402,2.1913884,2.2149444,2.1639896,2.1330996,2.041202,1.8565532,1.716382,1.5654628,1.3902136,1.2276584,1.0612104,0.8732716,0.6976088,0.530118,0.4028524,0.3125368,0.2489156,0.1755172,0.1206888
6.34334334334334E-6,1.67980320016345E-32,1.67980411044565E-32,4.33255171044565E-32,7.3070813255171E-27,3.25185867081325E-22,1.10267645185867E-16,2.47433845185867E-16,3.97808247433845E-10,3.85256482474338E-8,3.19978888247433E-7,8.58334688813716E-6,8.648458808E-6,4.63848061E-4,0.00192900993316,0.00977672847992,0.05900406511192,0.0931532,0.2702284,0.6624936,1.1002044,1.4742676,1.8703424,2.1721348,2.2004612,2.1538152,2.1270356,2.0356484,1.85147,1.7116832,1.5611452,1.3863424,1.2242888,1.0583368,0.8708996,0.6957248,0.5286864,0.4017588,0.3116944,0.248264,0.175064,0.120386
6.35185185185185E-6,9.18127040078242E-33,9.18127496820482E-33,2.36803669682048E-32,4.30699208036697E-27,2.0492450699208E-22,7.57756449245069E-17,1.70035884924507E-16,3.06806570035885E-10,3.08522025700359E-8,2.60322242570036E-7,7.21927424249426E-6,7.2714375224E-6,4.07271130716E-4,0.00171124058532,0.00885941111527999,0.05505045216328,0.0867988,0.256934,0.6433492,1.0762872,1.4481388,1.8451464,2.1526084,2.18579,2.1435512,2.1209716,2.030098,1.8463964,1.7069936,1.556836,1.3824808,1.2209272,1.0554692,0.8685324,0.6938444,0.5272576,0.4006676,0.3108544,0.247614,0.174612,0.120084
6.36036036036036E-6,5.00528880037346E-33,5.00529108577226E-33,1.29096658857723E-32,2.53258050966588E-27,1.2884989258051E-22,5.19672888498925E-17,1.16611448849893E-16,2.36211876611449E-10,2.46671198766114E-8,2.11458759876611E-7,6.06316275982464E-6,6.10488423976E-6,3.56904648028E-4,0.00151608021712,0.00801909342548,0.05131564172148,0.0807996,0.2441252,0.6245948,1.0526104,1.4220208,1.8198236,2.1328148,2.1709336,2.1331992,2.1149076,2.0245512,1.8413324,1.7023128,1.5525352,1.3786288,1.2175736,1.0526088,0.8661712,0.6919688,0.5258324,0.3995796,0.3100164,0.2469656,0.1741612,0.1197828
6.36886886886887E-6,2.72168440017775E-33,2.72168554055719E-33,7.01978674055718E-33,1.48563341978674E-27,8.08357256334197E-23,3.55672328357256E-17,7.98107288357256E-17,1.81545399810729E-10,1.96900613998107E-8,1.71499901399811E-7,5.08478790136424E-6,5.11810326132E-6,3.12717921716E-4,0.0013414984132,0.00725054660336,0.04779123331536,0.075142,0.231794,0.6062276,1.0291756,1.3959188,1.7943844,2.1127588,2.1558932,2.1227596,2.1088436,2.019008,1.8362784,1.6976412,1.5482432,1.3747868,1.2142288,1.0497556,0.8638164,0.690098,0.5244104,0.3984936,0.30918,0.246318,0.1737108,0.119482
6.37737737737738E-6,1.47614360008435E-33,1.47614416754107E-33,3.80728056754107E-33,8.69398207280567E-28,5.05999533982073E-23,2.42934665999534E-17,5.45131105999534E-17,1.39288494513111E-10,1.56917324945131E-8,1.38875452494513E-7,4.25808345247022E-6,4.28464295644E-6,2.73484503668E-4,0.001185468951224,0.006548145767504,0.044468026559504,0.0698116,0.2199312,0.5882424,1.0059832,1.3698388,1.7688392,2.0924456,2.1406708,2.112232,2.1027768,2.0134664,1.8312336,1.6929784,1.5439596,1.3709544,1.210892,1.0469092,0.8614672,0.6882316,0.522992,0.3974108,0.308346,0.2456724,0.173262,0.1191824
6.38588588588588E-6,7.98550160039917E-34,7.98550441627118E-34,2.05962644162712E-33,5.07557139626441E-28,3.16027475571396E-23,1.65595676027475E-17,3.71586876027476E-17,1.06682197158688E-10,1.24850381971587E-8,1.12282118197159E-7,3.5605901181806E-6,3.58172915016E-6,2.38712142468E-4,0.001046299764112,0.005907399967032,0.041338351659032,0.06479553052,0.2085288,0.570636,0.9830348,1.3437872,1.7432,2.0718832,2.1252708,2.1016192,2.0967084,2.0079272,1.8261984,1.6883248,1.5396844,1.367132,1.207564,1.0440696,0.8591232,0.6863696,0.5215768,0.39633,0.307514,0.2450284,0.172814,0.1188832
6.39439439439439E-6,4.30881000018835E-34,4.30881139363075E-34,1.11133069936307E-33,2.95603911330699E-28,1.96937316039113E-23,1.12649036937316E-17,2.52777956937316E-17,8.15670252777957E-11,9.91755102527779E-9,9.06398310252777E-8,2.97300903101401E-6,2.989806367E-6,2.082858448E-4,9.22276008816E-4,0.005322995286536,0.038392912917336,0.06008009612,0.197576,0.5534028,0.9603304,1.31777,1.7174764,2.051078,2.109696,2.0909216,2.0906368,2.00239,1.8211728,1.68368,1.535418,1.36332,1.2042444,1.0412372,0.8567856,0.6845124,0.5201652,0.395252,0.3066836,0.2443856,0.1723668,0.1185844
6.4029029029029E-6,2.31896680008862E-34,2.3189674877297E-34,5.9810918877297E-34,1.71748998109189E-28,1.22449957489981E-23,7.64762024499574E-18,1.71608082449957E-17,6.22563371608082E-11,7.8652763371608E-9,7.30550763371608E-8,2.47876707632951E-6,2.49209264032E-6,1.81545670384E-4,8.11937867364E-4,0.004791072677564,0.035624266965564,0.05565265364,0.1870648,0.53654,0.937872,1.2917948,1.6916812,2.030038,2.09395,2.0801408,2.0845616,1.9968536,1.8161564,1.679044,1.5311596,1.3595172,1.2009332,1.0384116,0.8544536,0.6826596,0.5187572,0.3941764,0.3058552,0.243744,0.1719204,0.118286
6.41141141141141E-6,1.24484080004157E-34,1.24484113844202E-34,3.21069833844201E-34,9.95490410698338E-29,7.59658754904106E-24,5.18136359658755E-18,1.16266755965875E-17,4.74349716266756E-11,6.22756297162667E-9,5.87901629716266E-8,2.06367056296644E-6,2.07422466696E-6,1.57771257232E-4,7.13765077104E-4,0.004307312514504,0.033024107634104,0.05149929708,0.1769844,0.5200416,0.9156588,1.265868,1.6658256,2.0087716,2.0780372,2.0692784,2.0784808,1.9913176,1.8111492,1.6744168,1.52691,1.3557252,1.1976308,1.0355932,0.8521272,0.6808108,0.5173524,0.3931036,0.3050288,0.2431044,0.1714756,0.1179884
6.41991991991992E-6,6.66524120019448E-35,6.66524286091449E-35,1.71910028609145E-34,5.75623159100286E-29,4.70225196231591E-24,3.50333390225196E-18,7.86127630225196E-18,3.60794598612763E-11,4.92285145986127E-9,4.72368914598613E-8,1.71557209145636E-6,1.723917479452E-6,1.369879214E-4,6.26583034628E-4,0.003868140720588,0.030585272385388,0.04760846404,0.1673252,0.5039036,0.893692,1.2399964,1.6399208,1.9872884,2.0619628,2.0583368,2.0723944,1.9857816,1.80615,1.6697972,1.5226676,1.3519424,1.1943364,1.0327816,0.8498064,0.6789668,0.5159512,0.3920332,0.3042044,0.242466,0.1710312,0.1176912
6.42842842842843E-6,3.55958440009071E-35,3.55958521284384E-35,9.18089321284383E-35,3.32046638089321E-29,2.90416640466381E-24,2.3639489041664E-18,5.3045637041664E-18,2.73947613045637E-11,3.88516676130456E-9,3.78948467613045E-8,1.42410444675894E-6,1.430692566756E-6,1.18841745172E-4,5.492378874E-4,0.00346920387772,0.02829861766812,0.04396621108,0.158076,0.4881196,0.8719716,1.2141876,1.6139788,1.9655968,2.0457312,2.0473172,2.0663008,1.9802444,1.8011592,1.6651852,1.5184324,1.3481688,1.1910496,1.029976,0.8474908,0.6771268,0.5145532,0.3909656,0.303382,0.2418288,0.1705876,0.1173944
6.43693693693694E-6,1.89611440004219E-35,1.89611479670011E-35,4.89046559670011E-35,1.9108148904656E-29,1.7896371081489E-24,1.59189378963711E-18,3.57211898963711E-18,2.0764475572119E-11,3.06123447557212E-9,3.03529504755721E-8,1.18042295047398E-6,1.185615326472E-6,1.02960954562E-4,4.80957914092E-4,0.003108130622376,0.026158580552376,0.04056217536,0.1492284,0.4726872,0.8504996,1.1884504,1.5880128,1.943708,2.029348,2.0362224,2.0601996,1.9747056,1.7961764,1.6605808,1.5142044,1.3444044,1.1877708,1.0271772,0.8451808,0.6752912,0.5131588,0.3899012,0.3025624,0.241194,0.170146,0.1170988
6.44544544544544E-6,1.00742304001957E-35,1.00742323306993E-35,2.59834763306993E-35,1.09697659834763E-29,1.10036336976598E-24,1.06981910036337E-18,2.40061270036337E-18,1.57116024006127E-11,2.40811560240061E-9,2.42741516024006E-8,9.7700335160133E-7,9.810889956E-7,8.9082473284E-5,4.2068008088E-4,0.002781858214844,0.024157705485644,0.0373841014,0.1407712,0.4576008,0.829276,1.162792,1.5620344,1.9216324,2.0128184,2.025054,2.0540888,1.9691644,1.7912016,1.6559844,1.5099844,1.3406508,1.1845008,1.024386,0.8428768,0.67346,0.5117672,0.3888392,0.3017444,0.2405604,0.1697052,0.116804
6.45395395395395E-6,5.33877440009049E-36,5.33877533704949E-36,1.37697769370495E-35,6.28252096977693E-30,6.75048682520969E-25,7.17507475048682E-19,1.61004507504868E-18,1.18676816100451E-11,1.89126288161004E-9,1.938243888161E-8,8.07451638880892E-7,8.1066119168E-7,7.6971049324E-5,3.673691699288E-4,0.0024865516787528,0.0222877636095528,0.0344193604,0.1326928,0.4428544,0.8083016,1.1372208,1.536056,1.8993812,1.9961492,2.0138148,2.047968,1.9636204,1.7862344,1.6513952,1.5057712,1.3369064,1.1812388,1.0216012,0.8405784,0.6716336,0.5103792,0.3877792,0.3009284,0.239928,0.1692648,0.1165096
6.46246246246246E-6,2.82197480004172E-36,2.82197525353205E-36,7.27844925353204E-36,3.58946847844925E-30,4.13201949468478E-25,4.80243213201949E-19,1.07763801320195E-18,8.94864907763801E-12,1.48292624907764E-9,1.54523542490776E-8,6.66344354248597E-7,6.68861554648E-7,6.6416732606E-5,3.204633786284E-4,0.0022200494092004,0.0205421985172004,0.031656996,0.12498324812,0.428444,0.787578,1.1117472,1.510092,1.8769672,1.9793476,2.002508,2.0418364,1.9580732,1.7812756,1.6468136,1.5015652,1.3331716,1.1779844,1.0188228,0.8382852,0.6698108,0.508994,0.3867224,0.3001144,0.2392972,0.168826,0.116216
6.47097097097097E-6,1.48780600001918E-36,1.48780621890162E-36,3.83735621890162E-36,2.04590223735622E-30,2.52358445902237E-25,3.20786172358446E-19,7.19825692358446E-19,6.73588871982569E-12,1.16086068871983E-9,1.22999126887198E-8,5.49088312688399E-7,5.51059284288E-7,5.72323325484E-5,2.792195784236E-4,0.0019800084393716,0.0189154716509716,0.02908706968,0.1176323884,0.4143656,0.7671068,1.08638,1.4841552,1.8544036,1.9624204,1.9911364,2.035692,1.9525212,1.7763236,1.6422392,1.4973664,1.3294472,1.1747392,1.016052,0.8359984,0.6679928,0.5076124,0.385668,0.2993024,0.238668,0.1683884,0.1159232
6.47947947947948E-6,7.82387240008795E-37,7.8238734536256E-37,2.01793774536256E-36,1.16331881793774E-30,1.53780483318818E-25,2.13840233780483E-19,4.79845273780483E-19,5.06148847984527E-12,9.07265488479845E-10,9.77530948847984E-9,4.51800109488266E-7,4.53340861088E-7,4.92514557996E-5,2.428660335956E-4,0.0017640571655516,0.0174004151407516,0.0266980136,0.11062841548,0.4006128,0.746888,1.0611276,1.4582576,1.831702,1.9453752,1.9797028,2.029534,1.9469644,1.7713792,1.637672,1.4931744,1.3257324,1.1715024,1.0132884,0.8337172,0.6661796,0.5062344,0.384616,0.2984916,0.2380396,0.1679508,0.1156304
6.48798798798799E-6,4.10373320004021E-37,4.10373370573221E-37,1.05843661057322E-36,6.5988925843661E-31,9.35001398892584E-26,1.4225981350014E-19,3.1922313350014E-19,3.79671271922313E-12,7.07915912719223E-10,7.75674791271922E-9,3.71202347912577E-7,3.724048183124E-7,4.23262010216E-5,2.109827769024E-4,0.0015693757280704,0.0159902122824704,0.02447901108,0.10396025728,0.3871808,0.7269236,1.0360008,1.432414,1.8088772,1.9282208,1.9682116,2.0233616,1.941402,1.7664416,1.6331108,1.488988,1.3220264,1.1682728,1.0105304,0.8314412,0.6643708,0.5048604,0.3835672,0.2976836,0.2374132,0.1675144,0.115338
6.4964964964965E-6,2.14693200001833E-37,2.14693224207521E-37,5.53737504207521E-37,3.73424113737504E-31,5.67219894241137E-26,9.44485367219894E-20,2.11937336721989E-19,2.84303941193733E-12,5.51469439411937E-10,6.14539343941194E-9,3.04533353439317E-7,3.054702794392E-7,3.63255074364E-5,1.8310675881E-4,0.001394701164886,0.014680002776926,0.02242160184,0.0976179818,0.374066,0.7072152,1.0110092,1.4066372,1.7859428,1.910964,1.9566652,2.0171732,1.9358328,1.7615108,1.6285568,1.4848084,1.3183304,1.1650516,1.0077796,0.8291708,0.662566,0.5034892,0.3825212,0.2968776,0.2367884,0.1670796,0.1150468
6.505005005005E-6,1.12031480000833E-37,1.12031491555174E-37,2.88951811555174E-37,2.10810528951811E-31,3.43335508105289E-26,6.25788343335508E-20,1.40423434333551E-19,2.12521814042343E-12,4.28898018140423E-10,4.86116201814042E-9,2.49469882018078E-7,2.50198710818E-7,3.11333165856E-5,1.586881298128E-4,0.0012378836975488,0.0134636390888288,0.02051563836,0.09159075524,0.3612636,0.6877648,0.9861628,1.38094,1.762912,1.8936128,1.945066,2.0109664,1.9302552,1.7565856,1.6240084,1.4806348,1.314644,1.1618392,1.0050356,0.826906,0.6607656,0.5021216,0.3814772,0.2960732,0.2361648,0.1666452,0.1147556
6.51351351351351E-6,5.83100040003775E-38,5.83100095004672E-38,1.50393377500467E-37,1.18724790393377E-31,2.07354747247904E-26,4.13788967354747E-20,9.28519647354747E-20,1.58587969285196E-12,3.33026679692852E-10,3.83929067969285E-9,2.04061050679651E-7,2.046270746796E-7,2.66471254888E-5,1.37346514048E-4,0.001097743007784,0.012335542786024,0.01875194222,0.08586709972,0.3487684,0.6685728,0.9614716,1.355336,1.7398,1.8761764,1.9334184,2.0047404,1.9246692,1.7516664,1.619466,1.4764672,1.3109676,1.1586344,1.0022984,0.8246468,0.6589696,0.5007572,0.3804364,0.2952712,0.2355428,0.166212,0.1144652
6.52202202202202E-6,3.02711000001706E-38,3.02711026110682E-38,7.80753026110682E-38,6.67035260753026E-32,1.24950387035261E-26,2.73054884950387E-20,6.12720084950387E-20,1.18136246127201E-12,2.58164282461272E-10,3.02748428246127E-9,1.66671124282434E-7,1.671099918824E-7,2.277642881052E-5,1.187198518276E-4,9.719170825076E-4,0.0112901534388676,0.017121353,0.08043634368,0.336576,0.649642,0.9369464,1.3298392,1.716622,1.858664,1.9217264,1.998494,1.9190736,1.7467528,1.6149292,1.4723052,1.3073012,1.155438,0.999568,0.8223932,0.657178,0.499396,0.3793984,0.2944716,0.2349224,0.16578,0.1141756
6.53053053053053E-6,1.56745600000769E-38,1.56745612360418E-38,4.04278652360418E-38,3.73865404278652E-32,7.51256138654043E-27,1.79820915125614E-20,4.03508315125614E-20,8.78499640350831E-13,1.99804499640351E-10,2.38359849964035E-9,1.35931118499622E-7,1.362708385396E-7,1.944154596004E-5,1.0248522703404E-4,8.5968304324004E-4,0.01032314949572,0.015616349156,0.07528864388,0.3246824,0.6309744,0.912598,1.3044624,1.6933924,1.841084,1.9099928,1.9922252,1.9134672,1.7418444,1.6103976,1.4681488,1.303644,1.15225,0.9968444,0.8201456,0.6553908,0.498038,0.3783624,0.2936736,0.2343028,0.1653484,0.1138864
6.53903903903904E-6,8.09550120003454E-39,8.09550178350558E-39,2.08799577835056E-38,2.09045408799578E-32,4.50678570454088E-27,1.18181725067857E-20,2.65193165067857E-20,6.52147626519316E-13,1.54385547626519E-10,1.87371794762652E-9,1.10696837947615E-7,1.109593796276E-7,1.657240272748E-5,8.835500899408E-5,7.5955328966168E-4,0.00942904446654167,0.014228244204,0.07041338276,0.3130832,0.6125728,0.8884384,1.2792208,1.6701276,1.8234472,1.898222,1.985932,1.9078484,1.73694,1.60587,1.4639968,1.299996,1.1490696,0.9941272,0.8179028,0.6536072,0.4966828,0.3773284,0.2928768,0.2336844,0.1649176,0.1135976
6.54754754754755E-6,4.17036560001547E-39,4.170365874696E-39,1.0756225874696E-38,1.16607067562259E-32,2.69757566070675E-27,7.75137869757566E-21,1.73936626975757E-20,4.83276817393663E-13,1.19096636817394E-10,1.47060143681739E-9,9.00137214368096E-8,9.02162862368E-8,1.410747980296E-5,7.60733611896E-5,6.704720096848E-4,0.0086039834665648,0.012950383264,0.065800366,0.3017744,0.5944388,0.8644776,1.2541264,1.6468424,1.805762,1.8864184,1.9796136,1.9022176,1.7320408,1.601348,1.45985,1.296358,1.1458972,0.9914172,0.8156664,0.6518288,0.4953316,0.376298,0.2920828,0.2330676,0.164488,0.1133096
6.55605605605605E-6,2.14282320000691E-39,2.14282332896029E-39,5.52678292896029E-39,6.48883992678293E-33,1.61104768883993E-27,5.07373081104769E-21,1.13851708110477E-20,3.57512811385171E-13,9.17242728113851E-11,1.15240547281138E-9,7.30868854728063E-8,7.32429193528E-8,1.199283456184E-5,6.541314319508E-5,5.9101208251388E-4,0.00784294014803388,0.011774539992,0.0614390204,0.2907516,0.5765756,0.8407276,1.2291936,1.6235528,1.7880388,1.8745856,1.9732684,1.8965732,1.7271464,1.5968304,1.4557076,1.2927288,1.1427328,0.9887136,0.8134352,0.6500544,0.4939836,0.37527,0.2912904,0.2324524,0.1640596,0.1130224
6.56456456456456E-6,1.09819880000308E-39,1.09819886037489E-39,2.83248086037489E-39,3.60220283248086E-33,9.59999602202832E-28,3.3143273599996E-21,7.4371665599996E-21,2.64017727437166E-13,7.05278577274371E-11,9.01643457727437E-10,5.92552434577241E-8,5.937523849772E-8,1.018127897448E-5,5.617304871064E-5,5.2057221759504E-4,0.00714211386399504,0.010694513744,0.05731959184,0.2800108,0.5589848,0.8171984,1.2044348,1.6002744,1.7702868,1.8627272,1.966894,1.8909132,1.7222552,1.5923168,1.45157,1.2891096,1.1395768,0.9860164,0.8112092,0.648284,0.4926388,0.3742444,0.2905004,0.2318392,0.1636324,0.112736
6.57307307307307E-6,5.61380760001368E-40,5.61380788187224E-40,1.44791626818722E-39,1.99493024791627E-33,5.70771274930248E-28,2.16064017077127E-21,4.84835697077127E-21,1.94634644848357E-13,5.41412746448483E-11,7.04342074644848E-10,4.79700620746427E-8,4.806219107464E-8,8.63158599644E-6,4.81749720498E-5,4.57774321849E-4,0.006496527056129,0.009702526964,0.05343114344,0.2695476,0.5416696,0.7939024,1.179864,1.5770236,1.7525168,1.8508476,1.9604888,1.8852372,1.7173672,1.5878064,1.4474356,1.2854996,1.1364284,0.983326,0.8089884,0.646518,0.4912972,0.3732216,0.289712,0.2312272,0.163206,0.11245
6.58158158158158E-6,2.86230480000606E-40,2.86230493123334E-40,7.38246333123333E-40,1.10216473824633E-33,3.38594902164738E-28,1.4056867385949E-21,3.1542855385949E-21,1.43236043154285E-13,4.14942360431543E-11,5.49352636043154E-10,3.87765926360417E-8,3.884721111604E-8,7.30779106788E-6,4.126150971688E-5,4.0206100185848E-4,0.00590362277461848,0.008793622704,0.04976515376,0.2593588,0.5246324,0.7708496,1.1554928,1.5538148,1.7347372,1.8389504,1.9540512,1.8795444,1.7124828,1.5833,1.4433056,1.2818996,1.1332884,0.9806424,0.806774,0.6447568,0.4899592,0.372202,0.2889264,0.2306168,0.1627808,0.1121648
6.59009009009009E-6,1.45564520000267E-40,1.45564526093011E-40,3.75440446093011E-40,6.07469975440446E-34,2.00413527469975E-28,9.12671400413527E-22,2.04798540041353E-21,1.05227802047985E-13,3.1749611802048E-11,4.27797211802048E-10,3.12985932118011E-8,3.13526349318E-8,6.178576529704E-6,3.529378488532E-5,3.5249338883772E-4,0.00535846251804172,0.007960462464,0.04631071524,0.2494388,0.5078748,0.7480512,1.1313348,1.5306644,1.7169596,1.82704,1.9475788,1.873832,1.7076,1.5787956,1.4391784,1.2783088,1.1301564,0.9779652,0.8045644,0.6429996,0.4886244,0.3711848,0.2881428,0.2300084,0.1623568,0.1118804
6.5985985985986E-6,7.38374880001178E-41,7.38374908210846E-41,1.90442070821085E-40,3.34011110442071E-34,1.1835889401111E-28,5.91370118358894E-22,1.32700171835889E-21,7.71710413270017E-14,2.4253827041327E-11,3.32616227041327E-10,2.52252082270407E-8,2.526649670704E-8,5.216718419536E-6,3.014956224288E-5,3.0894925388048E-4,0.00485892436128848,0.00719892432,0.043059732868,0.2397852,0.4914004,0.725518,1.1074016,1.5075872,1.6991928,1.8151196,1.9410696,1.8680996,1.7027188,1.5742936,1.435054,1.2747272,1.127032,0.9752944,0.80236,0.6412464,0.4872928,0.37017,0.2873612,0.2294012,0.1619336,0.1115964
6.60710710710711E-6,3.73577040000517E-41,3.73577053025571E-41,9.6353173302557E-41,1.83212936353173E-34,6.97433432129363E-29,3.82405109743343E-22,8.58095989743343E-22,5.6496760858096E-14,1.84974967608581E-11,2.58206536760858E-10,2.03001705367605E-8,2.033166377276E-8,4.398579607276E-6,2.5721321166276E-5,2.70252481457236E-4,0.00440103243949323,0.006503032408,0.04000265416,0.2303945314,0.4752124,0.7032624,1.0837068,1.4845992,1.6814472,1.803194,1.934522,1.8623464,1.6978396,1.5697936,1.430932,1.2711548,1.1239152,0.9726304,0.8001616,0.639498,0.4859648,0.3691584,0.2865816,0.2287952,0.1615112,0.1113128
6.61561561561561E-6,1.88523320000226E-41,1.88523325997539E-41,4.86240365997539E-41,1.00255808624037E-34,4.10045962558086E-29,2.46778481004596E-22,5.53757481004596E-22,4.12893805537575E-14,1.40843533805538E-11,2.00128633380554E-10,1.63124446333803E-8,1.633642712938E-8,3.70367638584E-6,2.1914626342776E-5,2.36323120298496E-4,0.00398230700798249,0.005868306984,0.037131019644,0.22126280868,0.4593128,0.6812936,1.0602612,1.4617148,1.663732,1.7912664,1.927934,1.8565708,1.6929616,1.565296,1.4268132,1.2675924,1.1208068,0.9699732,0.7979688,0.6377532,0.4846396,0.3681492,0.285804,0.2281912,0.1610908,0.1110308
6.62412412412412E-6,9.48925000000988E-42,9.48925027538837E-42,2.44747342753884E-41,5.47294324747342E-35,2.40541507294325E-29,1.58931704054151E-22,3.56634064054151E-22,3.01230443566341E-14,1.07065870443566E-11,1.54871067044357E-10,1.30886110670442E-8,1.3106844167044E-8,3.114290814044E-6,1.864676013758E-5,2.064292959731E-4,0.0035996163622331,0.005289616344,0.03443531516,0.21238578268,0.443704,0.659622,1.0370768,1.4389492,1.646058,1.7793412,1.9213036,1.8507708,1.6880836,1.5607988,1.4226952,1.2640384,1.1177056,0.967322,0.7957804,0.6360124,0.4833176,0.3671424,0.285028,0.2275884,0.1606708,0.1107488
6.63263263263263E-6,4.7641052000043E-42,4.76410532609967E-42,1.22875937260997E-41,2.98051722875937E-35,1.40791298051723E-29,1.0214873407913E-22,2.2921621407913E-22,2.19384042292162E-14,8.12561440422921E-12,1.19659974404229E-10,1.04862879744041E-8,1.0500127326404E-8,2.615112505388E-6,1.5845344401712E-5,1.80189152867352E-4,0.00325057878623935,0.0047633787724,0.03190797416,0.20376154392,0.42839,0.6382592,1.0141652,1.4163172,1.6284336,1.7674212,1.914628,1.8449452,1.6832052,1.556302,1.4185788,1.260494,1.1146128,0.964678,0.7935984,0.6342764,0.4819988,0.366138,0.284254,0.2269868,0.1602516,0.1104676
6.64114114114114E-6,2.38567720000187E-42,2.38567725758081E-42,6.1531460575808E-42,1.61927541531461E-35,8.22221619275415E-30,6.55202082222162E-23,1.47023688222216E-22,1.59498601470237E-14,6.15675786014702E-12,9.2309317860147E-11,8.38887731786008E-9,8.39936449786E-9,2.192936148548E-6,1.344706600774E-5,1.5677553985518E-4,0.00293156724328718,0.0042839672328,0.029539382696,0.19538412856,0.4133712,0.6172136,0.991536,1.3938312,1.6108676,1.7555096,1.9079048,1.839092,1.678326,1.5518056,1.4144636,1.2569588,1.1115276,0.96204,0.7914212,0.632544,0.4806828,0.365136,0.2834816,0.2263864,0.1598332,0.1101868
6.64964964964965E-6,1.19158152000081E-42,1.19158154622032E-42,3.07333034622032E-42,8.77624587333034E-36,4.79103997624587E-30,4.194074879104E-23,9.411269679104E-23,1.15758920941127E-14,4.65734389209411E-12,7.10984238920941E-11,6.70099842389205E-9,6.708932399892E-9,1.836396520824E-6,1.1396759875056E-5,1.36389133433976E-4,0.00264118250353397,0.0038487824956,0.027322952808,0.18725179244,0.3986516,0.596496,0.9692004,1.371506,1.59337,1.7436104,1.9011324,1.8332104,1.6734452,1.5473088,1.4103488,1.2534324,1.1084504,0.9594084,0.7892488,0.6308152,0.4793696,0.3641356,0.2827108,0.2257872,0.1594156,0.1099064
6.65815815815816E-6,5.93632240000349E-43,5.93632251906785E-43,1.53109941190678E-42,4.74521233109941E-36,2.78547074521233E-30,2.67927067854707E-23,6.01213187854707E-23,8.38681606012132E-15,3.51734361606012E-12,5.46754236160601E-11,5.34476342361603E-9,5.350755975616E-9,1.5357175475888E-6,9.646350038632E-6,1.18510738880552E-4,0.00237730544879255,0.0034541054428,0.025250175076,0.17936006444,0.3842324,0.5761148,0.9471676,1.349354,1.5759492,1.7317264,1.8943072,1.827298,1.668562,1.5428104,1.4062336,1.2499152,1.1053804,0.9567828,0.7870816,0.6290908,0.4780596,0.363138,0.281942,0.2251892,0.1589984,0.109626
6.66666666666667E-6,2.9498044000015E-43,2.94980445391963E-43,7.60814485391962E-43,2.55953356081448E-36,1.61582655953356E-30,1.70811056158266E-23,3.83290536158266E-23,6.06576003832905E-15,2.65205016003833E-12,4.19799301600383E-11,4.25667593016002E-9,4.26119471016E-9,1.2825071886444E-6,8.15402054266E-6,1.0285162121478E-4,0.00213724740651878,0.003096447402,0.023313969156,0.17170629764,0.3701164,0.55608,0.9254472,1.327388,1.5586132,1.7198604,1.8874272,1.8213536,1.663676,1.5383108,1.4021188,1.2464076,1.1023188,0.9541644,0.7849204,0.6273708,0.4767532,0.3621436,0.2811756,0.2245932,0.1585828,0.1093468
6.67517517517517E-6,1.46201040000064E-43,1.4620104243498E-43,3.7708204243498E-43,1.37728797708204E-36,9.35231377287977E-31,1.08676209352314E-23,2.43863569352314E-23,4.37944402438636E-15,1.99636144402439E-12,3.21816854440244E-11,3.38505368544401E-9,3.388455569444E-9,1.06957645119E-6,6.883474459208E-6,8.9153724273884E-5,0.00191915037140188,0.002772350368,0.02150648418,0.16428587028,0.3563048,0.5363988,0.9040476,1.3056196,1.5413708,1.7080156,1.8804908,1.8153764,1.6587872,1.5338096,1.3980036,1.2429092,1.0992648,0.9515524,0.782764,0.6256544,0.47545,0.361152,0.2804112,0.2239992,0.1581688,0.1090684
6.68368368368368E-6,7.22752040000275E-44,7.22752050965776E-44,1.86412421096578E-43,7.39343746412421E-37,5.40097459343746E-31,6.90037254009746E-24,1.54840605400975E-23,3.15644321548406E-15,1.50032884321548E-12,2.46316408432155E-11,2.68790044084321E-9,2.6904572964432E-9,8.9077365414E-7,5.8032401569676E-6,7.71865770256556E-5,0.00172158391375685,0.0024795839112,0.019821495828,0.15709658336,0.3428004,0.5170804,0.882978,1.2840612,1.52423,1.6961952,1.8734956,1.8093648,1.6538952,1.5293064,1.3938876,1.23942,1.0962184,0.9489464,0.7806128,0.6239424,0.47415,0.3601628,0.2796488,0.2234064,0.1577552,0.1087904
6.69219219219219E-6,3.56377240000117E-44,3.56377244924691E-44,9.19169644924691E-44,3.95937971916964E-37,3.11209115937972E-31,4.37249831120911E-24,9.81165111120911E-24,2.27102880981165E-15,1.12570462880981E-12,1.88232806288098E-11,2.1311452806288E-9,2.1330638686288E-9,7.408426615976E-7,4.886073538164E-6,6.6744775840588E-5,0.00154274266351859,0.0022155426616,0.018252003952,0.15013385872,0.3296036,0.4981316,0.8622452,1.2627224,1.507198,1.6844012,1.866438,1.803316,1.6489984,1.5248,1.38977,1.23594,1.0931792,0.9463468,0.7784668,0.6222344,0.4728532,0.3591768,0.2788888,0.2228156,0.1573432,0.1085136
6.7007007007007E-6,1.7527200000005E-44,1.75272002205539E-44,4.52062122205539E-44,2.11527405206212E-37,1.78920331527405E-31,2.76506937892033E-24,6.20466777892033E-24,1.63114600620467E-15,8.43241946006204E-13,1.43619899460062E-11,1.687194789946E-9,1.688632082746E-9,6.153006304516E-7,4.1084277888408E-6,5.76454942700928E-5,0.00138084382143729,0.00197764382,0.016791830208,0.14339513708,0.3167168,0.4795604,0.8418572,1.2416144,1.4902824,1.6726364,1.8593164,1.7972284,1.6440956,1.5202892,1.3856496,1.2324684,1.090148,0.943754,0.7763264,0.6205308,0.47156,0.3581936,0.2781312,0.2222264,0.1569324,0.1082376
6.70920920920921E-6,8.59798520000212E-45,8.59798529850232E-45,2.21759492985023E-44,1.12736382175949E-37,1.02634912736382E-31,1.74502570263491E-24,3.91574290263491E-24,1.16952320391574E-15,6.30623123203915E-13,1.09408391232039E-11,1.3337328391232E-9,1.3348078135232E-9,5.10330406644E-7,3.4499897771904E-6,4.97262194669744E-5,0.00123452489667497,0.0017633248956,0.0154340159,0.13687587624,0.3041404,0.4613728,0.82182,1.220746,1.4734892,1.660902,1.8521272,1.7911004,1.6391872,1.5157744,1.3815268,1.229006,1.087124,0.9411664,0.7741904,0.6188304,0.4702692,0.3572124,0.2773752,0.221638,0.156522,0.1079616
6.71771771771772E-6,4.2068940000009E-45,4.20689404387073E-45,1.08504388438707E-44,5.99405868504388E-38,5.87433079405868E-32,1.09904965874331E-24,2.46620765874331E-24,8.37084802466207E-16,4.70844284802466E-13,8.32153228480246E-12,1.0527475322848E-9,1.0535502062848E-9,4.226863493692E-7,2.893251879362E-6,4.2842644028674E-5,0.00110244159960267,0.0015704415988,0.014172819966,0.1305727494,0.2918752,0.4435748,0.8021396,1.200126,1.4568244,1.6491996,1.8448676,1.7849296,1.6342712,1.511254,1.3774004,1.225552,1.0841068,0.9385844,0.7720592,0.6171336,0.4689808,0.3562332,0.2766208,0.2210504,0.156112,0.107686
6.72622622622623E-6,2.05309240000038E-45,2.05309241948492E-45,5.29534561948492E-45,3.17933372953456E-38,3.35466557933373E-32,6.90798433546655E-25,1.55011403354666E-24,5.98102801550114E-16,3.5097390280155E-13,6.31935390280155E-12,8.29719753902801E-10,8.303181227028E-10,3.496123175246E-7,2.4231519671488E-6,3.68669859987688E-5,9.83666162598368E-4,0.001397266162,0.01300291738,0.12448244384,0.279922,0.426172,0.782822,1.1797632,1.4402952,1.6375324,1.837536,1.7787148,1.6293468,1.5067276,1.3732704,1.2221076,1.0810984,0.9360104,0.769934,0.6154412,0.467696,0.3552568,0.2758688,0.2204652,0.155704,0.1074116
6.73473473473473E-6,9.99393880000159E-46,9.99393888630153E-46,2.57764348863015E-45,1.68232585776435E-38,1.91147128232586E-32,4.33316219114713E-25,9.72337739114713E-25,4.26606600972338E-16,2.61193326600972E-13,4.79135732660097E-12,6.529653573266E-10,6.534106925266E-10,2.8877341026592E-7,2.0267507494992E-6,3.16861062193352E-5,8.76485458045335E-4,0.0012412854576,0.0119177973376,0.11860085936,0.2682808,0.4091692,0.7638712,1.1596644,1.4239056,1.6259004,1.8301288,1.772454,1.624414,1.5021948,1.369136,1.218672,1.0780972,0.933442,0.7678136,0.6137524,0.4664136,0.3542824,0.2751176,0.21988,0.1552956,0.1071368
6.74324324324324E-6,4.85230400000066E-46,4.85230403811825E-46,1.25150824381182E-45,8.88060845150824E-39,1.08671008806084E-32,2.71255130867101E-25,6.08681370867101E-25,3.03755760608681E-16,1.94061235760609E-13,3.62710963576061E-12,5.1309750963576E-10,5.1342840731576E-10,2.3819334810356E-7,1.69295755434608E-6,2.72000061212977E-5,7.79999496650897E-4,0.00110119949632,0.0109125618164,0.112924307052,0.2569512,0.3925704,0.7452912,1.139836,1.4076604,1.6143048,1.8226432,1.7661452,1.6194716,1.4976548,1.3649968,1.2152452,1.0751028,0.9308792,0.7656976,0.6120668,0.4651336,0.3533104,0.2743684,0.2192968,0.1548888,0.1068632
6.75175175175175E-6,2.34984880000028E-46,2.34984881678972E-46,6.06074041678972E-46,4.67662380607404E-39,6.1643598766238E-33,1.6946100616436E-25,3.8026112616436E-25,2.15907160380261E-16,1.4394778716038E-13,2.74144178716038E-12,4.0258784178716E-10,4.0283330630716E-10,1.962020330904E-7,1.41226788935852E-6,2.33204892918645E-5,6.93320089445464E-4,9.757200892E-4,0.00998312429,0.107449908224,0.245934,0.37638,0.727086,1.1202844,1.3915652,1.6027476,1.8150776,1.7597868,1.614518,1.493106,1.3608512,1.2118264,1.0721156,0.9283232,0.7635872,0.610386,0.4638576,0.3523416,0.2736216,0.2187152,0.1544828,0.10659
6.76026026026026E-6,1.13504724000012E-46,1.1350472473748E-46,2.9275176473748E-46,2.45686829275176E-39,3.48890805686829E-33,1.05652723488908E-25,2.37078883488908E-25,1.53198680237079E-16,1.06600958680237E-13,2.06877775868024E-12,3.1540773775868E-10,3.1558952871868E-10,1.6139074937552E-7,1.17655664292776E-6,1.9969830680751E-5,6.15969517341791E-4,8.6404971716E-4,0.00912468864199999,0.102173673476,0.2352284802,0.3606012802,0.7092584,1.1010148,1.375624,1.59123,1.8074288,1.7533768,1.6095536,1.4885492,1.3566996,1.2084168,1.0691364,0.9257732,0.7614816,0.6087088,0.4625848,0.3513756,0.2728772,0.2181356,0.1540784,0.1063176
6.76876876876877E-6,5.46850160000048E-47,5.4685016323038E-47,1.41043884323038E-46,1.28762494104388E-39,1.97023848762494E-33,6.57370419702384E-26,1.47510401970238E-25,1.0851448014751E-16,7.88145944801475E-14,1.55870739448015E-12,2.4673734739448E-10,2.4687176111448E-10,1.325731516526E-7,9.7888987294652E-7,1.70796243930537E-5,5.46279379214413E-4,7.6415873908E-4,0.0083316264128,0.097091180096,0.22483267936,0.34523587936,0.6918088,1.08203,1.359838,1.5797496,1.799692,1.746912,1.604576,1.483982,1.3525404,1.2050148,1.0661628,0.923228,0.75938,0.6070348,0.4613144,0.3504124,0.2721348,0.2175572,0.1536748,0.106046
6.77727727727728E-6,2.6278756000002E-47,2.62787561411082E-47,6.77782881411082E-47,6.73216507778288E-40,1.11013387321651E-33,4.08187331101338E-26,9.15950411101339E-26,7.6730200091595E-17,5.81757302000916E-14,1.17255013020009E-12,1.927292301302E-10,1.928284512102E-10,1.0875102837448E-7,8.1335377027548E-7,1.45897846559011E-5,4.84189593099221E-4,6.75333793E-4,0.00760082523479999,0.092199720632,0.2147467442,0.3302863442,0.6747404,1.0633352,1.344212,1.5683088,1.7918668,1.740392,1.5995852,1.4794044,1.348374,1.2016216,1.0631968,0.9206888,0.7572836,0.6053644,0.4600472,0.3494516,0.2713948,0.2169808,0.1532728,0.1057752
6.78578578578578E-6,1.25957256000008E-47,1.25957256614676E-47,3.24869336614675E-47,3.51138992486933E-40,6.24109551138992E-34,2.52946286241095E-26,5.67597766241095E-26,5.41614400567597E-17,4.28712814400567E-14,8.80671681440056E-13,1.5031775168144E-10,1.5039087444144E-10,8.908655082028E-8,6.7491610800316E-7,1.24475872702028E-5,4.28847437833123E-4,5.9640975776E-4,0.0069279208216,0.087494934992,0.20496876232,0.31575356232,0.6580532,1.044932,1.3287476,1.5569068,1.7839496,1.733814,1.59458,1.474816,1.3441996,1.1982372,1.0602384,0.918156,0.755192,0.603698,0.4587828,0.3484932,0.2706568,0.2164056,0.1528712,0.1055048
6.79429429429429E-6,6.02174800000034E-48,6.02174802670152E-48,1.55313140267015E-47,1.82709655531314E-40,3.50084942709655E-34,1.56428603500849E-26,3.51017163500849E-26,3.81645040351017E-17,3.15413725040351E-14,6.60408172504035E-13,1.17064208172504E-10,1.17118009092504E-10,7.2877157970928E-8,5.5929992646772E-7,1.06068592976009E-5,3.79406742893801E-4,5.2617462284E-4,0.0063081018628,0.08297201544,0.19549556788,0.30163756788,0.6417468,1.0268228,1.3134468,1.5455432,1.7759372,1.7271764,1.5895596,1.4702156,1.3400168,1.1948616,1.0572872,0.9156292,0.7531052,0.6020348,0.4575208,0.3475368,0.26992,0.2158316,0.1524708,0.1052352
6.8028028028028E-6,2.87146520000014E-48,2.87146521156702E-48,7.40609961156702E-48,9.48423594060996E-41,1.95935614842359E-34,9.65434419593561E-27,2.16638321959356E-26,2.68456640216638E-17,2.31677496640217E-14,4.94454549664021E-13,9.1030654549664E-11,9.1070174373664E-11,5.9534910147528E-8,4.62875287006624E-7,9.02720281571982E-6,3.3502711227952E-4,4.6329391224E-4,0.0057380344684,0.078627631128,0.1863254668,0.2879382668,0.6258208,1.0090084,1.2983104,1.5342172,1.7678272,1.7204768,1.584522,1.4656012,1.3358232,1.1914928,1.0543412,0.9131072,0.751022,0.6003744,0.4562608,0.3465824,0.2691844,0.2152584,0.1520708,0.104966
6.81131131131131E-6,1.36573500000006E-48,1.36573500499693E-48,3.52251180499693E-48,4.91137235225118E-41,1.09416169113723E-34,5.94633010941617E-27,1.33432381094162E-26,1.88509720133432E-17,1.69893229720133E-14,3.69620362972013E-13,7.0680740362972E-11,7.0709722406972E-11,4.8568189703556E-8,3.82566972733084E-7,7.67332662010204E-6,2.95673256308982E-4,4.0763645628E-4,0.0052147879588,0.07445805396,0.1774567632,0.2746555632,0.6102748,0.99149,1.28334,1.5229288,1.7596172,1.7137136,1.5794676,1.4609736,1.33162,1.1881332,1.0514032,0.9105912,0.748944,0.5987176,0.455004,0.3456308,0.2684512,0.2146868,0.151672,0.1046972
6.81981981981982E-6,6.47904320000023E-49,6.47904322152682E-49,1.67107844215268E-48,2.53723816710784E-41,6.09643533723816E-35,3.65505646096435E-27,8.20174806096435E-27,1.32141360082017E-17,1.24381941360082E-14,2.75867554136008E-13,5.4797947554136E-11,5.4819166858136E-11,3.9566939153644E-8,3.15773046728664E-7,6.5144527832993E-6,2.60481158261219E-4,3.5809555824E-4,0.00473445604612,0.07045857984,0.16888598116,0.2617880144,0.5951064,0.9742672,1.2685356,1.511676,1.7513036,1.706884,1.5743936,1.4563308,1.3274052,1.1847812,1.0484716,0.9080808,0.7468704,0.5970648,0.45375,0.344682,0.2677204,0.2141172,0.1512744,0.1044296
6.82832832832833E-6,3.06574720000009E-49,3.06574720924811E-49,7.9071916092481E-49,1.30761007907192E-41,3.38921330761008E-35,2.24211683389213E-27,5.03118843389213E-27,9.24674800503118E-18,9.09133074800503E-15,2.05570650748005E-13,4.2420610650748E-11,4.2436120998748E-11,3.2189436111752E-8,2.60295467029668E-7,5.52376327055035E-6,2.2915520105551E-4,3.1415732104E-4,0.00429372517404,0.066625097068,0.1606094336,0.24933340212,0.5803128,0.9573392,1.2538972,1.500458,1.7428836,1.6999864,1.5692996,1.451672,1.3231788,1.1814372,1.0455464,0.9055756,0.7448008,0.5954148,0.4524988,0.3437356,0.2669912,0.2135488,0.1508776,0.104162
6.83683683683684E-6,1.44691564000004E-49,1.44691564396206E-49,3.73189364396206E-49,6.72283997318936E-42,1.879963872284E-35,1.37259441879964E-27,3.08002441879964E-27,6.45929200308002E-18,6.63417929200308E-15,1.52945339292003E-13,3.2789833339292E-11,3.2801152143292E-11,2.6151373145684E-8,2.14280046517964E-7,4.6779439002068E-6,2.01407271263319E-4,2.75337591252E-4,0.00389051147268,0.062954323344,0.15262505968,0.23728993032,0.565892,0.9407044,1.239424,1.4892736,1.7343552,1.6930188,1.5641848,1.4469972,1.31894,1.1781012,1.0426276,0.9030756,0.7427352,0.5937676,0.45125,0.342792,0.2662644,0.2129824,0.1504824,0.1038956
6.84534534534535E-6,6.81133280000015E-50,6.8113328169272E-50,1.75678392169272E-49,3.44815017567839E-42,1.04046674481502E-35,8.38580010404667E-28,1.88172681040467E-27,4.50428720188172E-18,4.83321228720188E-15,1.13612732287202E-13,2.53075807322872E-11,2.53158271922872E-11,2.1216563822688E-8,1.7616551899398E-7,3.95673341021446E-6,1.76895988216246E-4,2.41119228208E-4,0.00352149803696,0.059441343088,0.14492796252,0.22565382324,0.5518392,0.9243604,1.2251152,1.4781208,1.7257148,1.6859788,1.5590472,1.4423044,1.314688,1.1747736,1.0397164,0.9005816,0.7406748,0.5921248,0.4500048,0.3418512,0.26554,0.2124172,0.1500876,0.1036292
6.85385385385385E-6,3.19817320000006E-50,3.19817320721182E-50,8.24874600721182E-50,1.76432328248746E-42,5.74556976432328E-36,5.1128876574557E-28,1.14730352574557E-27,3.1355392011473E-18,3.51539113920115E-15,8.42621511392011E-14,1.95034421511392E-11,1.95094403791392E-11,1.71892134372436E-8,1.44638129924988E-7,3.34256604917823E-6,1.55231746629998E-4,2.10955226624E-4,0.00318453805692,0.056082810608,0.13751481268,0.21442252348,0.5381516,0.9083052,1.21097,1.4669988,1.7169608,1.6788652,1.5538856,1.437592,1.3104212,1.1714532,1.0368108,0.8980928,0.7386184,0.5904848,0.4487612,0.340912,0.2648168,0.2118532,0.1496936,0.1033636
6.86236236236236E-6,1.49779852000002E-50,1.49779852306409E-50,3.86312932306408E-50,9.00592518631293E-43,3.16567690059252E-36,3.11105003165677E-28,6.98102283165677E-28,2.1789332006981E-18,2.5527053332007E-15,6.23954653332007E-14,1.50079314653332E-11,1.50122872493332E-11,1.39071042850704E-8,1.18595581734544E-7,2.82023032189178E-6,1.36014455376356E-4,1.84304855372E-4,0.00287669096328,0.0528737862748,0.13038068464,0.2035906904,0.5248236,0.8925344,1.1969852,1.455904,1.7080892,1.6716744,1.5486984,1.4328596,1.3061396,1.1681404,1.0339116,0.8956096,0.736566,0.5888476,0.4475204,0.3399756,0.2640952,0.2112904,0.1493004,0.1030984
6.87087087087087E-6,6.9965956000001E-51,6.99659561298232E-51,1.80456460129823E-50,4.58601898045646E-43,1.7403128586019E-36,1.88915401740313E-28,4.23915281740313E-28,1.51154320042391E-18,1.85061754320042E-15,4.61304975432004E-14,1.15313424975432E-11,1.15345003971432E-11,1.12361184988856E-8,9.71129966497795E-8,2.3765661523699E-6,1.19040034667158E-4,1.60838394664E-4,0.00259642717008,0.0498107412932,0.12352206184,0.19315459836,0.5118508,0.8770448,1.1831596,1.4448356,1.6990992,1.6644064,1.5434852,1.4281064,1.301842,1.1648352,1.0310184,0.8931316,0.734518,0.5872132,0.4462816,0.3390412,0.2633752,0.2107288,0.1489084,0.102834
6.87937937937938E-6,3.25987640000004E-51,3.25987640548527E-51,8.40789040548527E-51,2.3297148840789E-43,9.54587032971488E-37,1.14484360954587E-28,2.56896360954587E-28,1.0467484002569E-18,1.33943554840026E-15,3.40516235484002E-14,8.8468316235484E-12,8.8491173195484E-12,9.0655811162728E-9,7.9416259777884E-8,2.00020622706569E-6,1.04064797414286E-4,1.40200277412E-4,0.00234099122068,0.04688892087,0.11693300008,0.18310813548,0.4992268,0.8618312,1.1694896,1.43379,1.6899868,1.6570576,1.538244,1.4233308,1.2975276,1.1615372,1.0281312,0.890658,0.7324736,0.585582,0.4450452,0.3381088,0.2626572,0.2101684,0.1485168,0.10257
6.88788788788789E-6,1.51494372000002E-51,1.51494372231122E-51,3.90735292231122E-51,1.18066783907353E-43,5.22433998066784E-37,6.9237836522434E-29,1.55365996522434E-28,7.23618400155366E-19,9.67867618400155E-16,2.50958636184001E-14,6.7771078636184E-12,6.7787595480184E-12,7.3042267588244E-9,6.48581057916804E-8,1.68135688166368E-6,9.08692301296516E-5,1.22071350128E-4,0.00210886405268,0.0441044064988,0.11060919,0.17344640212,0.4869464,0.8468888,1.1559724,1.4227652,1.6807504,1.6496268,1.532974,1.4185324,1.2931964,1.1582472,1.02525,0.8881896,0.7304332,0.5839532,0.4438104,0.3371788,0.2619412,0.20961,0.1481268,0.1023072
6.8963963963964E-6,7.02221120000006E-52,7.02221120971134E-52,1.81117304097113E-51,5.9691309811173E-44,2.8528241969131E-37,4.17888722852824E-29,9.37719922852824E-29,4.99369600093772E-19,6.98230169600093E-16,1.84663501696001E-14,5.1838183501696E-12,5.1850099317696E-12,5.8769530094324E-9,5.28983523117016E-8,1.41157673454358E-6,7.92558515691915E-5,1.06165603568E-4,0.0018973597318,0.0414521127104,0.104544354032,0.164162109752,0.4750016,0.832212,1.1426048,1.4117584,1.6713872,1.642112,1.5276736,1.41371,1.2888472,1.1549644,1.0223748,0.885726,0.7283964,0.5823272,0.4425784,0.3362516,0.2612272,0.2090528,0.1477376,0.1020448
6.9049049049049E-6,3.24662680000002E-52,3.24662680406923E-52,8.37371520406922E-52,3.01059768373715E-44,1.55434070105977E-37,2.51707921554341E-29,5.64819161554341E-29,3.44017040056482E-19,5.02886817040056E-16,1.35666828170401E-14,3.95916668281704E-12,3.96002492401704E-12,4.72203602458E-9,4.30866355220372E-8,1.18360662245824E-6,6.90472826768582E-5,9.2227118676E-5,0.0017058224006,0.038928984036,0.098733843516,0.155249979836,0.4633868,0.8177952,1.1293836,1.4007684,1.6618964,1.6345124,1.522342,1.4088624,1.2844788,1.1516888,1.0195056,0.8832672,0.7263636,0.580704,0.4413488,0.3353268,0.2605156,0.2084972,0.1473496,0.1017828
6.91341341341341E-6,1.49717344000001E-52,1.49717344170036E-52,3.86151664170036E-52,1.51479083861517E-44,8.44975631479083E-38,1.51304600844976E-29,3.39519440844976E-29,2.36582880033952E-19,3.61601902880034E-16,9.95134590288003E-15,3.01930014590288E-12,3.01991728430288E-12,3.78883591704772E-9,3.50481995556824E-8,9.91216989965938E-7,6.00844539806171E-5,8.002725798E-5,0.001531623472164,0.0365299922128,0.093171436044,0.146702342804,0.4520944,0.8036324,1.116304,1.3897908,1.6522744,1.6268248,1.5169772,1.4039888,1.2800908,1.14842,1.0166416,0.8808124,0.724334,0.5790836,0.4401216,0.3344048,0.259806,0.2079432,0.1469624,0.1015216
6.92192192192192E-6,6.88642160000004E-53,6.88642160708541E-53,1.77614852070854E-52,7.60346457761485E-45,4.58322116034646E-38,9.07668004583221E-30,2.03675640458322E-29,1.62416920020368E-19,2.5958513692002E-16,7.28791713692002E-15,2.29909551713692E-12,2.29953855833692E-12,3.03585513839592E-9,2.84715588789732E-8,8.29063551850641E-7,5.2224861260043E-5,6.93619412596E-5,0.001374158907704,0.034251733472,0.08785253288,0.13851313708,0.441118,0.7897176,1.1033632,1.3788236,1.64252,1.619048,1.5115772,1.3990872,1.2756824,1.1451584,1.0137836,0.8783628,0.722308,0.5774652,0.4388964,0.3334848,0.259098,0.2073904,0.146576,0.1012604
6.93043043043043E-6,3.15933960000001E-53,3.15933960294432E-53,8.14858200294432E-53,3.80739648148582E-45,2.48041598073965E-38,5.43401042480416E-30,1.21936240248042E-29,1.11307480012194E-19,1.86044787480012E-16,5.32892078748001E-15,1.74805852078748E-12,1.74837605734748E-12,2.42915637594604E-9,2.30982681900126E-8,6.92571063047136E-7,4.53410493203175E-5,6.004932132E-5,0.001231246893912,0.0320892262248,0.082769756752,0.130673508272,0.4304484,0.7760432,1.090556,1.367864,1.6326312,1.6111804,1.5061416,1.3941572,1.2712524,1.1419032,1.0109308,0.8759176,0.7202856,0.5758492,0.4376732,0.3325672,0.2583916,0.2068388,0.1461908,0.1010004
6.93893893893894E-6,1.44570812000001E-53,1.44570812122012E-53,3.72877452122011E-53,1.90196843728774E-45,1.33938699019684E-38,3.24663041339387E-30,7.28526361339387E-30,7.61487200072852E-20,1.33120188720007E-16,3.89035178872001E-15,1.32710035178872E-12,1.32732756382872E-12,1.94101412748768E-9,1.87141259944436E-8,5.77827322237212E-7,3.93191859990272E-5,5.19276299988E-5,0.001102325690312,0.0300391089172,0.077918149804,0.123176208444,0.4200788,0.7626024,1.0778776,1.3569084,1.622606,1.6032192,1.5006676,1.3891968,1.2667992,1.138654,1.0080832,0.8734764,0.7182664,0.574236,0.4364524,0.3316516,0.2576868,0.206288,0.1458056,0.10074
6.94744744744745E-6,6.59850360000002E-54,6.59850360504211E-54,1.70188912050421E-53,9.47842817018891E-46,7.21630174784281E-39,1.9358188072163E-30,4.3438736072163E-30,5.20051600043438E-20,9.50951651600043E-17,2.83565036516E-15,1.00600325036516E-12,1.00616556496516E-12,1.54881816551296E-9,1.51419660704698E-8,4.81491163329914E-7,3.40577301601623E-5,4.485305416E-5,9.85651506348E-4,0.0280968379132,0.073291171564,0.116013195324,0.4100008,0.7493884,1.0653236,1.345954,1.6124424,1.5951636,1.4951544,1.3842056,1.2623232,1.135412,1.0052408,0.8710396,0.7162504,0.5726248,0.4352328,0.330738,0.2569836,0.2057388,0.1454216,0.1004808
6.95595595595595E-6,3.00394400000001E-54,3.00394400207787E-54,7.74779200207787E-54,4.71224527747792E-46,3.87927647122453E-39,1.15190120387928E-30,2.58480560387928E-30,3.54548400025848E-20,6.78206948400025E-17,2.06362229484E-15,7.6145282229484E-13,7.6156858581484E-13,1.23415716855036E-9,1.22353571007651E-8,4.00714155104963E-7,2.94662333957157E-5,3.86979853956E-5,8.80696752E-4,0.0262586857508,0.068882697272,0.109176431752,0.400206,0.7363932,1.0528892,1.334998,1.6021392,1.587012,1.4896,1.379182,1.2578232,1.132176,1.0024036,0.8686072,0.7142376,0.5710156,0.4340156,0.3298272,0.2562832,0.2051916,0.1450392,0.1002224
6.96446446446446E-6,1.36401712E-54,1.36401712085393E-54,3.51808112085393E-54,2.33710123518081E-46,2.08072263371012E-39,6.84044842080722E-31,1.53496044208072E-30,2.4129584001535E-20,4.82897295840015E-17,1.499415329584E-15,5.75485815329584E-13,5.75568243249584E-13,9.82063168219119E-10,9.87354311995352E-9,3.33071541668828E-7,2.54642149676824E-5,3.33492989676E-5,7.8574831748E-4,0.024519739426,0.064685016228,0.102655885084,0.3906848,0.7236088,1.0405692,1.324038,1.5916956,1.5787636,1.4840044,1.374126,1.2532988,1.1289468,0.9995712,0.8661784,0.7122276,0.5694084,0.4327996,0.3289184,0.2555844,0.2046452,0.1446572,0.0999644
6.97297297297297E-6,6.17773760000001E-55,6.1777376034996E-55,1.59336388034996E-54,1.15634017593364E-46,1.11353891563402E-39,4.05390201113539E-31,9.09674241113539E-31,1.63934080009097E-20,3.43270094080009E-17,1.087745009408E-15,4.34284145009408E-13,4.34342740609408E-13,7.80381542724216E-10,7.9570375084136E-9,2.76500516454995E-7,2.19802520832586E-5,2.87069600832E-5,7.00706180136E-4,0.02287749900348,0.06069363046,0.096444726708,0.3814308,0.7110288,1.0283588,1.31307,1.5811092,1.5704156,1.478364,1.3690348,1.2487484,1.1257232,0.9967432,0.8637532,0.71022,0.5678032,0.431586,0.328012,0.2548876,0.2041004,0.144276,0.0997064
6.98148148148148E-6,2.7907464E-55,2.79074640143025E-55,7.19789720143024E-55,5.70758047197897E-47,5.94599177075804E-40,2.39762160594599E-31,5.38014120594599E-31,1.1118172000538E-20,2.43616021720005E-17,7.87854002172E-16,3.27236174002172E-13,3.27277759682172E-13,6.19260077748564E-10,6.40400005339808E-9,2.29249879289906E-7,1.89509415528416E-5,2.46824975528E-5,6.2428187862E-4,0.02132747609388,0.056901253248,0.090533731556,0.3724344,0.6986456,1.0162536,1.3020928,1.5703804,1.5619684,1.4726784,1.3639084,1.244172,1.122506,0.99392,0.8613324,0.7082156,0.5662,0.430374,0.3271084,0.2541932,0.2035576,0.1438964,0.0994496
6.98998998998999E-6,1.2574544E-55,1.25745440058291E-55,3.24322720058291E-55,2.81045363243227E-47,3.16789108104536E-40,1.41516560316789E-31,3.17556000316789E-31,7.52736400031755E-21,1.72609273640003E-17,5.69741327364E-16,2.46204541327364E-13,2.46234006623364E-13,4.90724233999096E-10,5.14722021674569E-9,1.89835659664265E-7,1.63201434140295E-5,2.1197851414E-5,5.55597360936E-4,0.01986559270444,0.053301008016,0.084912877708,0.363686,0.68645,1.0042472,1.291102,1.5595072,1.5534196,1.466946,1.3587452,1.2395684,1.119294,0.9911008,0.8589148,0.7062136,0.5645984,0.429164,0.3262072,0.2535004,0.203016,0.1435176,0.0991932
6.9984984984985E-6,5.65125120000001E-56,5.6512512023691E-56,1.45757308023691E-55,1.38057241457573E-47,1.68400653805724E-40,8.33591601684006E-32,1.87053680168401E-31,5.08742280018705E-21,1.22098594228002E-17,4.113609394228E-16,1.84960560939423E-13,1.84981404211423E-13,3.88329381399124E-10,4.13157736919435E-9,1.57000416970043E-7,1.40382202324208E-5,1.81842522324E-5,4.93783864088E-4,0.01848778012084,0.049886027252,0.079572546032,0.3551768,0.6744348,0.9923352,1.2800956,1.5484896,1.5447684,1.4611652,1.353544,1.2349372,1.1160884,0.9882868,0.8565012,0.7042144,0.5629984,0.4279548,0.3253072,0.2528088,0.2024752,0.1431392,0.0989372
7.00700700700701E-6,2.533254E-56,2.5332540009602E-56,6.5337816009602E-56,6.76549846533781E-48,8.93192227654984E-41,4.90024760893192E-32,1.09958952089319E-31,3.43240040010996E-21,8.6227364004001E-18,2.965388564004E-16,1.387426188564E-13,1.387573389044E-13,3.06874957335472E-10,3.31192574871617E-9,1.296814054608E-7,1.20613332670147E-5,1.5581173267E-5,4.383808665308E-4,0.01719117786148,0.046650651492,0.07450511984,0.3468992,0.6625936,0.9805128,1.2690712,1.5373264,1.5360132,1.4553332,1.3483028,1.2302764,1.1128872,0.9854764,0.8540908,0.7022172,0.5613996,0.4267472,0.3244096,0.2521188,0.201936,0.142762,0.098682
7.01551551551551E-6,1.13264492E-56,1.13264492038809E-56,2.92132736038809E-56,3.30749122921327E-48,4.72686993074912E-41,2.87476080472687E-32,6.45081000472687E-32,2.31176080006451E-21,6.07951176080006E-18,2.134289917608E-16,1.03917428991761E-13,1.03927807639761E-13,2.42170367805328E-10,2.65134636172813E-9,1.06981466154379E-7,1.03507733624504E-5,1.333537336244E-5,3.88935131296E-4,0.01597213272212,0.043588828392,0.0697013846,0.3388448,0.6509188,0.9687756,1.2580268,1.5260188,1.5271548,1.4494504,1.343022,1.2255868,1.1096916,0.98267,0.8516836,0.7002224,0.559802,0.4255408,0.3235144,0.2514312,0.2013988,0.1423864,0.098428
7.02402402402402E-6,5.05116E-57,5.05116000156426E-57,1.30279856015642E-56,1.61307921302799E-48,2.49591256130792E-41,1.68307720249591E-32,3.77673720249591E-32,1.55429400003777E-21,4.27938029400004E-18,1.53369300294E-16,7.7716649300294E-14,7.7723954972294E-14,1.90843923953418E-10,2.11969751967559E-9,8.81440573705856E-8,8.8724599798073E-6,1.14001419798E-5,3.445999512136E-4,0.01482619802236,0.040692511998,0.065150527682,0.3310032,0.6394012,0.9571172,1.2469584,1.5145648,1.5181908,1.4435144,1.3376996,1.2208676,1.1065012,0.9798672,0.8492792,0.69823,0.5582056,0.4243356,0.3226212,0.2507452,0.2008624,0.1420112,0.0981744
7.03253253253253E-6,2.2468244E-57,2.24682440062874E-57,5.79501680062874E-57,7.84820845795016E-49,1.31496007848208E-41,9.8338960131496E-33,2.20667560131496E-32,1.04320240002207E-21,3.00733240240002E-18,1.100365724024E-16,5.80345965724024E-14,5.80397307164024E-14,1.50187519729673E-10,1.69239831672338E-9,7.25321582096941E-8,7.59642010028513E-6,9.73453970028E-6,3.049343895708E-4,0.01375053284736,0.0379564620076,0.0608445381196,0.3233672,0.6280356,0.9455344,1.2358652,1.5029656,1.5091208,1.4375224,1.332334,1.2161168,1.1033152,0.977068,0.8468776,0.6962388,0.5566096,0.4231308,0.3217292,0.2500608,0.2003272,0.1416368,0.0979212
7.04104104104104E-6,9.9684844E-58,9.9684844025202E-58,2.57107148025202E-57,3.80930002571071E-49,6.91231878093E-42,5.73412440691232E-33,1.28670644069123E-32,6.98954800012867E-22,2.10994215480001E-18,7.88221421548E-17,4.32720621421548E-14,4.32756643081548E-14,1.18028595663609E-10,1.34943619355437E-9,5.96103161168421E-8,6.4963142729236E-6,8.30271467292E-6,2.699025966876E-4,0.01274230136528,0.0353742431044,0.0567746064004,0.3159288,0.616814,0.9340216,1.2247444,1.4912204,1.4999436,1.4314736,1.3269244,1.211334,1.1001328,0.9742708,0.8444776,0.6942484,0.555014,0.4219272,0.32084,0.249378,0.1997928,0.1412628,0.097668
7.04954954954955E-6,4.4113244E-58,4.41132440100738E-58,1.13777056010074E-57,1.8444928113777E-49,3.62544898444928E-42,3.33677520362545E-33,7.48754120362545E-33,4.67492720007487E-22,1.47790989272001E-18,5.637314989272E-17,3.22162931498927E-14,3.22188163274927E-14,9.262729881586E-11,1.07454049733842E-9,4.89288204424432E-8,5.54904078828252E-6,7.07333598828E-6,2.385817233932E-4,0.01179738074148,0.0329393328872,0.0529306327752,0.30867870848,0.6057296,0.9225748,1.2135944,1.4793312,1.4906604,1.4253676,1.3214704,1.2065196,1.0969552,0.9714768,0.84208,0.69226,0.5534196,0.4207248,0.3199532,0.248698,0.1992608,0.1408904,0.097416
7.05805805805806E-6,1.9471112E-58,1.94711120040155E-58,5.02199600040155E-58,8.90979605021995E-50,1.89726088909796E-42,1.93778680189726E-33,4.34828360189726E-33,3.12137120004348E-22,1.03350773712E-18,4.025399973712E-17,2.39491819997371E-14,2.39509464913371E-14,7.25919909461792E-11,8.54503989912983E-10,4.01107039506925E-8,4.73435868004176E-6,6.01904428004E-6,2.10416611712E-4,0.0109128158298,0.0306451765736,0.0493036823256,0.30160879764,0.594776,0.9111892,1.2024132,1.4672972,1.4812692,1.4192012,1.3159704,1.2016724,1.093782,0.968686,0.8396852,0.6902732,0.5518256,0.4195232,0.3190684,0.2480192,0.1987292,0.1405184,0.097164
7.06656656656657E-6,8.5722216E-59,8.57222160159621E-59,2.21095056015962E-58,4.2935356221095E-50,9.90649082935356E-43,1.12306160099065E-33,2.52008720099065E-33,2.0804696000252E-22,7.21552446960002E-19,2.869846844696E-17,1.7776762468447E-14,1.7777994381647E-14,5.68114979941736E-11,6.78619097272829E-10,3.28403390692959E-8,4.03456432132123E-6,5.11599072132E-6,1.854546539276E-4,0.01008585403212,0.0284866218704,0.0458858201464,0.29471273872,0.583948,0.899862,1.1912,1.4551204,1.4717704,1.4129732,1.3104232,1.1967912,1.090612,0.9658976,0.837292,0.6882864,0.5502312,0.4183216,0.3181844,0.2473412,0.1981988,0.1401472,0.0969124
7.07507507507507E-6,3.7642348E-59,3.76423480063275E-59,9.70873240063274E-59,2.06405560970873E-50,5.16108100640556E-43,6.49560800516108E-34,1.45757920051611E-33,1.38427560001458E-22,5.02933227560001E-19,2.042777322756E-17,1.31753677732276E-14,1.31762264464276E-14,4.4399856226308E-11,5.38218655723513E-10,2.68538986357987E-8,3.43418588548086E-6,4.34340708548E-6,1.632975626988E-4,0.00931329706888,0.0264568707532,0.0426674634212,0.2879817542,0.573238,0.8885876,1.1799524,1.4428008,1.4621636,1.4066828,1.3048284,1.1918768,1.087446,0.9631112,0.8349004,0.6863012,0.5486376,0.4171216,0.317304,0.246666,0.19767,0.1397768,0.0966612
7.08358358358358E-6,1.64870052E-59,1.64870052025013E-59,4.25233732025013E-59,9.89886204252337E-51,2.68279849898862E-43,3.7493440026828E-34,8.4133268026828E-34,9.19451600008413E-23,3.49978385160001E-19,1.451761838516E-17,9.75032161838515E-15,9.75091915478516E-15,3.46517149190628E-11,4.26296914569176E-10,2.19309849004015E-8,2.9197269751646E-6,3.683236175164E-6,1.435056015332E-4,0.008592305209888,0.0245506837052,0.0396401859092,0.2814086224,0.5626412,0.8773636,1.16867,1.4303412,1.45245,1.4003288,1.2991852,1.1869284,1.0842836,0.9603272,0.8325108,0.6843168,0.547044,0.415922,0.3164252,0.2459928,0.1971432,0.139408,0.0964112
7.09209209209209E-6,7.202578E-60,7.20257800098606E-60,1.8576913200986E-59,4.73596001857691E-51,1.3914356473596E-43,2.15978320139143E-34,4.84643520139143E-34,6.09649200004846E-23,2.4314204492E-19,1.030108604492E-17,7.20481308604492E-15,7.20522822056492E-15,2.70063452281596E-11,3.37198824985078E-10,1.78879388149271E-8,2.47942873162041E-6,3.11979913162E-6,1.2609289213248E-4,0.00792009258194,0.0227616750312,0.0367952134904,0.27498617312,0.5521516,0.866186,1.1573516,1.417742,1.442628,1.3939084,1.2934916,1.1819448,1.081124,0.9575452,0.8301228,0.6823332,0.5454504,0.4147232,0.3155484,0.2453212,0.1966172,0.1390396,0.0961612
7.1006006006006E-6,3.138454E-60,3.13845400038764E-60,8.09471320038764E-60,2.26041760809471E-51,7.20055862604176E-44,1.24160480072006E-34,2.78609240072006E-34,4.03530480002786E-23,1.68642553048E-19,7.297646553048E-18,5.31585764655305E-15,5.31614558615305E-15,2.10186281455458E-11,2.66366987976944E-10,1.45718189808479E-8,2.10306061367229E-6,2.639499813672E-6,1.1067579880036E-4,0.007293875553452,0.021084261248,0.0341241727592,0.26870723632,0.5417644,0.8550516,1.1459964,1.4050056,1.4326992,1.3874212,1.2877476,1.1769264,1.0779672,0.9547644,0.8277356,0.6803496,0.5438564,0.4135244,0.3146732,0.2446508,0.196092,0.1386712,0.0959112
7.10910910910911E-6,1.36403156E-60,1.36403156015197E-60,3.51811716015197E-60,1.07628548351812E-51,3.71788490762855E-44,7.12319960371788E-35,1.59840836037179E-34,2.66635440001598E-23,1.16778623544E-19,5.161726623544E-18,3.91625492662354E-15,3.91645431606355E-15,1.63358284542894E-11,2.10133308337537E-10,1.18554613032926E-8,1.7817318573922E-6,2.230561457392E-6,9.704078512548E-5,0.006711040591328,0.019513028946,0.0316184590696,0.26256441024,0.531474,0.8439568,1.1346028,1.3921328,1.4226624,1.3808644,1.2819512,1.171872,1.0748128,0.9519848,0.8253492,0.678366,0.5422616,0.412326,0.3138008,0.2439832,0.1955692,0.1383048,0.0956624
7.11761761761762E-6,5.9130784E-61,5.91307840059412E-61,1.52510516005941E-60,5.11238641525105E-52,1.91537165112386E-44,4.07836640191537E-35,9.15163360191537E-35,1.75875160000915E-23,8.07323875160001E-20,3.645184387516E-18,2.88081638438751E-15,2.88095422934752E-15,1.26787369542118E-11,1.65550256873497E-10,9.63325825330904E-9,1.50772805537614E-6,1.882800055376E-6,8.49953073795199E-5,0.006169395154508,0.0180433856868,0.029271487592,0.25655311252,0.5212784,0.8329016,1.1231728,1.379128,1.4125204,1.3742384,1.2761028,1.166782,1.0716608,0.9492064,0.8229636,0.676382,0.5406656,0.4111268,0.3129292,0.2433164,0.1950468,0.1379388,0.095414
7.12612612612612E-6,2.5567284E-61,2.55672840023163E-61,6.59432360023162E-61,2.42258240659432E-52,9.84549304225823E-45,2.33032280098455E-35,5.22911840098455E-35,1.15807320000523E-23,5.5721140732E-20,2.570136740732E-18,2.11595693674073E-15,2.11605207758073E-15,9.826708052066E-12,1.30252147996356E-10,7.81768414548194E-9,1.27436528203209E-6,1.587419682032E-6,7.436588985744E-5,0.005665965769432,0.016669158082,0.0270742915344,0.25066557848,0.5111716,0.8218816,1.1117048,1.3659916,1.402272,1.3675404,1.2702004,1.1616556,1.0685112,0.9464292,0.8205788,0.6743984,0.5390688,0.4099276,0.3120596,0.2426512,0.1945256,0.1375736,0.095166
7.13463463463463E-6,1.10264584E-61,1.10264584009005E-61,2.84395164009005E-61,1.14522484284395E-52,5.04951411452248E-45,1.32881720050495E-35,2.98179360050495E-35,7.61224800002981E-24,3.8395516248E-20,1.809276316248E-18,1.55183247631625E-15,1.55189803523625E-15,7.60567189802762E-12,1.0234343185964E-10,6.33626343008875E-9,1.07585706188007E-6,1.33683070188E-6,6.499654309776E-5,0.00519939644836,0.01538659021444,0.02502032069364,0.24489725972,0.5011512,0.8108948,1.1001984,1.3527264,1.391918,1.3607688,1.2642436,1.1564924,1.0653628,0.943652,0.818194,0.6724136,0.5374704,0.408728,0.311192,0.2419876,0.1940056,0.1372092,0.0949184
7.14314314314314E-6,4.7431736E-62,4.74317360034914E-62,1.22336164003491E-61,5.40085001223361E-53,2.5839776540085E-45,7.56195000258397E-36,1.6968602002584E-35,4.99499040001697E-24,2.64136949904E-20,1.2716444949904E-18,1.13639764449499E-15,1.13644274533499E-15,5.87847644274034E-12,8.03073164163316E-11,5.1290673151711E-9,9.07203466180045E-7,1.12449602618E-6,5.674709014884E-5,0.00476634701572,0.01418954196696,0.02310063989256,0.2392408226,0.491212,0.7999392,1.088654,1.3393356,1.3814596,1.3539228,1.2582316,1.151292,1.0622152,0.9408748,0.8158088,0.6704276,0.5358704,0.407528,0.310326,0.2413264,0.1934876,0.1368464,0.094672
7.15165165165165E-6,2.03508748E-62,2.03508748013499E-62,5.24890548013499E-62,2.5409196052489E-53,1.3193368254092E-45,4.29458000131933E-36,9.63680560131933E-36,3.27191000000964E-24,1.814120391E-20,8.92357203909999E-19,8.3092595720391E-16,8.3095693321191E-16,4.53721495692994E-12,6.2931774938792E-11,4.14660777406457E-9,7.64089006944031E-7,9.44791966944E-7,4.949182743056E-5,0.004365891769036,0.01307468768536,0.02131032774296,0.23369334704,0.481354,0.7890152,1.077074,1.3258236,1.3708996,1.3470028,1.2521648,1.1460556,1.0590688,0.9380976,0.8134236,0.6684412,0.5342692,0.406328,0.309462,0.2406664,0.19297,0.1364836,0.0944256
7.16016016016016E-6,8.7092132E-63,8.70921320052047E-63,2.24627980005205E-62,1.19255316224628E-53,6.72123211925531E-46,2.43403440067212E-36,5.46183880067212E-36,2.13950480000546E-24,1.24391635048E-20,6.252067635048E-19,6.06654006763504E-16,6.06675246747505E-16,3.49712827524461E-12,4.92498482628076E-11,3.34808984765004E-9,6.42794889241621E-7,7.928865692416E-7,4.311808307272E-5,0.00399511803732,0.01203591473848,0.01964007529168,0.2282475252,0.4715716,0.7781188,1.0654564,1.3121916,1.3602364,1.3400048,1.2460408,1.1407816,1.0559224,0.9353196,0.8110376,0.6664528,0.532666,0.4051272,0.3085996,0.2400084,0.192454,0.1361216,0.0941796
7.16866866866867E-6,3.7175256E-63,3.71752560020012E-63,9.58826400020011E-63,5.58371840958826E-54,3.41640845583718E-46,1.37673920034164E-36,3.08932640034164E-36,1.39659520000309E-24,8.5154005952E-21,4.373414405952E-19,4.42248541440595E-16,4.42263081668595E-16,2.69172746308027E-12,3.84910474545663E-11,2.69991864702574E-9,5.40118718205214E-7,6.646330782052E-7,3.752503038692E-5,0.0036527249945876,0.01107032233316,0.01808498491436,0.2229008604,0.4618652,0.7672508,1.0538036,1.2984448,1.3494732,1.3329296,1.2398608,1.1354712,1.052776,0.93254,0.80865,0.6644624,0.5310604,0.4039256,0.3077392,0.239352,0.1919388,0.13576,0.0939336
7.17717717717718E-6,1.58274524E-63,1.58274524007673E-63,4.08222644007673E-63,2.60811480408222E-54,1.73268042608115E-46,7.77131720173268E-37,1.74384332017327E-36,9.10066000001743E-25,5.819782066E-21,3.05442222066E-19,3.21913042222066E-16,3.21922979698066E-16,2.06894352297879E-12,3.00423515171599E-11,2.17446835121754E-9,4.5330926802961E-7,5.564794280296E-7,3.2622517359408E-5,0.003336222489386,0.01017262034496,0.01663776921016,0.21764766604,0.4522316,0.7564104,1.0421168,1.284586,1.3386108,1.3257752,1.2336232,1.130124,1.04963,0.92976,0.806262,0.6624704,0.5294524,0.4027228,0.30688,0.2386972,0.1914252,0.1353996,0.0936884
7.18568568568568E-6,6.7212424E-64,6.72124240029339E-64,1.73354644002934E-63,1.21531032173355E-54,8.76788412153103E-47,4.37781320087679E-37,9.82357200087679E-37,5.91997600000982E-25,3.9709675976E-21,2.129850475976E-19,2.33968345047598E-16,2.33975125663598E-16,1.58804677512507E-12,2.34168147711547E-11,1.74905721456214E-9,3.80004256980807E-7,4.653850569808E-7,2.8330103469168E-5,0.0030447300816404,0.009339928356,0.0152931501008,0.21248506472,0.4426708,0.7455976,1.0303972,1.2706196,1.3276512,1.3185412,1.227328,1.1247404,1.0464832,0.926978,0.803872,0.660476,0.5278416,0.4015188,0.3060224,0.2380436,0.1909124,0.1350396,0.0934436
7.19419419419419E-6,2.846876E-64,2.84687600011187E-64,7.34267800011187E-64,5.64945920734268E-55,4.42687125649459E-47,2.46115120044269E-37,5.52268880044269E-37,3.84425480000552E-25,2.70504522548E-21,1.4827964522548E-19,1.69793959645225E-16,1.69798578670026E-16,1.21723899857829E-12,1.82281109958736E-11,1.4050909108503E-9,3.18178290741204E-7,3.887510907412E-7,2.4576073873672E-5,0.0027757760568628,0.00856697467,0.0140434578968,0.207407387324,0.4331796,0.7348108,1.018646,1.2565492,1.3165956,1.311226,1.2209744,1.1193196,1.0433352,0.9241936,0.8014792,0.658478,0.5262268,0.4003128,0.305166,0.237392,0.1904012,0.1346808,0.0931992
7.2027027027027E-6,1.20273232E-64,1.20273232004254E-64,3.10209252004254E-64,2.61989600310209E-55,2.23011562619896E-47,1.38082520022301E-37,3.09849640022301E-37,2.4920068000031E-25,1.83967360068E-21,1.0306831360068E-19,1.23036628313601E-16,1.23039769686401E-16,9.31720239769437E-13,1.417014023793E-11,1.1273329401367E-9,2.66097132817203E-7,3.243592128172E-7,2.129657828122E-5,0.0025284965650428,0.00785129545188,0.01288463048208,0.20241297222,0.4237592,0.7240516,1.0068656,1.2423796,1.3054468,1.3038296,1.2145628,1.1138632,1.0401864,0.9214068,0.7990844,0.6564776,0.5246088,0.3991056,0.3043116,0.236742,0.1898912,0.1343228,0.0929552
7.21121121121121E-6,5.0681604E-65,5.06816040016131E-65,1.30718112001613E-64,1.21204516130718E-55,1.12094765212045E-47,7.73138640112094E-38,1.73488184011209E-37,1.61261800000173E-25,1.2490928618E-21,7.15286928618E-20,8.90211286928618E-17,8.90232616212618E-17,7.1218462326146E-13,1.10008446220125E-11,9.03334844551732E-10,2.22278774755602E-7,2.703190947556E-7,1.843484638266E-5,0.002301234836094,0.00718883394376,0.01181061256832,0.197497764528,0.4144084,0.71332,0.9950576,1.2281144,1.2942056,1.2963496,1.2080912,1.1083696,1.0370356,0.9186176,0.7966876,0.6544744,0.5229876,0.3978964,0.303458,0.2360932,0.189382,0.1339652,0.0927116
7.21971971971972E-6,2.130164E-65,2.130164000061E-65,5.494125200061E-65,5.59386840549412E-56,5.62172045593868E-48,4.32011480056217E-38,9.69410560056217E-38,1.04173880000097E-25,8.4671577388E-22,4.956179577388E-20,6.43129217957739E-17,6.43143676413739E-17,5.43621914367537E-13,8.52898591352092E-12,7.22925385864805E-10,1.85457005321601E-7,2.250206853216E-7,1.5940488141764E-5,0.0020923404801564,0.00657633976576,0.01081615503168,0.192659315468,0.4051276,0.7026168,0.983224,1.2137592,1.2828748,1.2887864,1.2015612,1.1028404,1.033882,0.9158244,0.7942868,0.6524668,0.521362,0.3966852,0.302606,0.235446,0.188874,0.1336084,0.0924684
7.22822822822823E-6,8.9301012E-66,8.93010120023003E-66,2.303253520023E-65,2.57551040230325E-56,2.8130740257551E-48,2.40908440028131E-38,5.40585720028131E-38,6.7178680000054E-26,5.7301797868E-22,3.428664597868E-20,4.63926866459787E-17,4.63936651323787E-17,4.14379993665065E-13,6.60371199309211E-12,5.77811311959378E-10,1.54552411265601E-7,1.870954912656E-7,1.3768787076932E-5,0.0019005687808876,0.00601056820968,0.00989681423508,0.187895181692,0.3959168,0.6919432,0.9713676,1.199318,1.271456,1.2811388,1.1949716,1.0972752,1.0307256,0.9130276,0.7918828,0.6504552,0.519732,0.3954716,0.3017552,0.2348004,0.1883668,0.133252,0.0922252
7.23673673673674E-6,3.7340448E-66,3.7340448000865E-66,9.6308696000865E-66,1.18296744096309E-56,1.40449641182967E-48,1.34068920014045E-38,3.00843400014045E-38,4.32463040000301E-26,3.87156806304E-22,2.3681800806304E-20,3.34154738008063E-17,3.34161349144063E-17,3.15426136134871E-13,5.10620213574776E-12,4.61239402112453E-10,1.28645679368721E-7,1.5538140336872E-7,1.1880133087976E-5,0.0017250801282972,0.005488679672164,0.009047351487724,0.183202524752,0.3867764,0.6812992,0.9594896,1.184796,1.2599524,1.2734068,1.188324,1.0916764,1.0275668,0.9102268,0.7894756,0.6484396,0.5180976,0.3942556,0.300906,0.234156,0.1878604,0.132896,0.0919824
7.24524524524524E-6,1.55734484E-66,1.55734484003244E-66,4.01671244003244E-66,5.42049720401671E-57,6.99660405420497E-49,7.44598200069966E-39,1.67083900006997E-38,2.77914840000167E-26,2.61152191484E-22,1.6331096191484E-20,2.40321270961915E-17,2.40325730451915E-17,2.39769432573017E-13,3.94300143231189E-12,3.67717801416242E-10,1.069551977774E-7,1.288931457774E-7,1.0239480906032E-5,0.0015638394772028,0.005007439113428,0.008263332525948,0.178579310588,0.3777072,0.6706876,0.9475936,1.170198,1.2483656,1.2655892,1.1816164,1.086042,1.0244036,0.9074212,0.7870636,0.6464188,0.516458,0.3930368,0.3000576,0.2335132,0.1873556,0.1325412,0.0917404
7.25375375375375E-6,6.4784476E-67,6.47844760012132E-67,1.67092500001213E-66,2.47778840167092E-57,3.47761322477788E-49,4.12700680034776E-39,9.26077880034776E-39,1.78286800000093E-26,1.7586862868E-22,1.124418462868E-20,1.72576961846287E-17,1.72579965033487E-17,1.82006777996485E-13,3.04070877782063E-12,2.92785988766752E-10,8.88168659715203E-8,1.0679608997152E-7,8.815871907982E-6,0.00141641586904928,0.004564015579304,0.007540327055224,0.174023909076,0.3687108,0.6601096,0.9356824,1.15553,1.2366988,1.2576856,1.1748496,1.0803736,1.0212352,0.9046096,0.7846464,0.644392,0.5148128,0.3918156,0.2992108,0.2328724,0.1868524,0.1321872,0.0914988
7.26226226226226E-6,2.688054E-67,2.68805400004524E-67,6.93303800004524E-67,1.1299183606933E-57,1.72465561129918E-49,2.28279640017246E-39,5.12246960017246E-39,1.14175120000051E-26,1.18241897512E-22,7.729485897512E-21,1.23742694858975E-17,1.23744714003375E-17,1.37968094471389E-13,2.34175649435316E-12,2.32826876486742E-10,7.36674668641202E-8,8.838439486412E-8,7.58198025690839E-6,0.00128198197805312,0.004156381747568,0.006874308312928,0.169534293596,0.3597876,0.649566,0.9237576,1.1407964,1.2249544,1.2496964,1.168024,1.0746724,1.0180628,0.9017928,0.7822244,0.6423604,0.5131624,0.3905916,0.2983652,0.2322332,0.18635,0.1318336,0.0912572
7.27077077077077E-6,1.11246524E-67,1.11246524001683E-67,2.86927080001683E-67,5.14028880286927E-58,8.53395725140288E-50,1.26013880008534E-39,2.82767920008534E-39,7.29909200000282E-27,7.9367459092E-23,5.304995459092E-21,8.85938899545909E-18,8.8595245270191E-18,1.0444001952452E-13,1.80105641944516E-12,1.84911216414219E-10,6.10298712075601E-8,7.306175520756E-8,6.51373365077639E-6,0.00115891373195416,0.003781313548844,0.006260852703884,0.165108840672,0.35094,0.63906,0.9118232,1.1260036,1.2131356,1.24162,1.1611392,1.0689388,1.0148852,0.89897,0.7797972,0.6403228,0.5115056,0.389364,0.2975204,0.2315948,0.1858484,0.1314804,0.0910156
7.27927927927928E-6,4.59214E-68,4.59214000006241E-68,1.18440528000624E-67,2.3328460011844E-58,4.21332362332846E-50,6.94205080042133E-40,1.55775724004213E-39,4.65812720000156E-27,5.31865381272E-23,3.6352185381272E-21,6.33335521853812E-18,6.33344604265813E-18,7.8950013446038E-14,1.38334881339286E-12,1.46669668809811E-10,5.05005096624801E-8,6.032524966248E-8,5.5899331707188E-6,0.00104678993186632,0.00343718978658,0.00569753943274,0.160747529608,0.34217,0.6285936,0.899882,1.111156,1.201244,1.233456,1.1541948,1.0631724,1.0117008,0.89614,0.777364,0.6382792,0.5098428,0.3881336,0.2966772,0.2309588,0.1853484,0.1311284,0.0907748
7.28778778778779E-6,1.89071092E-68,1.89071092002308E-68,4.87652292002308E-68,1.05619216048765E-58,2.07552321056192E-50,3.81659760020755E-40,8.56423840020755E-40,2.96755480000086E-27,3.55835395548E-23,2.4870639395548E-21,4.52074706393955E-18,4.52080782849956E-18,5.95984408078255E-14,1.06109644077224E-12,1.16188616438321E-10,4.173834861192E-8,4.975105661192E-8,4.791950997018E-6,9.44791949995519E-4,0.003121591834868,0.005179950212708,0.1564483422,0.3334788,0.618168,0.8879368,1.0962604,1.189284,1.225206,1.1471936,1.057376,1.0085104,0.8933032,0.7749248,0.6362288,0.5081732,0.3868996,0.2958352,0.230324,0.1848492,0.1307768,0.090534
7.2962962962963E-6,7.76455E-69,7.76455000008513E-69,2.00263168000851E-68,4.77042720200263E-59,1.02013540477043E-50,2.09403280010201E-40,4.69889800010201E-40,1.88725760000047E-27,2.37675552576E-23,1.6988459552576E-21,3.22205484595526E-18,3.22209543301126E-18,4.49277820954311E-14,8.12824182071665E-13,9.19251041803965E-11,3.445568510096E-8,4.098260510096E-8,4.1034265601764E-6,8.5170342579228E-4,0.00283250333468,0.00470486897092,0.152210462444,0.3248684,0.607786,0.8759904,1.0813216,1.177258,1.2168692,1.1401352,1.05155,1.0053136,0.8904592,0.7724788,0.6341712,0.506496,0.3856612,0.2949932,0.22969,0.1843508,0.130426,0.0902936
7.3048048048048E-6,3.1804388E-69,3.18043880003131E-69,8.20299960003131E-69,2.1494596008203E-59,5.00281122149459E-51,1.14659440005003E-40,2.57289640005003E-40,1.19814440000026E-27,1.58492101444E-23,1.1585976101444E-21,2.29298779761014E-18,2.29301486290215E-18,3.38214290148617E-14,6.21809028999013E-13,7.26359290278562E-11,2.8410075926736E-8,3.3720239926736E-8,3.5100202061076E-6,7.6711001961812E-4,0.002567509947604,0.004269481610164,0.1480334763,0.316342,0.5974512,0.8640476,1.066346,1.1651692,1.2084448,1.1330184,1.0456936,1.0021076,0.8876056,0.7700248,0.6321056,0.5048112,0.3844188,0.2941528,0.2290576,0.1838532,0.1300756,0.0900536
7.31331331331331E-6,1.29938992E-69,1.29938992001148E-69,3.35139252001148E-69,9.66183640335139E-60,2.44792480966183E-51,6.26547560024479E-41,1.40593960002448E-40,7.5933080000014E-28,1.05516153308E-23,7.889004153308E-22,1.62935810041533E-18,1.62937611921133E-18,2.54252973761184E-14,4.75046097365567E-13,5.73212060965872E-11,2.3397521204468E-8,2.7712493204468E-8,2.9991644677808E-6,6.9059916401816E-4,0.002325399107172,0.003870975766972,0.143916971452,0.3079012,0.5871644,0.8521104,1.0513388,1.1530208,1.1999344,1.125846,1.0398096,0.998894,0.8847436,0.7675632,0.630032,0.5031184,0.383172,0.2933128,0.2284268,0.1833568,0.129726,0.089814
7.32182182182182E-6,5.2950852E-70,5.295085200042E-70,1.3657117200042E-69,4.33259760136571E-60,1.1951131243326E-51,3.41678360011951E-41,7.66708360011951E-41,4.80395040000076E-28,7.01323239504E-24,5.3631763239504E-22,1.15605231763239E-18,1.1560642940364E-18,1.90870040642935E-14,3.62437324057281E-13,4.51778373235279E-11,1.9246565836168E-8,2.2748589836168E-8,2.55987697075032E-6,6.205598766274E-4,0.002103759831812,0.003505740630424,0.1398601371284,0.2995484,0.57693,0.8401828,1.0363068,1.140816,1.1913376,1.1186176,1.0338984,0.9956716,0.8818724,0.7650932,0.6279492,0.5014172,0.3819204,0.2924736,0.2277972,0.1828616,0.1293768,0.0895744
7.33033033033033E-6,2.15222348E-70,2.15222348001532E-70,5.55102388001532E-70,1.9381804005551E-60,5.8216664193818E-52,1.85951480005822E-41,4.17265440005822E-41,3.03396680000042E-28,4.65377819668E-24,3.6402645819668E-22,8.19002026458196E-19,8.19009973674197E-19,1.43089030099734E-14,2.7615218300532E-13,3.55616321826459E-11,1.5813281631364E-8,1.8652053231364E-8,2.18255323892328E-6,5.5738255297708E-4,0.0019017825176916,0.0031725667399716,0.1358637639012,0.2912876,0.5667504,0.828268,1.0212552,1.128558,1.1826536,1.1113328,1.0279604,0.9924384,0.87899,0.762614,0.6258576,0.4997068,0.3806636,0.2916344,0.2271684,0.1823664,0.1290276,0.0893348
7.33883883883884E-6,8.7253312E-71,8.72533120005573E-71,2.25044432000557E-70,8.64962640225044E-61,2.82952000864963E-52,1.00995160002829E-41,2.26628080002829E-41,1.91279480000023E-28,3.08305327948E-24,2.4669169327948E-22,5.79346691693279E-19,5.7935195661448E-19,1.07120233519564E-14,2.10127103348873E-13,2.79565751031052E-11,1.2977080574524E-8,1.5275409774524E-8,1.85882299906308E-6,5.00258822799648E-4,0.0017174587950532,0.0028682458459292,0.1319270435476,0.2831204,0.5566284,0.81637,1.0061908,1.1162504,1.1738844,1.1039936,1.0219972,0.9891948,0.8760968,0.7601252,0.6237564,0.4979876,0.379402,0.2907968,0.226542,0.1818728,0.1286792,0.0890956
7.34734734734735E-6,3.5282408E-71,3.52824080002021E-71,9.10005600002021E-71,3.85087800091E-61,1.37216072385088E-52,5.47420760013721E-42,1.22838252001372E-41,1.20384480000012E-28,2.03912678448E-24,1.6691156678448E-22,4.09202671566784E-19,4.09206153789985E-19,8.00818920615366E-15,1.59673909204115E-13,2.19498699090392E-11,1.06369458695E-8,1.24954542695E-8,1.58138504626172E-6,4.48381384894596E-4,0.0015495813631044,0.0025907707481084,0.1280503688896,0.27505,0.5465668,0.8044916,0.9911188,1.1038968,1.1650304,1.0966016,1.0160108,0.9859408,0.8731924,0.7576264,0.6216444,0.496258,0.3781344,0.2899588,0.2259164,0.1813804,0.1283316,0.0888568
7.35585585585585E-6,1.42303468E-71,1.42303468000731E-71,3.67029540000731E-71,1.71032804036703E-61,6.63934441710328E-53,2.96114840006639E-42,6.64465280006639E-42,7.56341600000066E-29,1.34646563416E-24,1.1275330563416E-22,2.88592153305634E-19,2.88594452677634E-19,5.9785245944526E-15,1.21172484593106E-13,1.72117804844817E-11,8.708475780196E-9,1.0209500580196E-8,1.34389149460196E-6,4.01343891379408E-4,0.0013969438742888,0.0023381351830248,0.124233733682,0.2670792,0.5365692,0.7926368,0.976046,1.0915008,1.156092,1.0891568,1.0100016,0.9826748,0.870276,0.7551176,0.6195224,0.4945188,0.3768616,0.289122,0.2252924,0.1808888,0.1279844,0.088618
7.36436436436436E-6,5.7247004E-72,5.72470040002638E-72,1.47651836000264E-71,7.57804240147651E-62,3.20532520757804E-53,1.59851720003205E-42,3.58698480003205E-42,4.74362560000036E-29,8.87636636256E-25,7.6047196636256E-23,2.03224807196636E-19,2.03226323023436E-19,4.45708722632297E-15,9.18316072254354E-14,1.34792436071503E-11,7.121191243404E-9,8.332014443404E-9,1.14081960998652E-6,3.59140819522612E-4,0.0012583408061352,0.0021083336984232,0.1204771324876,0.2592104,0.5266368,0.780808,0.9609772,1.0790652,1.1470696,1.0816604,1.0039708,0.9793956,0.8673464,0.7525976,0.6173892,0.4927684,0.3755824,0.2882848,0.2246688,0.1803972,0.1276372,0.0883792
7.37287287287287E-6,2.29705472E-72,2.29705472000949E-72,5.92457392000949E-72,3.34959000059246E-62,1.54399480334959E-53,8.6117980001544E-43,1.93243980001544E-42,2.96994000000019E-29,5.842016994E-25,5.12090816994E-23,1.42894489081699E-19,1.42895486731699E-19,3.3182200954867E-15,6.95021800949025E-14,1.05426821800443E-11,5.8163186820372E-9,6.7918574820372E-9,9.67377054163959E-7,3.2096737698798E-4,0.0011321673665148,0.0018989615607388,0.1167805605852,0.2514464,0.516774,0.7690096,0.9459192,1.066594,1.1379644,1.0741132,0.9979196,0.9761036,0.864404,0.750066,0.6152444,0.4910076,0.3742972,0.287448,0.2240468,0.1799068,0.1272904,0.0881404
7.38138138138138E-6,9.1932816E-73,9.19328160003404E-73,2.3711353200034E-72,1.47701340023711E-62,7.42073761477013E-54,4.6300748000742E-43,1.03896396000742E-42,1.8562224000001E-29,3.83864882224E-25,3.4428764882224E-23,1.00322868764882E-19,1.00323524298082E-19,2.46692632352428E-15,5.25318463231404E-14,8.23535184628909E-12,4.744915351746E-9,5.529931751746E-9,8.1940832928492E-7,2.8641940827922E-4,0.0010176194000964,0.0017088146634164,0.1131448138784,0.2437904,0.5069836,0.7572448,0.930878,1.0540916,1.128778,1.0665172,0.9918504,0.9727976,0.8614472,0.7475224,0.6130876,0.4892352,0.373006,0.286612,0.223426,0.1794172,0.126944,0.0879016
7.38988988988989E-6,3.6698696E-73,3.66986960001218E-73,9.46534240001217E-73,6.49734360094653E-63,3.55856560649734E-54,2.48428560003558E-43,5.57460520003558E-43,1.15813080000006E-29,2.51815261308E-25,2.3110335261308E-23,7.03283903352613E-20,7.03288203656613E-20,1.83148832882035E-15,3.96519723285685E-14,6.42478797230571E-12,3.866284787902E-9,4.497217587902E-9,6.93314815756484E-7,2.55467354777936E-4,9.138673483928E-4,0.0015362634885328,0.1095698628576,0.23624437404,0.4972676,0.7455164,0.9158588,1.0415604,1.1195104,1.0588728,0.9857632,0.9694764,0.8584756,0.7449664,0.6109184,0.4874512,0.3717084,0.2857764,0.2228068,0.1789284,0.126598,0.0876628
7.3983983983984E-6,1.46120584E-73,1.46120584000434E-73,3.76874952000434E-73,2.85131080037687E-63,1.70266920285131E-54,1.33025240001703E-43,2.98501440001703E-43,7.21322000000029E-30,1.6492001322E-25,1.548823201322E-23,4.92274482320132E-20,4.92277298702932E-20,1.35784322772986E-15,2.98899312275649E-14,5.00588193121224E-12,3.146620281882E-9,3.653095081882E-9,5.85983893724088E-7,2.27715343865192E-4,8.197153388892E-4,0.0013797121972748,0.1060565116908,0.22881152936,0.4876292,0.733828,0.9008676,1.029004,1.1101632,1.0511812,0.9796592,0.9661388,0.8554876,0.7423956,0.6087348,0.485654,0.3704032,0.2849404,0.2221884,0.1784404,0.1262524,0.087424
7.40690690690691E-6,5.8030084E-74,5.80300840001545E-74,1.49671464000154E-73,1.24827716014967E-63,8.12853321248277E-55,7.10862480008128E-44,1.59513620000813E-43,4.48483400000016E-30,1.07833124834E-25,1.0363517124834E-23,3.44056795171248E-20,3.44058636674048E-20,1.00529120586366E-15,2.25010472057558E-14,3.8953610471955E-12,2.5578753610128E-9,2.9639473610128E-9,4.94727546355756E-7,2.0281844752486E-4,7.34818443652E-4,0.001238415889672,0.1026056154836,0.22149552372,0.4780724,0.7221836,0.8859108,1.0164272,1.100738,1.0434444,0.9735408,0.9627852,0.8524836,0.7398108,0.6065376,0.483844,0.3690904,0.284104,0.2215712,0.1779532,0.1259072,0.0871856
7.41541541541541E-6,2.29866672E-74,2.29866672000548E-74,5.92872432000548E-74,5.45173920059287E-64,3.87188760545174E-55,3.79101400003872E-44,8.50682760003872E-44,2.78361000000008E-30,7.039138361E-26,6.92345938361E-24,2.40103834593836E-20,2.40105036693436E-20,7.43243610503666E-16,1.69159996104333E-14,3.02733199960358E-12,2.0768209319756E-9,2.4019966919756E-9,4.17225995948756E-7,1.80388305979776E-4,6.5798830296936E-4,0.00111038622917576,0.0992167859039999,0.21429717108,0.4685984,0.7105852,0.8709932,1.0038324,1.0912356,1.0356632,0.9674088,0.9594136,0.849462,0.7372112,0.6043252,0.4820196,0.36777,0.283268,0.2209556,0.1774676,0.1255632,0.0869476
7.42392392392392E-6,9.08195679999999E-75,9.0819568000194E-75,2.34241804000194E-74,2.37529240023424E-64,1.84017760237529E-55,2.0176412000184E-44,4.5274772000184E-44,1.72470560000004E-30,4.58748487056E-26,4.6179492487056E-24,1.67306899492487E-20,1.67307682915687E-20,5.4874113076829E-16,1.27001971307224E-14,2.34972699712615E-12,1.6842393269804E-9,1.9443172469804E-9,3.51480716698256E-7,1.60396880704547E-4,5.8879687836752E-4,9.9479519647792E-4,0.0958907949364,0.2072196454,0.45921,0.699036,0.8561204,0.9912232,1.0816572,1.0278392,0.9612644,0.9560236,0.8464228,0.7345964,0.6020976,0.4801812,0.3664412,0.2824308,0.2203404,0.1769824,0.1252192,0.0867096
7.43243243243243E-6,3.5790056E-75,3.57900560000684E-75,9.23098920000684E-75,1.03242044009231E-64,8.7261604103242E-56,1.07164520000873E-44,2.40471360000873E-44,1.06676080000002E-30,2.98481667608E-26,3.0752849667608E-24,1.16405672849668E-20,1.16406182580228E-20,4.04576720618257E-16,9.52228072058841E-15,1.82145988071754E-12,1.36424505986908E-9,1.57200377986908E-9,2.95771203375304E-7,1.42405971194258E-4,5.2640596938232E-4,8.9040460695872E-4,0.0926284043992,0.2002657102,0.4499108,0.68754,0.8412992,0.9786044,1.0720056,1.0199744,0.95511,0.9526148,0.8433656,0.7319656,0.5998548,0.4783284,0.365104,0.2815928,0.219726,0.1764972,0.1248748,0.0864712
7.44094094094094E-6,1.40678336E-75,1.40678336000241E-75,3.62838168000241E-75,4.47666240036284E-65,4.12869680447666E-56,5.68036800004129E-45,1.27464408000413E-44,6.58664160000012E-31,1.938871466416E-26,2.04471151466416E-24,8.08689671151466E-21,8.08692982253467E-21,2.97873006929822E-16,7.12999300691043E-15,1.41015359300488E-12,1.10373735358492E-9,1.26949959358492E-9,2.4861925929572E-7,1.26311019252464E-4,4.7031101784944E-4,7.9630991552224E-4,0.08942990974976,0.1934376624,0.4407032,0.6761,0.8265344,0.9659792,1.0622812,1.0120696,0.948946,0.9491856,0.8402888,0.7293184,0.5975956,0.4764604,0.3637584,0.2807544,0.2191128,0.1760132,0.1245312,0.0862332
7.44944944944945E-6,5.515342E-76,5.51534200000845E-76,1.42251864000084E-75,1.93646712014225E-65,1.94908400193647E-56,3.00483760001949E-45,6.74269360001949E-45,4.05981200000007E-31,1.25738459812E-26,1.3573390459812E-24,5.60963733904598E-21,5.60965881202598E-21,2.19007409658812E-16,5.33156340964624E-15,1.0903319634083E-12,8.919147319578E-10,1.0240083319578E-9,2.08755208112956E-7,1.11926955203E-4,4.19526954118E-4,7.111260632936E-4,0.0862955259312,0.1867365182,0.4315888,0.6647184,0.8118312,0.9533508,1.0524864,1.0041264,0.942774,0.9457352,0.8371916,0.726654,0.5953196,0.4745768,0.3624044,0.279916,0.2185008,0.1755296,0.1241876,0.0859944
7.45795795795796E-6,2.15674152E-76,2.15674152000296E-76,5.56268352000295E-76,8.35647640055626E-66,9.18068920835647E-57,1.58629560000918E-45,3.55956200000918E-45,2.49800240000003E-31,8.14096180024E-27,8.9961016180024E-25,3.8853832101618E-21,3.8853971128818E-21,1.60798805397113E-16,3.98141560538897E-15,8.41967815604497E-13,7.1988876781172E-10,8.2502392781172E-10,1.75091063767017E-7,9.90850510599463E-5,3.7388505022196E-4,6.3428433117516E-4,0.08322548422604,0.18016490996,0.42257,0.653398,0.7971948,0.9407236,1.0426232,0.9961472,0.9365956,0.9422632,0.8340736,0.7239716,0.5930264,0.4726776,0.3610412,0.2790768,0.2178896,0.1750464,0.123844,0.0857556
7.46646646646647E-6,8.4121096E-77,8.41210960001031E-77,2.16965700000103E-76,3.59743760021696E-66,4.31466840359744E-57,8.35729240004314E-46,1.87533372000431E-45,1.53435000000002E-31,5.262241035E-27,5.95293041035E-25,2.68706849304103E-21,2.68707747964904E-21,1.17897447077479E-16,2.96918864707222E-15,6.49347188646482E-13,5.8035214718596E-10,6.6392870718596E-10,1.46694448589291E-7,8.7631774445738E-5,3.3301269379936E-4,5.6548979409656E-4,0.0802210897105199,0.17372534368,0.4136502586,0.64214247768,0.7826308,0.9281008,1.0326932,0.9881328,0.9304116,0.9387676,0.8309332,0.72127,0.5907148,0.4707612,0.3596684,0.2782368,0.2172792,0.1745632,0.1235004,0.0855164
7.47497497497497E-6,3.2726E-77,3.27260000000359E-77,8.44070920000359E-77,1.54497668008441E-66,2.02323280154498E-57,4.39407240002023E-46,9.86005960002023E-46,9.40807200000009E-32,3.39589048072E-27,3.9329401048072E-25,1.85553609401048E-21,1.85554189336008E-21,8.63222155418932E-17,2.2113390155385E-15,5.00152939015148E-13,4.6730655293716E-10,5.3366419293716E-10,1.22768464106617E-7,7.74273284619816E-5,2.9635088796404E-4,5.0369846115764E-4,0.0772820983948,0.16741877616,0.4048306716,0.63095374804,0.768144,0.915486,1.0226984,0.9800852,0.9242236,0.9352476,0.8277696,0.7185492,0.588384,0.4688272,0.3582856,0.277396,0.2166696,0.1740812,0.1231576,0.0852776
7.48348348348348E-6,1.26987468E-77,1.26987468000125E-77,3.27527008000124E-77,6.61923200032752E-67,9.46611560661923E-58,2.30561240000946E-46,5.17366920000947E-46,5.75866800000005E-32,2.18788638668E-27,2.5942620638668E-25,1.27939822620639E-21,1.27940196258439E-21,6.31157594019625E-17,1.64471175939977E-15,3.84745111759142E-13,3.7583434511048E-10,4.2845638511048E-10,1.02632216321996E-7,6.83449122147403E-5,2.6340935183164E-4,4.4803281638204E-4,0.07440843276376,0.16124633056,0.39611288828,0.61983382384,0.7537388,0.9028828,1.0126416,0.9720068,0.918034,0.9317032,0.8245828,0.7158084,0.586034,0.4668756,0.3568928,0.276554,0.2160604,0.1735988,0.122814,0.085038
7.49199199199199E-6,4.914854E-78,4.91485400000431E-78,1.26764112000043E-77,2.82912080012676E-67,4.41900960282912E-58,1.20732600000442E-46,2.70917360000442E-46,3.51875000000002E-32,1.4072903875E-27,1.708520103875E-25,8.80824052010387E-22,8.80826455321988E-22,4.60840008264553E-17,1.22163400082505E-15,2.95588874000655E-13,3.0190842887312E-10,3.4358714887312E-10,8.570450710279E-8,6.02694245059272E-5,2.3406802421156E-4,3.9834632259872E-4,0.0716011462809199,0.15521026092,0.3874992772,0.6087858786,0.7394204,0.8902948,1.0025244,0.9638988,0.9118428,0.9281324,0.8213712,0.7130464,0.5836636,0.464906,0.35549,0.2757112,0.2154528,0.173118,0.1224712,0.0847988
7.5005005005005E-6,1.89731912E-78,1.89731912000149E-78,4.89357112000149E-78,1.20629324004894E-67,2.05828280120629E-58,6.30929000002058E-47,1.41577148000206E-46,2.14634440000001E-32,9.03711863444E-28,1.12340471863444E-25,6.05505140471863E-22,6.05506683795864E-22,3.36015695066838E-17,9.0617076950578E-16,2.26802130769394E-13,2.42235402130164E-10,2.75206334130164E-10,7.14902063005292E-8,5.30965702054279E-5,2.07779689979532E-4,3.54029367970932E-4,0.068860429335,0.14931155812,0.37899173304,0.59781224992,0.7251932,0.8777248,0.9923488,0.9557624,0.9056512,0.924534,0.818134,0.7102628,0.5812724,0.4629172,0.354076,0.2748664,0.2148452,0.1726368,0.122128,0.0845592
7.50900900900901E-6,7.3055216E-79,7.30552160000512E-79,1.88424008000051E-78,5.13112400018842E-68,9.56557920513112E-59,3.29045320000956E-47,7.38360440000957E-47,1.30694080000001E-32,5.79381349408E-28,7.3750061349408E-26,4.15616270061349E-22,4.1561725950815E-22,2.44661556172595E-17,6.7126775561668E-16,1.73800267755543E-13,1.9412612026734E-10,2.2017672826734E-10,5.95679367038016E-8,4.6731967936057E-5,1.84191447762928E-4,3.14156213810608E-4,0.06618615618776,0.14355089684,0.37059142444,0.58691516496,0.711062,0.8651768,0.9821176,0.9476,0.8994608,0.920908,0.8148712,0.7074572,0.57886,0.4609096,0.3526512,0.27402,0.2142388,0.1721564,0.1217848,0.0843192
7.51751751751752E-6,2.80570032E-79,2.80570032000176E-79,7.23647552000175E-79,2.17735880007236E-68,4.43552680217736E-59,1.71257360000443E-47,3.84292680000443E-47,7.94432000000004E-33,3.7084034432E-28,4.833905634432E-26,2.84847979056344E-22,2.84848612365144E-22,1.77897288486123E-17,4.96590528848241E-16,1.330142705288E-13,1.55386974270244E-10,1.75944686270244E-10,4.95793846684808E-8,4.10903793841897E-5,1.63128019251672E-4,2.78511543997712E-4,0.06357811152344,0.13792886212,0.36229942132,0.57609618368,0.6970304,0.8526544,0.9718336,0.939414,0.8932736,0.9172536,0.8115816,0.7046288,0.576426,0.4588824,0.3512156,0.2731724,0.2136332,0.171676,0.1214412,0.0840784
7.52602602602602E-6,1.07476404E-79,1.0747640400006E-79,2.7720361200006E-79,9.2173236002772E-69,2.05213520092173E-59,8.89532600002052E-48,1.99606508000205E-47,4.82061720000002E-33,2.369721806172E-28,3.16332641806172E-26,1.94930553264181E-22,1.94930957957901E-22,1.29172229309579E-17,3.66874942930721E-16,1.01669514942899E-13,1.24230589514748E-10,1.40433813514748E-10,4.12203938005977E-8,3.60947403934466E-5,1.44337860292144E-4,2.46678736163224E-4,0.06103707871996,0.13244663764,0.35411778412,0.565358341,0.6831036,0.8401608,0.9614988,0.9312052,0.8870892,0.913568,0.8082632,0.701776,0.5739688,0.4568344,0.3497684,0.2723232,0.2130288,0.1711968,0.1210984,0.083838
7.53453453453453E-6,4.1064392E-80,4.10643920000205E-80,1.0591357200002E-79,3.89256920010591E-69,9.47313720389256E-60,4.61098040000947E-48,1.03467968000095E-47,2.92007240000001E-33,1.511805200724E-28,2.06680365200724E-26,1.3319638803652E-22,1.331966462182E-22,9.36624919664621E-18,2.70678929196495E-16,7.76115989291759E-14,9.92034115987959E-11,1.11958935598796E-10,3.42330389262327E-8,3.16756330386649E-5,1.27592232961324E-4,2.18278493835524E-4,0.05856227848108,0.12710424436,0.34604740296,0.55470308636,0.6692852,0.8276996,0.9511164,0.922976,0.8809096,0.9098512,0.8049164,0.6988992,0.5714888,0.4547656,0.3483092,0.2714712,0.2124236,0.1707164,0.1207544,0.0835964
7.54304304304304E-6,1.56494324E-80,1.5649432400007E-80,4.0363065200007E-80,1.63993408004036E-69,4.36323800163993E-60,2.38529760000436E-48,5.35248520000436E-48,1.7657504E-33,9.62902457503999E-29,1.34823102457504E-26,9.08763623102457E-23,9.08765267520058E-23,6.78202687652675E-18,1.9943778687643E-16,5.9170717786863E-14,7.91240107176959E-11,8.9153182717696E-11,2.83988851759357E-8,2.77705188849833E-5,1.12683478826012E-4,1.92965919761172E-4,0.056154165909732,0.1219025376,0.33808959548,0.54413268252,0.6555796,0.815274,0.9406888,0.9147284,0.874736,0.906102,0.80154,0.6959972,0.5689848,0.4526752,0.346838,0.2706172,0.2118188,0.1702364,0.1204104,0.0833544
7.55155155155155E-6,5.9485588E-81,5.94855880000237E-81,1.53425540000024E-80,6.89246080015342E-70,2.00516760068925E-60,1.231433200002E-48,2.76327360000201E-48,1.0658824E-33,6.12289058824E-29,8.7808849058824E-27,6.19092208849058E-23,6.19093254499859E-23,4.90399790932545E-18,1.46749917909264E-16,4.50537099179005E-14,6.3033813709856E-11,7.0909745709856E-11,2.35330897408059E-8,2.43231570895989E-5,9.9423317044692E-5,1.70427894055932E-4,0.05381202788618,0.116840804424,0.3302445048,0.53364780464,0.6419892,0.8028868,0.9302184,0.906464,0.8685692,0.9023192,0.7981324,0.6930688,0.5664556,0.4505624,0.3453544,0.2697616,0.2112152,0.1697572,0.1200668,0.0831124
7.56006006006006E-6,2.25530952E-81,2.2553095200008E-81,5.8169059200008E-81,2.88987160005817E-70,9.19432680288987E-61,6.34451560000919E-49,1.42367540000092E-48,6.42296240000001E-34,3.887036229624E-29,5.70981996229624E-27,4.21119538199623E-23,4.21120202017223E-23,3.5410969120202E-18,1.07836336911981E-16,3.42608883369063E-14,5.01559808882948E-11,5.63334208882948E-11,1.94795534173472E-8,2.1282979553313E-5,8.764113951916E-5,1.5038028939744E-4,0.05153598028322,0.11191916086,0.32251349736,0.5232511392,0.6285184,0.7905412,0.919708,0.898184,0.8624092,0.8985012,0.7946928,0.6901136,0.5639012,0.4484268,0.3438576,0.2689032,0.2106112,0.1692776,0.1197228,0.08287
7.56856856856857E-6,8.5286596E-82,8.52865960000271E-82,2.19971672000027E-81,1.208763160022E-70,4.20644440120876E-61,3.2621508000042E-49,7.32009280000421E-49,3.86372000000001E-34,2.4635906372E-29,3.706943506372E-27,2.86023469435064E-23,2.86023890160704E-23,2.55342060238901E-18,7.91349806023643E-17,2.60201709805987E-14,3.9861660170952E-11,4.4700988170952E-11,1.61065009856176E-8,1.8604678500909E-5,7.7182558474968E-5,1.32565638639328E-4,0.0493257656338,0.107137349572,0.314896761,0.51294338312,0.6151704,0.77824,0.9091604,0.8898912,0.856258,0.8946476,0.7912212,0.6871312,0.5613208,0.4462684,0.342348,0.268042,0.2100076,0.168798,0.1193784,0.0826268
7.57707707707708E-6,3.2168884E-82,3.21688840000091E-82,8.29701600000091E-82,5.04384840008297E-71,1.92016000050438E-61,1.67389480000192E-49,3.75613000000192E-49,2.3201728E-34,1.558857201728E-29,2.40280817201728E-27,1.9397402808172E-23,1.9397429429968E-23,1.83867139742943E-18,5.79947513974138E-17,1.9736306751395E-14,3.1642536306732E-11,3.5428980306732E-11,1.33028649784681E-8,1.62475508649223E-5,6.7908110845244E-5,1.16751039222444E-4,0.047180751035436,0.102495137768,0.30739530352,0.50272684296,0.6019488,0.7659872,0.8985788,0.8815872,0.8501164,0.8907576,0.7877164,0.6841208,0.558714,0.4440868,0.3408256,0.2671788,0.2094048,0.1683192,0.119034,0.0823832
7.58558558558558E-6,1.2102406E-82,1.21024060000031E-82,3.1214590800003E-82,2.09961900003121E-71,8.74554520209961E-62,8.57177880000874E-50,1.92346164000087E-49,1.3908508E-34,9.84763908508E-30,1.55500603908508E-27,1.31350310060391E-23,1.31350478236311E-23,1.32215673504782E-18,4.24448647350379E-17,1.49508088647335E-14,2.50882988088516E-11,2.80473188088516E-11,1.09751513174867E-8,1.41752471512764E-5,5.9691927136368E-5,1.0272598206302E-4,0.045100725979104,0.097991115032,0.30000855076,0.49260223408,0.588856,0.7537852,0.8879664,0.8732744,0.8439848,0.8868296,0.7841768,0.6810812,0.55608,0.4418816,0.3392904,0.2663136,0.2088032,0.1678408,0.1186896,0.0821392
7.59409409409409E-6,4.5413924E-83,4.54139240000102E-83,1.1713182400001E-82,8.71920080011713E-72,3.97432680087192E-62,4.38059080000397E-50,9.82980800000397E-50,8.32312000000001E-35,6.2107632312E-30,1.0047419632312E-27,8.88106074196323E-24,8.88107134859123E-24,9.49419281071348E-19,3.10225792810651E-17,1.13111865792801E-14,1.98680111865704E-11,2.21775955865704E-11,9.04476959463716E-9,1.23551807695646E-5,5.24204207582844E-5,9.03003209015844E-5,0.043085100318592,0.093625091296,0.29273754516,0.48257147992,0.575896,0.7416372,0.877326,0.8649544,0.8378648,0.8828632,0.7806032,0.6780132,0.5534192,0.439652,0.3377412,0.2654448,0.2082008,0.1673616,0.1183444,0.0818944
7.6026026026026E-6,1.69975608E-83,1.69975608000034E-83,4.38401404000034E-83,3.61217840004384E-72,1.80205240036122E-62,2.2341524000018E-50,5.0133140000018E-50,4.972056E-35,3.91062652056E-30,6.4816622652056E-28,5.99576016622652E-24,5.99576684471452E-24,6.80816795766844E-19,2.26437007957629E-17,8.54662770079511E-15,1.57152386276948E-11,1.75157270276948E-11,7.44570772634688E-9,1.07583017077044E-5,4.59913416991804E-5,7.93025659924884E-5,0.041133702564192,0.089396495136,0.28558294428,0.47263611124,0.563072,0.7295464,0.8666608,0.8566288,0.831756,0.878856,0.7769936,0.6749144,0.5507296,0.437398,0.3361788,0.2645728,0.2075992,0.1668828,0.1179988,0.0816488
7.61111111111111E-6,6.3454756E-84,6.34547560000114E-84,1.63662748000011E-83,1.49286364001637E-72,8.15263640149286E-63,1.13713392000081E-50,2.55166432000082E-50,2.9650396E-35,2.458302450396E-30,4.17472102450396E-28,4.04175027210245E-24,4.04175447034565E-24,4.8752764175447E-19,1.6505671641752E-17,6.44948567164133E-15,1.24156934856676E-11,1.38175906856676E-11,6.12260159019814E-9,9.35867060157417E-6,4.03127905951412E-5,6.95784581858972E-5,0.039245578456784,0.085303972348,0.2785446198,0.46279726568,0.550386,0.7175156,0.8559736,0.8482988,0.8256592,0.8748076,0.7733468,0.6717848,0.5480116,0.4351188,0.3346028,0.2636984,0.206998,0.166404,0.1176528,0.0814024
7.61961961961962E-6,2.36277492E-84,2.36277492000038E-84,6.09407492000037E-84,6.15500520006094E-73,3.6800600006155E-63,5.77601080000368E-51,1.29610632000037E-50,1.7651044E-35,1.542811251044E-30,2.68459051251044E-28,2.72044845905125E-24,2.72045109383405E-24,3.48630400451094E-19,1.20153104004495E-17,4.86069931040018E-15,9.79725669930768E-12,1.08874714993077E-11,5.02906347115068E-9,8.13317306345948E-6,3.53020530586108E-5,6.09889152662148E-5,0.037420188914176,0.081345383896,0.271621255752,0.453054886872,0.5378396,0.705546,0.8452668,0.8399668,0.8195744,0.8707164,0.769662,0.6686232,0.5452632,0.4328132,0.3330116,0.2628196,0.2063964,0.1659244,0.117306,0.0811552
7.62812812812813E-6,8.7752792E-85,8.77527920000125E-85,2.26332100000012E-84,2.53159640002263E-73,1.65744500025316E-63,2.92795080000166E-51,6.57016720000166E-51,1.04895E-35,9.666672895E-31,1.723605072895E-28,1.82834076050729E-24,1.82834241136649E-24,2.48959228342411E-19,8.73480722834144E-18,3.65860880722817E-15,7.7218466088054E-12,8.5686406088054E-12,4.12628864035985E-9,7.06125028863187E-6,3.0885010284982E-5,5.3409198566794E-5,0.03565660919772,0.07752020508,0.264814347956,0.443411724196,0.5254372,0.6936428,0.8345452,0.8316348,0.8135032,0.8665824,0.7659392,0.6654296,0.5424852,0.4304816,0.331406,0.2619372,0.2057948,0.1654444,0.1169584,0.0809068
7.63663663663664E-6,3.25072436E-85,3.25072436000041E-85,8.38427956000041E-85,1.03876660000838E-73,7.44818120103876E-64,1.48121360000074E-51,3.32376600000074E-51,6.2227672E-36,6.046861027672E-31,1.10486086102767E-28,1.2269296860861E-24,1.2269307187593E-24,1.77536746930719E-19,6.34144074693011E-18,2.75027984074682E-15,6.07885027983952E-12,6.73577147983952E-12,3.3818397713023E-9,6.12460983976514E-6,2.69951458370212E-5,4.67271717609212E-5,0.033954327171104,0.073826723796,0.258123002568,0.433868532032,0.5131804,0.6818076,0.8238112,0.823304,0.8074444,0.8624032,0.7621764,0.6622024,0.539676,0.4281232,0.3297856,0.2610508,0.2051932,0.1649648,0.1166108,0.080658
7.64514514514514E-6,1.20110352E-85,1.20110352000014E-85,3.09788816000013E-85,4.25206160003098E-74,3.3395464004252E-64,7.47809160000334E-52,1.67804328000033E-51,3.68517E-36,3.7763356517E-31,7.071075356517E-29,8.22107910753565E-25,8.22108555670765E-25,1.26428462108556E-19,4.59768046210818E-18,2.06481488046204E-15,4.77974881487964E-12,5.28874961487964E-12,2.76864474948845E-9,5.30701664474501E-6,2.35729686426848E-5,4.08424518650008E-5,0.032312042451356,0.070262439688,0.25154593544,0.424424869488,0.50107,0.6700424,0.8130676,0.8149764,0.8013992,0.8581784,0.7583732,0.658942,0.536836,0.4257384,0.3281512,0.2601612,0.2045916,0.1644848,0.1162624,0.080408
7.65365365365365E-6,4.4264992E-86,4.42649920000045E-86,1.14168368000004E-85,1.73635488001142E-74,1.49400640017363E-64,3.76774880000149E-52,8.45462680000149E-52,2.1785944E-36,2.354502985944E-31,4.51827942985944E-29,5.50025982794298E-25,5.50026384892979E-25,8.99079900263848E-20,3.32893759002615E-18,1.54820413758998E-15,3.75380420413704E-12,4.14771100413704E-12,2.26413451091423E-9,4.59406813450767E-6,2.05651801329628E-5,3.56649803807068E-5,0.0307288649799868,0.06682566272,0.245083070916,0.415082699804,0.4891092,0.6583504,0.8023184,0.8066544,0.7953676,0.8539072,0.7545296,0.6556476,0.5339644,0.4233264,0.3265012,0.2592668,0.2039896,0.1640044,0.1159136,0.0801576
7.66216216216216E-6,1.62712736E-86,1.62712736000015E-86,4.19669520000014E-86,7.07349920004196E-75,6.66873720070735E-65,1.89448800000067E-52,4.25112880000067E-52,1.2857028E-36,1.465598457028E-31,2.88250478457028E-29,3.67437345047845E-25,3.67437595341006E-25,6.38482074375953E-20,2.40707060743745E-18,1.15936267060741E-15,2.94456616267024E-12,3.24903168267024E-12,1.84951663161882E-9,3.97300951662927E-6,1.79242655154723E-5,3.11143665720655E-5,0.0292039143662676,0.06351511252,0.23873474136,0.405843190104,0.4773,0.6467344,0.7915664,0.7983384,0.7893496,0.849588,0.750644,0.652318,0.5310608,0.4208868,0.3248364,0.258368,0.2033872,0.1635232,0.1155636,0.0799056
7.67067067067067E-6,5.965718E-87,5.96571800000048E-87,1.53868252000005E-86,2.87466920001538E-75,2.97003920028747E-65,9.50648520000296E-53,2.1332044800003E-52,7.5744044E-37,9.107923744044E-32,1.83601392374404E-29,2.45092120139237E-25,2.45092275683198E-25,4.52788850922757E-20,1.73815128509218E-18,8.67068551285073E-16,2.30703786855104E-12,2.54208362855104E-12,1.50915848358327E-9,3.43254515848189E-6,1.56077251576166E-5,2.71186308514458E-5,0.0277363186306164,0.060327917124,0.232499286088,0.396706310908,0.4656436,0.6351956,0.7808144,0.7900304,0.7833452,0.8452196,0.746716,0.6489532,0.5281248,0.4184196,0.3231564,0.2574648,0.2027848,0.163042,0.1152132,0.0796532
7.67917917917918E-6,2.181647E-87,2.18164700000016E-87,5.62691784000015E-87,1.16546464000563E-75,1.31979960011655E-65,4.76066320000132E-53,1.06826724000013E-52,4.4545288E-37,5.650816545288E-32,1.16759241654529E-29,1.63238035924165E-25,1.63238132428165E-25,3.20656392381324E-20,1.25343683923808E-18,6.47635836839226E-16,1.80538843583667E-12,1.98662135583668E-12,1.23007742132377E-9,2.9627020774201E-6,1.35777460767737E-5,2.36136202720329E-5,0.0263248136200908,0.057262412392,0.22637665092,0.387673235876,0.4541416,0.6237372,0.770066,0.7817324,0.7773544,0.8408016,0.7427448,0.6455524,0.5251556,0.4159248,0.3214616,0.2565572,0.202182,0.16256,0.1148616,0.0793992
7.68768768768769E-6,7.9576816E-88,7.9576816000005E-88,2.05245064000005E-87,4.71376800002052E-76,5.85166600047137E-66,2.37921160000058E-53,5.33882080000058E-53,2.61517E-37,3.5001837517E-32,7.413365837517E-30,1.08557293365837E-25,1.08557353141654E-25,2.26767485573531E-20,9.02677148557318E-19,4.8311627714855E-16,1.41113831627704E-12,1.55070807627704E-12,1.0014991080536E-9,2.55466309910717E-6,1.1800631098625E-5,2.05421136879698E-5,0.0249685421135484,0.0543161411136,0.220365987452,0.378745141484,0.4427964,0.612362,0.7593252,0.773446,0.7713776,0.8363332,0.7387296,0.6421148,0.5221532,0.4134016,0.3197508,0.2556444,0.2015788,0.1620776,0.1145092,0.0791444
7.6961961961962E-6,2.89514648E-88,2.89514648000016E-88,7.46717248000016E-88,1.90192896000747E-76,2.58867880019019E-66,1.18663480000026E-53,2.66274280000026E-53,1.5326508E-37,2.164501726508E-32,4.69946901726508E-30,7.20845794690172E-26,7.20846164342293E-26,1.60146800846164E-20,6.49200680084594E-19,3.5992796068008E-16,1.10167072796061E-12,1.20902416796061E-12,8.14496624151946E-10,2.20066529662352E-6,1.02464252962642E-5,1.78531761949534E-5,0.0236662531760876,0.0514866523628,0.214466452512,0.369922006752,0.431608,0.6010712,0.748594,0.765172,0.765414,0.8318128,0.7346692,0.6386396,0.5191164,0.4108496,0.3180248,0.2547268,0.2009752,0.161594,0.1141552,0.0788876
7.7047047047047E-6,1.05059064E-88,1.05059064000005E-88,2.70969056000005E-88,7.65558320002709E-77,1.14262532007656E-66,5.90635640000114E-54,1.32535436000011E-53,8.96666E-38,1.33632896666E-32,2.9743452896666E-30,4.77937983452897E-26,4.77938211670217E-26,1.12941197938212E-20,4.66274119793808E-19,2.67807434119791E-16,8.59047807434072E-13,9.41520407434072E-13,6.6168072039614E-10,1.89386168071994E-6,8.8885056804526E-6,1.55014848216726E-5,0.0224171014847392,0.048771900824,0.208677607624,0.36120541298,0.4205792,0.5898676,0.737876,0.756912,0.7594632,0.8272392,0.7305636,0.6351272,0.516046,0.4082696,0.316284,0.2538048,0.200372,0.1611108,0.1138012,0.0786304
7.71321321321321E-6,3.8025764E-89,3.80257640000017E-89,9.80761680000016E-89,3.07411320000981E-77,5.03218800030741E-67,2.9338696000005E-54,6.5834428000005E-54,5.2367672E-38,8.236776367672E-33,1.87950277636767E-30,3.16407195027764E-26,3.16407335694764E-26,7.95397964073357E-21,3.34440979640725E-19,1.99009200979639E-16,6.69061409200948E-13,7.32342409200948E-13,5.36942742401247E-10,1.62823294274207E-6,7.7032569425434E-6,1.3446792273681E-5,0.0212194467922104,0.046169046256,0.20299821856,0.352595743536,0.4097104,0.578754,0.7271752,0.7486684,0.7535256,0.8226128,0.7264124,0.6315768,0.5129408,0.4056608,0.3145276,0.2528768,0.1997676,0.1606264,0.1134456,0.0783712
7.72172172172172E-6,1.3727854E-89,1.37278540000005E-89,3.54069032000005E-89,1.23145484000354E-77,2.21124120012314E-67,1.45438840000022E-54,3.26356640000022E-54,3.0530984E-38,5.068603330984E-33,1.18578020333098E-30,2.09154297802033E-26,2.09154384363233E-26,5.59387691543843E-21,2.39559396915433E-19,1.47695199396914E-16,5.20472095199376E-13,5.68968175199376E-13,4.35238968169605E-10,1.39848883896794E-6,6.66974483882048E-6,1.16533683184961E-5,0.02007205336827,0.0436748529336,0.19742665488,0.344092583624,0.399002,0.5677312,0.7164936,0.7404412,0.7476004,0.8179312,0.722214,0.6279876,0.5098008,0.4030228,0.3127556,0.2519432,0.1991624,0.1601408,0.1130884,0.0781104
7.73023023023023E-6,4.9431864E-90,4.94318640000018E-90,1.27494920000002E-89,4.92124840001275E-78,9.69487800049212E-68,7.19512000000097E-55,1.6145453200001E-54,1.7769008E-38,3.113916969008E-33,7.46918716969008E-31,1.3804886918717E-26,1.38048922366422E-26,3.92860140489223E-21,1.71365361404889E-19,1.09471845361404E-16,4.04400671845347E-13,4.41520831845348E-13,3.52409520827917E-10,1.19998440952066E-6,5.76943640941136E-6,1.00895480051202E-5,0.018973689547968,0.041287289196,0.191962489564,0.335697520112,0.3884552,0.5568012,0.7058344,0.732232,0.741686,0.8131936,0.717968,0.6243584,0.5066248,0.4003552,0.3109676,0.2510036,0.1985568,0.1596548,0.1127308,0.0778488
7.73873873873874E-6,1.7753832E-90,1.77538320000006E-90,4.57907592000005E-90,1.96195452000458E-78,4.24107840019619E-68,3.55233960000042E-55,7.97125920000042E-55,1.0323576E-38,1.909912723576E-33,4.69733992723576E-31,9.09798573399272E-27,9.09798899573073E-27,2.75524389798899E-21,1.22418883897987E-19,8.10366988838975E-17,3.13840756698875E-13,3.42218804698875E-13,2.85028218801943E-10,1.02864622821868E-6,4.98593422813777E-6,8.72728191437805E-6,0.017923127281886,0.0390035269972,0.186604498636,0.327410941348,0.3780716,0.5459668,0.6952012,0.7240424,0.7357832,0.8084,0.7136752,0.6206912,0.5034148,0.3976596,0.3091644,0.2500576,0.1979496,0.1591676,0.1123716,0.0775856
7.74724724724725E-6,6.3600096E-91,6.36000960000018E-91,1.64037772000002E-90,7.8029608000164E-79,1.85112696007803E-68,1.75028760000018E-55,3.92755320000019E-55,5.9874444E-39,1.1695223874444E-33,2.94944202387444E-31,5.98691494420238E-27,5.98691694150359E-27,1.92965118691694E-21,8.73350911869157E-20,5.99106550911866E-17,2.43270750655085E-13,2.64939062655085E-13,2.30275739060725E-10,8.80907475738975E-7,4.30475947567915E-6,7.54177523246831E-6,0.0169191417752108,0.0368203415452,0.181351460868,0.319233237016,0.3678508,0.5352292,0.6845976,0.715874,0.7298912,0.8035496,0.7093336,0.6169832,0.5001684,0.394934,0.3073452,0.2491056,0.197342,0.1586796,0.1120116,0.0773212
7.75575575575576E-6,2.27250092E-91,2.27250092000006E-91,5.86124612000005E-91,3.09591600000586E-79,8.06162360030959E-69,8.6064168000008E-56,1.93123744000008E-55,3.4665556E-39,7.149734665556E-34,1.84899813466555E-31,3.93374929981346E-27,3.93375052084147E-27,1.34956553375052E-21,6.22221655337498E-20,4.42353421655335E-17,1.88344555342162E-13,2.04869391342162E-13,1.85835629389993E-10,7.53647435629329E-7,3.71312743558515E-6,6.51110724728484E-6,0.0159601111072308,0.0347349109216,0.17620215746,0.31116439798,0.3577932,0.5245896,0.6740256,0.7077272,0.7240088,0.7986408,0.7049432,0.6132348,0.4968856,0.3921792,0.3055104,0.2481468,0.1967332,0.1581908,0.1116504,0.0770556
7.76426426426426E-6,8.0989816E-92,8.09898160000018E-92,2.08889444000002E-91,1.22539360000209E-79,3.50296600012254E-69,4.22332920000035E-56,9.47692960000035E-56,2.0035472E-39,4.363749635472E-34,1.15728894963547E-31,2.58081012889496E-27,2.58081087413456E-27,9.42553380810873E-22,4.42707333808104E-20,3.26195227333807E-17,1.45646459522731E-13,1.58233363522731E-13,1.4980615336258E-10,6.44139006153319E-7,3.19977580612074E-6,5.6159468605069E-6,0.0150452159468479,0.0327452157972,0.171156571808,0.3032068161712,0.3479012,0.514052,0.66349,0.6996044,0.718136,0.793674,0.7005036,0.609446,0.4935672,0.3893956,0.3036604,0.2471816,0.1961232,0.1577004,0.1112876,0.076788
7.77277277277277E-6,2.87897236E-92,2.87897236000006E-92,7.42545636000005E-92,4.83859520000742E-80,1.51871456004839E-69,2.06826120000015E-56,4.64107080000015E-56,1.155968E-39,2.65899435968E-34,7.2319539435968E-32,1.69064111953943E-27,1.69064157364196E-27,6.57378090641573E-22,3.14560180906413E-20,2.40230680180906E-17,1.12494103068016E-13,1.22069791068016E-13,1.20628749790411E-10,5.50002228749759E-7,2.75478462872577E-6,4.83924571625569E-6,0.0141728392457067,0.0308480391252,0.1662130892436,0.2953600844612,0.3381744,0.5036172,0.6529928,0.691506,0.7122724,0.7886484,0.6960148,0.6056168,0.4902128,0.3865828,0.3017948,0.2462096,0.195512,0.1572088,0.1109232,0.0765188
7.78128128128128E-6,1.02076364E-92,1.02076364000002E-92,2.63275608000002E-92,1.90599020000263E-80,6.5696712001906E-70,1.01082088000007E-56,2.26822972000007E-56,6.6578848E-40,1.6175678578848E-34,4.51210207857885E-32,1.10583992102079E-27,1.10584019726915E-27,4.57847945840197E-22,2.232063994584E-20,1.76694446399458E-17,8.67844694446388E-14,9.40604454446389E-14,9.70267404449867E-11,4.69161826740423E-7,2.36943382672278E-6,4.16600013995598E-6,0.0133417660001327,0.0290401659032,0.1613700968384,0.2876241965664,0.3286124,0.493286,0.6425372,0.6834332,0.7064164,0.7835628,0.6914756,0.6017456,0.4868216,0.3837412,0.2999144,0.2452312,0.1949004,0.1567164,0.1105576,0.076248
7.78978978978979E-6,3.60987504E-93,3.60987504000006E-93,9.31060864000005E-93,7.48994520000931E-81,2.8355504000749E-70,4.93016880000028E-57,1.10630284000003E-56,3.828E-40,9.82417028E-35,2.81067897028E-32,7.22234906789702E-28,7.22235074566983E-28,3.18437402235074E-22,1.5817009402235E-20,1.29795450094022E-17,6.68708995450086E-14,7.23927195450087E-14,7.79564327192265E-11,3.99810356432704E-7,2.03605515641974E-6,3.58300268956182E-6,0.012550783002684,0.0273195829248,0.1566271831924,0.2800003469476,0.3192168,0.4830612,0.632126,0.6753872,0.700568,0.7784172,0.6868868,0.597834,0.4833948,0.3808716,0.2980192,0.2442452,0.1942868,0.1562224,0.11019,0.0759752
7.7982982982983E-6,1.27332728E-93,1.27332728000002E-93,3.28417396000002E-93,2.93626440000328E-81,1.22111980002936E-70,2.39975960000012E-57,5.38492680000012E-57,2.1971116E-40,5.956866371116E-35,1.74804246637112E-32,4.70989040424664E-28,4.70989142155904E-28,2.21168750989142E-22,1.11932967509891E-20,9.52223329675097E-18,5.14653622332963E-14,5.56508182332963E-14,6.25651308180121E-11,3.40376165130807E-7,1.7479285651213E-6,3.07866171366546E-6,0.0117986786617095,0.0256830785992,0.1519831382856,0.2724893307332,0.3099876,0.472944,0.621762,0.667368,0.6947252,0.77321,0.6822464,0.59388,0.4799316,0.3779732,0.2961092,0.2432524,0.1936724,0.1557272,0.1098208,0.0757004
7.80680680680681E-6,4.4799108E-94,4.47991080000006E-94,1.15545896E-93,1.14833376000115E-81,5.24692880011483E-71,1.16571464000005E-57,2.61579744000005E-57,1.2588596E-40,3.606008588596E-35,1.0854292085886E-32,3.06682414292086E-28,3.06682475875394E-28,1.53398066682476E-22,7.91055006668244E-21,6.97687855006667E-18,3.95617768785497E-14,4.27304164785498E-14,5.01570904163251E-11,2.89492557090408E-7,1.49915255708344E-6,2.64279251752864E-6,0.0110838427925144,0.0241274427424,0.1474359533,0.26509034364,0.3009236,0.4629344,0.6114472,0.6593768,0.6888872,0.7679408,0.6775552,0.589884,0.476432,0.3750468,0.2941848,0.2422524,0.1930572,0.1552308,0.10945,0.075424
7.81531531531531E-6,1.57209436E-94,1.57209436000002E-94,4.05475116000002E-94,4.48021960000405E-82,2.2494644000448E-71,5.65111920000022E-58,1.26808056000002E-57,7.200248E-41,2.179332000248E-35,6.72914132000248E-33,1.9939424914132E-28,1.99394286359904E-28,1.06246119394286E-22,5.58303811939426E-21,5.10535903811939E-18,3.03752173590379E-14,3.27711409590379E-14,4.01654111408528E-11,2.45973645411135E-7,1.28456564540604E-6,2.26647321503592E-6,0.0104050664732126,0.02265026643308,0.1429848204996,0.2578041819076,0.2920252,0.4530348,0.6011848,0.6514152,0.683054,0.7626104,0.6728132,0.5858468,0.4728964,0.3720924,0.292246,0.2412448,0.1924404,0.1547328,0.1090776,0.0751456
7.82382382382382E-6,5.5025956E-95,5.50259560000005E-95,1.4192314E-94,1.74376332000142E-82,9.62231520017437E-72,2.7339812000001E-58,6.1349060000001E-58,4.1111388E-41,1.3149457111388E-35,4.16511185711139E-33,1.29444045111857E-28,1.29444067568469E-28,7.34857294440675E-23,3.93504492944405E-21,3.73107544492944E-18,2.32941150754448E-14,2.51035474754448E-14,3.21285875474019E-11,2.08791528587543E-7,1.09965152858382E-6,1.94188910529343E-6,0.00976074188910348,0.021248341857,0.1386289330976,0.2506320422376,0.2832928,0.4432472,0.5909784,0.6434836,0.677224,0.757218,0.66802,0.5817672,0.4693244,0.36911,0.2902928,0.2402292,0.191822,0.1542336,0.1087036,0.0748652
7.83233233233233E-6,1.92104512E-95,1.92104512000002E-95,4.95476432000001E-95,6.77067760000495E-83,4.1068400000677E-72,1.32000228000004E-58,2.96201348000004E-58,2.3432668E-41,7.92099143266799E-36,2.57396299143267E-33,8.39067739629914E-29,8.39067874904515E-29,5.07562839067875E-23,2.76977108390678E-21,2.7232337710839E-18,1.7842499233771E-14,1.9207336833771E-14,2.5671483336783E-11,1.77055791483334E-7,9.40463391480613E-7,1.66220417364084E-6,0.00914966220417227,0.01991886217852,0.1343666851484,0.2435735217408,0.2747256,0.433572,0.5808296,0.6355824,0.6713956,0.7517624,0.6631748,0.5776448,0.4657156,0.3661,0.2883252,0.2392056,0.191202,0.1537328,0.1083276,0.0745828
7.84084084084084E-6,6.6894092E-96,6.68940920000005E-96,1.7253324E-95,2.62262656000172E-83,1.74888756002623E-72,6.36023600000017E-59,1.42720140000002E-58,1.3332932E-41,4.763646132932E-36,1.58813244613293E-33,5.43072601324461E-29,5.43072682677941E-29,3.50084743072683E-23,1.94694207430726E-21,1.9850797420743E-18,1.3650485079742E-14,1.4678714279742E-14,2.04894307142447E-11,1.49996009430712E-7,8.03557209428729E-7,1.42144639578023E-6,0.00857102144639475,0.01865982142592,0.1301972714504,0.2366294178892,0.266324,0.4240108,0.5707416,0.6277136,0.6655696,0.7462452,0.6582796,0.5734816,0.4620724,0.3630636,0.2863444,0.238174,0.1905804,0.15323,0.10795,0.0742984
7.84934934934935E-6,2.32336196E-96,2.32336196000002E-96,5.99242884000001E-96,1.0134376800006E-83,7.43091280010134E-73,3.05836800000007E-59,6.86281000000007E-59,7.5731192E-42,2.8601379731192E-36,9.78317737973119E-34,3.5096566317738E-29,3.50965712022796E-29,2.41131350965712E-23,1.36671393509657E-21,1.44515311393509E-18,1.04309291531139E-14,1.12046219531139E-14,1.6335360621929E-11,1.26946815360621E-7,6.85929615359177E-7,1.21440200492969E-6,0.00802321440200415,0.01746761438568,0.1261194874552,0.2298001284724,0.2580876,0.4145652,0.5607176,0.6198776,0.6597444,0.7406656,0.6533332,0.5692764,0.4583932,0.3600004,0.2843496,0.2371336,0.1899568,0.152726,0.1075708,0.0740124
7.85785785785786E-6,8.0487396E-97,8.04873960000005E-97,2.07593432E-96,3.90673720000207E-84,3.15029040003907E-73,1.46765840000003E-59,3.29334120000003E-59,4.2940616E-42,1.7144394940616E-36,6.01702679494061E-34,2.26473217026795E-29,2.26473246306011E-29,1.65855746473246E-23,9.58112374647322E-22,1.05073491237465E-18,7.96123873491235E-15,8.54269433491235E-15,1.30090946943183E-11,1.07334009094693E-7,5.84965609093643E-7,1.03652680113346E-6,0.00750503652680055,0.0163398365138,0.1221321291928,0.2230856515612,0.2500156,0.4052356,0.5507592,0.6120744,0.6539184,0.7350232,0.648336,0.5650292,0.4546788,0.356912,0.2823424,0.2360848,0.1893312,0.1522204,0.1071892,0.0737236
7.86636636636637E-6,2.78111196E-97,2.78111196000002E-97,7.17305956000001E-97,1.50241284000072E-84,1.33255464001502E-73,7.02874560000013E-60,1.57721040000001E-59,2.4305616E-42,1.0259952305616E-36,3.69481435230561E-34,1.45919894814352E-29,1.45919912336332E-29,1.13921105919912E-23,6.7076571059199E-22,7.62982365710591E-19,6.06905498236569E-15,6.5055045823657E-15,1.0348673504571E-11,9.06620286735039E-8,4.98389228672741E-7,8.8386162260445E-7,0.00701568386162216,0.01527448385128,0.1182343931996,0.2164867854724,0.2421084,0.3960236,0.5408684,0.6043052,0.6480912,0.7293176,0.6432872,0.5607404,0.4509296,0.353798,0.2803224,0.235028,0.1887044,0.1517132,0.106806,0.0734332
7.87487487487487E-6,9.5849404E-98,9.58494040000005E-98,2.47215452E-97,5.76397040000247E-85,5.62401480005764E-74,3.35930480000005E-60,7.53809640000006E-60,1.3733768E-42,6.129946133768E-37,2.26522674613377E-34,9.38766652267461E-30,9.38766756954702E-30,7.81403738766756E-24,4.68964637387667E-22,5.53322564637387E-19,4.62108932256463E-15,4.94829552256463E-15,8.22322029551475E-12,7.6504343220295E-8,4.24223543219742E-7,7.52963138599206E-7,0.00655315296313827,0.01426795295492,0.1144246764588,0.2100035287396,0.2343648,0.3869304,0.5310488,0.5965708,0.642262,0.72355,0.6381884,0.5564108,0.4471468,0.3506596,0.27829,0.233962,0.1880752,0.1512036,0.1064204,0.0731404
7.88338338338338E-6,3.29489408E-98,3.29489408000001E-98,8.49820608000001E-98,2.20603028000085E-85,2.36828640002206E-74,1.60228400000002E-60,3.59543880000002E-60,7.7467252E-43,3.6564121467252E-37,1.38656361214672E-34,6.03041065636121E-30,6.03041128080318E-30,5.35233403041128E-24,3.27434414030411E-22,4.0076067441403E-19,3.51439516067441E-15,3.75940208067441E-15,6.52707540207532E-12,6.44940070754017E-8,3.60752007075001E-7,6.40839203561007E-7,0.00611664083920331,0.01331784083268,0.1107017763452,0.2036358800872,0.226784,0.377956,0.5213016,0.5888712,0.6364288,0.7177192,0.6330384,0.5520392,0.4433288,0.3474964,0.2762448,0.2328868,0.1874436,0.1506924,0.1060328,0.0728456
7.89189189189189E-6,1.12972788E-98,1.12972788E-98,2.91379732E-98,8.42283200000291E-86,9.95057720008422E-75,7.6268936000001E-61,1.71143512000001E-60,4.3620516E-43,2.1774143620516E-37,8.47374614362051E-35,3.86795833746143E-30,3.86795870932052E-30,3.66106666795871E-24,2.28309226667958E-22,2.89890829226668E-19,2.66955789082922E-15,2.85279121082922E-15,5.17505279120716E-12,5.43156950527909E-8,3.06485895052501E-7,5.44891732383233E-7,0.0057049448917322,0.01242214488656,0.10706489057604,0.19738423840584,0.2193656,0.3691016,0.5116288,0.5812068,0.6305912,0.711826,0.6278384,0.5476268,0.439478,0.3443104,0.2741888,0.2318032,0.1868104,0.1501792,0.1056428,0.072548
7.9004004004004E-6,3.86354168E-99,3.86354168000001E-99,9.96486408000001E-99,3.20821400000099E-86,4.17147600003208E-75,3.62305240000004E-61,8.12993520000004E-61,2.4519292E-43,1.2945400519292E-37,5.17035500051929E-35,2.47720770355E-30,2.47720792463137E-30,2.50074047720792E-24,1.58978300477208E-22,2.09423778300477E-19,2.0254006237783E-15,2.1622682637783E-15,4.09855026826127E-12,4.56986585502681E-8,2.60135658550059E-7,4.62867616524868E-7,0.00531726286761639,0.01157846286352,0.10351321716896,0.19124980273196,0.21211,0.3603692,0.502034,0.5735796,0.6247488,0.7058708,0.6225884,0.543174,0.4355944,0.3411012,0.2721212,0.2307104,0.1861748,0.1496636,0.1052508,0.0722484
7.90890890890891E-6,1.31788768E-99,1.31788768E-99,3.3991004E-99,1.21906032000034E-86,1.74484648001219E-75,1.71759120000002E-61,3.85418440000002E-61,1.375846E-43,7.68382575846E-38,3.14973182575846E-35,1.58412229731826E-30,1.58412242854254E-30,1.70579318412243E-24,1.10551993184122E-22,1.51098631993184E-19,1.53484749863199E-15,1.63695717863199E-15,3.24239055717692E-12,3.8410882390557E-8,2.20585642390406E-7,3.9281604085571E-7,0.00495239281604075,0.0107843928128,0.10004555440516,0.1852317722304,0.2050152,0.351758,0.492518,0.5659888,0.6189,0.6998536,0.6172892,0.5386808,0.431678,0.33787,0.2700432,0.2296084,0.1855368,0.149146,0.1048564,0.071946
7.91741741741742E-6,4.48384672E-100,4.48384672000001E-100,1.156476192E-99,4.62109080000115E-87,7.28200920004621E-76,8.12612840000007E-62,1.82345976000001E-61,7.7068512E-44,4.5533097068512E-38,1.91573410970685E-35,1.0114879573411E-30,1.01148803510254E-30,1.16193181148803E-24,7.6773291811488E-23,1.08877293291811E-19,1.16172007729329E-15,1.23780567729329E-15,2.56223780567613E-12,3.22535622378056E-8,1.86871082237697E-7,3.33048441076086E-7,0.004609533048441,0.01003753304588,0.0966603007948799,0.17933014617736,0.19808,0.3432684,0.4830828,0.5584356,0.6130444,0.6937756,0.6119412,0.5341472,0.4277292,0.3346172,0.2679548,0.2284976,0.1848972,0.1486272,0.1044604,0.0716416
7.92592592592592E-6,1.52161088E-100,1.52161088E-100,3.92454444E-100,1.74751372000039E-87,3.03230880001747E-76,3.83676520000003E-62,8.60949400000003E-62,4.3095144E-44,2.6937951095144E-38,1.16333739510951E-35,6.44879233373951E-31,6.44879279378583E-31,7.90372244879279E-25,5.32437322448792E-23,7.83532037322448E-20,8.78255553203731E-16,9.34880433203732E-16,2.02252048043241E-12,2.70566025204804E-8,1.58159002520402E-7,2.82104841642225E-7,0.00428708210484158,0.00933588210282,0.09335705504824,0.17354532394584,0.191304,0.3349024,0.4737304,0.5509204,0.6071812,0.6876368,0.6065448,0.5295744,0.4237492,0.3313444,0.2658572,0.2273776,0.1842556,0.1481064,0.104062,0.0713348
7.93443443443443E-6,5.1503572E-101,5.15035720000001E-101,1.32838144E-100,6.59257120000132E-88,1.25985656000659E-76,1.80786240000001E-62,4.05674840000001E-62,2.405606E-44,1.591071205606E-38,7.05318671205606E-36,4.10526853186712E-31,4.10526880359028E-31,5.3688321052688E-25,3.68758072105268E-23,5.63142758072105E-20,6.63167114275806E-16,7.05257394275807E-16,1.59472445739374E-12,2.26746747244573E-8,1.33731394724401E-7,2.3872571406129E-7,0.00398463872571402,0.00867743872412,0.09013501605104,0.16787810499432,0.1846872,0.3266608,0.4644636,0.543444,0.6013096,0.681438,0.6011004,0.5249624,0.4197384,0.3280516,0.2637496,0.2262476,0.1836108,0.1475828,0.1036608,0.0710252
7.94294294294294E-6,1.738806E-101,1.738806E-101,4.4847356E-101,2.48110996000045E-88,5.22270680002481E-77,8.50126600000005E-63,1.90764112E-62,1.3404968E-44,9.382145404968E-39,4.26945774540497E-36,2.60945989457745E-31,2.60946005480566E-31,3.64187220946005E-25,2.5505215220946E-23,4.04224692152209E-20,5.00158822469215E-16,5.31407090469215E-16,1.2560226070901E-12,1.89837160226071E-8,1.12969196022567E-7,2.01824155522448E-7,0.00370060182415549,0.0080590018229,0.08699178284044,0.16232648885496,0.1782264,0.318542,0.4552824,0.5360056,0.5954284,0.6751796,0.5956092,0.520312,0.415698,0.3247404,0.2616336,0.2251084,0.1829644,0.1470576,0.1032576,0.0707132
7.95145145145145E-6,5.855236E-102,5.85523600000001E-102,1.51018712E-101,9.31523680000151E-89,2.16021360000931E-77,3.98952760000002E-63,8.95228160000002E-63,7.4567772E-45,5.5233542567772E-39,2.58029175425678E-36,1.65616980291754E-31,1.65616989724522E-31,2.4669856561699E-25,1.7616982565617E-23,2.89780969825656E-20,3.76769258096982E-16,3.99939974096982E-16,9.8816353997385E-13,1.58779121635399E-8,9.5339752163511E-8,1.70463871786771E-7,0.00343417046387176,0.007478970462884,0.08392695458596,0.15689127512412,0.1719212,0.3105476,0.4461892,0.528606,0.5895368,0.6688624,0.5900712,0.5156236,0.4116288,0.3214116,0.2595088,0.2239592,0.1823148,0.1465296,0.1028516,0.0703988
7.95995995995996E-6,1.96661152E-102,1.96661152E-102,5.07229436E-102,3.48899320000051E-89,8.91506000003488E-78,1.86843040000001E-63,4.19265360000001E-63,4.140772E-45,3.246318540772E-39,1.55694511854077E-36,1.04955476945119E-31,1.04955482489178E-31,1.66880224955482E-25,1.21520202249555E-23,2.07472000202249E-20,2.8348214720002E-16,3.0064234720002E-16,7.76567842347033E-13,1.32671525678423E-8,8.03850325678216E-8,1.4383903228436E-7,0.00318454383903227,0.006935743838256,0.08094013057188,0.151573263454,0.165772,0.3026792,0.4371864,0.5212464,0.5836348,0.6624872,0.584488,0.5108988,0.407532,0.3180664,0.2573768,0.2228004,0.1816628,0.1459996,0.1024436,0.070082
7.96846846846847E-6,6.5882916E-103,6.58829160000001E-103,1.6992568E-102,1.30365640000017E-89,3.67095840001303E-78,8.73273400000003E-64,1.95957872E-63,2.295388E-45,1.904877495388E-39,9.37965677495387E-37,6.64126979656775E-32,6.64127012188243E-32,1.12730186412701E-25,8.37104618641269E-24,1.48351190461864E-20,2.13038835119046E-16,2.25732159119046E-16,6.09606132159006E-13,1.10747576061321E-8,6.77116776061173E-8,1.21256837393093E-7,0.00295132125683738,0.006427721256228,0.07803051018208,0.14637205354516,0.1597768,0.294936,0.4282752,0.5139268,0.577722,0.6560556,0.57886,0.5061372,0.403408,0.3147052,0.2552372,0.221632,0.181008,0.1454668,0.1020328,0.0697624
7.97697697697698E-6,2.20144348E-103,2.20144348E-103,5.67797272E-103,4.85940760000057E-90,1.50820556000486E-78,4.07326040000001E-64,9.14017280000001E-64,1.27021E-45,1.11591287021E-39,5.6416675287021E-37,4.19606761667528E-32,4.19606780725081E-32,7.6045121960678E-26,5.75871712196067E-24,1.0594126717122E-20,1.59909674126717E-16,1.69287418126717E-16,4.7801128741805E-13,9.23555001128741E-9,5.69821900112768E-8,1.02122349851378E-7,0.00273290212234984,0.005952102121872,0.0751952928868,0.14128564514016,0.1539324,0.2873168,0.4194552,0.5066468,0.5717968,0.649568,0.5731888,0.5013404,0.399258,0.3113296,0.2530912,0.2204536,0.1803508,0.1449324,0.1016204,0.0694408
7.98548548548548E-6,7.337056E-104,7.33705600000001E-104,1.89237864E-103,1.80701116000019E-90,6.18255400001807E-79,1.89606200000001E-64,4.25465880000001E-64,7.0168196E-46,6.5265178168196E-40,3.38794971781682E-37,2.64715627949718E-32,2.64715639095702E-32,5.12271384715639E-26,3.95627153847156E-24,7.55582427153847E-21,1.19887115824271E-16,1.26806867824272E-16,3.74409206867773E-13,7.69419840920686E-9,4.79073184091993E-8,8.59251582893198E-8,0.00252888592515828,0.005508085924784,0.07243527823096,0.13631563801784,0.1482392,0.2798236,0.4107296,0.4994076,0.5658592,0.6430256,0.5674748,0.4965084,0.3950824,0.3079408,0.2509396,0.2192656,0.1796904,0.1443952,0.1012048,0.069116
7.99399399399399E-6,2.43903016E-104,2.43903016E-104,6.29075216E-104,6.70341560000063E-91,2.5287296000067E-79,8.80807440000002E-65,1.97648388E-64,3.8694508E-46,3.8108378694508E-40,2.03130443786945E-37,1.66748671304438E-32,1.66748677812593E-32,3.44608206748678E-26,2.71432042067487E-24,5.38196632042067E-21,8.97745419663204E-17,9.48743299663204E-17,2.92936714329932E-13,6.40377693671432E-9,4.02394169367089E-8,7.22278968469398E-8,0.00233847222789684,0.005093272227604,0.06974846582412,0.13146123198848,0.1426956,0.272456,0.4020996,0.49221,0.5599092,0.6364296,0.5617192,0.491642,0.390882,0.3045388,0.248782,0.2180672,0.1790272,0.1438556,0.1007868,0.0687888
8.0025025025025E-6,8.0870952E-105,8.08709520000001E-105,2.085824E-104,2.48077900000021E-91,1.03196096000248E-79,4.08345920000001E-65,9.16306680000001E-65,2.1301156E-46,2.2215029301156E-40,1.21596590293012E-37,1.04879455965903E-32,1.04879459759793E-32,2.3149814487946E-26,1.85973181448794E-24,3.82862213181449E-21,6.71454286221318E-17,7.08993330221318E-17,2.28939099332999E-13,5.32452093909933E-9,3.37666969390955E-8,6.06561208719539E-8,0.00216086065612087,0.004706460655892,0.0671344553316,0.126722026889424,0.1373,0.2652144,0.3935664,0.4850544,0.5539468,0.629782,0.5559228,0.4867424,0.3866584,0.3011256,0.2466196,0.2168592,0.1783608,0.1433132,0.100366,0.0684588
8.01101101101101E-6,2.67453196E-105,2.67453196E-105,6.89816124E-105,9.15878240000068E-92,4.20194840000916E-80,1.88927E-65,4.23942E-65,1.1705796E-46,1.2928887705796E-40,7.26735208770579E-38,6.58664467352087E-33,6.5866448943208E-33,1.55298265866449E-26,1.27248742658664E-24,2.72011048742659E-21,5.01605601104874E-17,5.29204017104874E-17,1.78724920401695E-13,4.4227947249204E-9,2.83082187249177E-8,5.08896426747598E-8,0.00199525088964267,0.004345650889464,0.064591246466848,0.122096822581424,0.13205,0.2580976,0.38513,0.47794,0.5479704,0.6230832,0.5500872,0.4818108,0.3824128,0.2977028,0.2444536,0.2156416,0.1776916,0.1427688,0.0999428,0.068126
8.01951951951952E-6,8.8223336E-106,8.82233360000001E-106,2.2754584E-105,3.37321004000023E-92,1.70712232000337E-80,8.72323040000001E-66,1.95744708E-65,6.42162E-47,7.51213482162E-41,4.33649933482162E-38,4.13032056499335E-33,4.13032069328575E-33,1.04035521303207E-26,8.6950475213032E-25,1.93006790475213E-21,3.74274980679047E-17,3.94540344679048E-17,1.39370174034457E-13,3.67016337017403E-9,2.37095353701721E-8,4.26548833327465E-8,0.00184084265488333,0.004009242654744,0.06211843898472,0.117585618945348,0.1269444,0.2511064,0.3767928,0.470868,0.5419808,0.6163352,0.5442132,0.4768472,0.3781456,0.2942704,0.2422836,0.214414,0.1770196,0.142222,0.0995172,0.0677908
8.02802802802803E-6,2.902675E-106,2.902675E-106,7.48659656E-106,1.23938752000007E-92,6.91997480001239E-81,4.0195644E-66,9.01968600000001E-66,3.5166744E-47,4.3576563166744E-41,2.58351525631667E-38,2.58612143515256E-33,2.58612150957275E-33,6.95975458612151E-27,5.93340954586121E-25,1.36773254095459E-21,2.78934117325409E-17,2.9379668132541E-17,1.08560779668126E-13,3.04260856077967E-9,1.98390485607783E-8,3.57185085328863E-8,0.00169723571850853,0.0036964357184,0.0597156326759,0.11318841587946,0.1219828,0.2442412,0.3685556,0.4638388,0.535978,0.6095392,0.538302,0.4718532,0.3738584,0.29083,0.24011,0.2131764,0.1763444,0.1416728,0.0990892,0.0674536
8.03653653653654E-6,9.52563199999999E-107,9.52563200000001E-107,2.45685956E-106,4.54285120000024E-93,2.79880600000454E-81,1.8484144E-66,4.147742E-66,1.9224928E-47,2.5236567224928E-41,1.53670485672249E-38,1.61681336704857E-33,1.61681341014766E-33,4.64946321681341E-27,4.04344143216813E-25,9.67991144143216E-22,2.07632599911441E-17,2.18519483911442E-17,8.44686519483865E-14,2.51987006865195E-9,1.6584590068651E-8,2.98814700478887E-8,0.00156362988147005,0.0034056298813856,0.0573812273616,0.10890361329688,0.117162,0.2375008,0.3604184,0.456852,0.5299616,0.6026972,0.5323556,0.4668304,0.3695532,0.2873836,0.2379348,0.2119296,0.1756664,0.1411212,0.0986588,0.0671136
8.04504504504504E-6,3.11796304E-107,3.11796304E-107,8.04185964E-107,1.66114172000008E-93,1.12944844000166E-81,8.48278720000001E-67,1.90349056E-66,1.0491612E-47,1.4591342491612E-41,9.12595534249161E-39,1.00929072595534E-33,1.00929075087449E-33,3.10176300929075E-27,2.75177083009291E-25,6.84202377083009E-22,1.54373362023771E-17,1.62338302023771E-17,6.56503538301992E-14,2.08488685035383E-9,1.38508308503531E-8,2.49744308349165E-8,0.00143962497443083,0.0031352249743652,0.055113622889544,0.1047300111236,0.1124796,0.230884,0.3523816,0.4499076,0.5239308,0.59581,0.5263748,0.4617792,0.3652304,0.2839324,0.2357584,0.2106732,0.1749856,0.1405672,0.0982256,0.0667708
8.05355355355355E-6,1.0179514E-107,1.0179514E-107,2.62550356E-107,6.05957520000026E-94,4.54764680000606E-82,3.8850308E-67,8.7177988E-67,5.7156232E-48,8.4226417156232E-42,5.41096584171562E-39,6.29099370965841E-34,6.29099385350038E-34,2.06638502909938E-27,1.87019945029099E-25,4.82992219945029E-22,1.14638589922199E-17,1.20458697922199E-17,5.09680058697901E-14,1.72329176800587E-9,1.15566957680054E-8,2.0853259756542E-8,0.00132402085325976,0.0028836208532088,0.052912019129968,0.100667609296564,0.1079352,0.2243924,0.3444476,0.4430076,0.5178868,0.5888796,0.5203608,0.4567004,0.3608908,0.2804764,0.2335804,0.2094068,0.1743012,0.1400104,0.09779,0.0664256
8.06206206206206E-6,3.3148452E-108,3.3148452E-108,8.5496624E-108,2.20513456000008E-94,1.8269794800022E-82,1.7756996E-67,3.9845728E-67,3.1083496E-48,4.8538767083496E-42,3.20316467670835E-39,3.91531603164676E-34,3.91531611454141E-34,1.37470879153161E-27,1.26933828791532E-25,3.40516253828791E-22,8.50300451625382E-18,8.92777011625383E-18,3.95254877701149E-14,1.42300512548777E-9,9.63336912548742E-9,1.73955011169848E-8,0.00121721739550112,0.0026508173954616,0.050776415972496,0.096716007762132,0.1035272,0.2180252,0.3366168,0.436152,0.51183,0.5819084,0.5143156,0.4515956,0.3565364,0.2770184,0.2314028,0.2081316,0.1736136,0.1394512,0.0973516,0.0660776
8.07057057057057E-6,1.07666484E-108,1.07666484E-108,2.77693592E-108,8.00543560000027E-95,7.323312400008E-83,8.0995932E-68,1.81750396E-67,1.6874876E-48,2.7926512874876E-42,1.89317945128749E-39,2.43310173179451E-34,2.4331017794875E-34,9.13285443310178E-28,8.60360854433101E-26,2.39760676085443E-22,6.29935976067608E-18,6.60898552067609E-18,3.06179409855197E-14,1.17388421794098E-9,8.02249221794074E-9,1.44972082116416E-8,0.00111801449720821,0.0024348144971776,0.048704813323324,0.092873606474716,0.0992524,0.2117812,0.3288888,0.42934,0.5057592,0.5748976,0.5082404,0.446466,0.3521684,0.2735592,0.2292256,0.2068468,0.1729228,0.1388892,0.0969104,0.0657268
8.07907907907908E-6,3.48800004E-109,3.48800004E-109,8.99626204E-109,2.89928724000009E-95,2.9289156000029E-83,3.6870136E-68,8.27346E-68,9.1452468E-49,1.60410411452468E-42,1.11715450411452E-39,1.50972877154504E-34,1.50972879893997E-34,6.0589735097288E-28,5.82368973509728E-26,1.68601156897351E-22,4.6612566011569E-18,4.8866775211569E-18,2.36915426775205E-14,9.67422491542677E-10,6.67463049154251E-9,1.20702544868814E-8,0.00102601207025449,0.0022348120702308,0.046696411102832,0.089139605395624,0.0951096,0.2056608,0.3212652,0.4225732,0.499676,0.56785,0.5021368,0.4413124,0.3477876,0.2700996,0.2270488,0.205552,0.1722284,0.1383248,0.0964668,0.0653736
8.08758758758759E-6,1.12707736E-109,1.12707736E-109,2.90695932E-109,1.04750424000003E-95,1.16878312000105E-83,1.67496156E-68,3.75852156E-68,4.9476228E-49,9.19889294762279E-43,6.58176809294762E-40,9.35370581768092E-35,9.35370597478005E-35,4.0141037353706E-28,3.9366794373537E-26,1.18409166794373E-22,3.44502280916679E-18,3.60893872916679E-18,1.83117569387288E-14,7.96487511756938E-10,5.54793951175682E-9,1.00399835083119E-8,9.40810039983508E-4,0.0020496100399652,0.044750409243496,0.085513204492044,0.0910968,0.1996628,0.313746,0.4158512,0.4935804,0.5607672,0.4960072,0.4361368,0.3433964,0.2666416,0.224874,0.2042484,0.1715308,0.137758,0.0960208,0.065018
8.0960960960961E-6,3.6325416E-110,3.6325416E-110,9.3690628E-110,3.77552200000009E-96,4.65357560000377E-84,7.5937064E-69,1.70398416E-68,2.6720304E-49,5.2665638720304E-43,3.87150816387203E-40,5.78647191508164E-35,5.78647200502404E-35,2.6556741786472E-28,2.65751554178647E-26,8.30524551554178E-23,2.54310345245515E-18,2.66215013245516E-18,1.41379301501322E-14,6.5510853793015E-10,4.60704853793006E-9,8.34322453538704E-9,8.62408343224535E-4,0.0018788083432104,0.042866007688116,0.081993203736176,0.0872116,0.1937864,0.3063316,0.4091744,0.4874728,0.5536516,0.4898528,0.4309404,0.338996,0.2631868,0.222702,0.202936,0.17083,0.1371884,0.095572,0.0646596
8.1046046046046E-6,1.16774436E-110,1.16774436E-110,3.01184892E-110,1.35754876000003E-96,1.84869900000136E-84,3.4357312E-69,7.7095972E-69,1.4405596E-49,3.0102770405596E-43,2.27366147704056E-40,3.57428793661477E-35,3.57428798802433E-35,1.7545159574288E-28,1.79157675957429E-26,5.81783957675957E-23,1.87507257839577E-18,1.96142657839577E-18,1.09033614265782E-14,5.38293703361426E-10,3.82208170336137E-9,6.92658570148635E-9,7.89606926585701E-4,0.0017208069265748,0.041041206388292,0.078577603104504,0.0834516,0.1880312,0.299022,0.4025432,0.481354,0.5465048,0.4836748,0.4257244,0.3345876,0.259736,0.2205332,0.2016152,0.1701264,0.1366168,0.0951212,0.0642992
8.11311311311311E-6,3.74424636E-111,3.74424636E-111,9.65717036E-111,4.86957880000009E-97,7.32776480000487E-85,1.55132976E-69,3.48109976E-69,7.7529128E-50,1.71780117529128E-43,1.33315100117529E-40,2.20450533151001E-35,2.20450536084665E-35,1.15754222045054E-28,1.2061730222045E-26,4.0701757730222E-23,1.38087670175773E-18,1.44343974175773E-18,8.39950743974164E-15,4.41872399507439E-10,3.1678443995074E-9,5.74498759812656E-9,7.22805744987598E-4,0.0015748057449792,0.0392752053031152,0.0752652025771432,0.0798144,0.1823956,0.291818,0.3959584,0.4752248,0.5393296,0.4774756,0.4204896,0.330172,0.25629,0.218368,0.2002852,0.1694192,0.1360428,0.0946684,0.0639364
8.12162162162162E-6,1.197462E-111,1.197462E-111,3.08849916E-111,1.74254536000003E-97,2.89804280000174E-85,6.9904784E-70,1.56862404E-69,4.1652736E-50,9.78649216527359E-44,7.80443049216527E-41,1.35761860443049E-35,1.35761862114387E-35,7.62629735761862E-29,8.10957497357618E-27,2.84385335749736E-23,1.01572083853357E-18,1.06099207853358E-18,6.46347699207845E-15,3.62365263476992E-10,2.62309526347696E-9,4.76039766246127E-9,6.61204760397662E-4,0.0014404047603912,0.0375676043980324,0.0720560021373024,0.0762992,0.1768804,0.2847204,0.3894208,0.469086,0.5321284,0.4712572,0.4152384,0.3257516,0.2528512,0.2162072,0.1989468,0.1687084,0.135466,0.0942128,0.0635712
8.13013013013013E-6,3.81978628E-112,3.81978628E-112,9.85202508E-112,6.22063800000009E-98,1.14357228000062E-85,3.1436076E-70,7.0540856E-70,2.2339164E-50,5.5663190339164E-44,4.56153991903391E-41,8.34815361539918E-36,8.34815371046107E-36,5.01749283481537E-29,5.44502692834815E-27,1.98446290269283E-23,7.46235844629026E-19,7.78954584629027E-19,4.96817895458458E-15,2.96870848178954E-10,2.16995564817893E-9,3.94077684743272E-9,6.04403940776847E-4,0.00131640394077188,0.035916403643906,0.0689472017708212,0.0729024,0.1714836,0.2777288,0.3829304,0.4629384,0.5249032,0.4650204,0.4099708,0.3213264,0.2494196,0.2140508,0.1975996,0.167994,0.1348868,0.0937548,0.0632036
8.13863863863864E-6,1.21533648E-112,1.21533648E-112,3.13460192E-112,2.21534560000003E-98,4.50246120000221E-86,1.41080736E-70,3.16577612E-70,1.1960096E-50,3.1608047960096E-44,2.66188720479601E-41,5.12564541887205E-36,5.12564547285233E-36,3.29652611256455E-29,3.65103486112564E-27,1.38299670348611E-23,5.47596229967035E-19,5.71214085967035E-19,3.81458721408593E-15,2.42974174587214E-10,1.7933861745872E-9,3.25915257403962E-9,5.52003259152574E-4,0.00120200325914876,0.0343208030161784,0.0659376014657664,0.069622,0.1662044,0.2708432,0.3764868,0.4567824,0.517656,0.4587676,0.4046888,0.3168992,0.2459976,0.2119004,0.1962444,0.1672764,0.1343056,0.0932948,0.062834
8.14714714714715E-6,3.85686204E-113,3.85686204E-113,9.94762204E-113,7.8705572000001E-99,1.76873088000079E-86,6.31866E-71,1.41787464E-70,6.3921632E-51,1.79190343921632E-44,1.55087310343922E-41,3.14233350873103E-36,3.14233353933319E-36,2.16283191423335E-29,2.44481311914233E-27,9.62590081311914E-24,4.01353665900813E-19,4.18381289900813E-19,2.92561038128988E-15,1.98666205610381E-10,1.48075580561037E-9,2.69284660520903E-9,5.03602692846605E-4,0.00109640269284368,0.0327796024941804,0.0630260012120908,0.0664556,0.1610416,0.2640636,0.3700912,0.4506188,0.51039,0.4525016,0.3993948,0.3124712,0.2425864,0.2097556,0.1948804,0.1665544,0.1337212,0.092832,0.062462
8.15565565565565E-6,1.22082136E-113,1.22082136E-113,3.1487466E-113,2.78950588000003E-99,6.93266560000279E-87,2.824236E-71,6.3374336E-71,3.4103984E-51,1.01419074103984E-44,9.02135390741039E-42,1.92354182135391E-36,1.92354183867428E-36,1.41705219235418E-29,1.63489172192354E-27,6.69120289172192E-24,2.93816891202892E-19,3.06078191202892E-19,2.24132127819119E-15,1.62277961321278E-10,1.22145916132127E-9,2.22281196102746E-9,4.59202222811961E-4,9.9960222280972E-4,0.031292402060534,0.0602116010013528,0.063402,0.1559956,0.2573908,0.363744,0.4444492,0.5031072,0.4462228,0.3940892,0.308044,0.2391872,0.207618,0.1935096,0.1658296,0.1331348,0.0923672,0.062088
8.16416416416416E-6,3.8543362E-114,3.8543362E-114,9.941113E-114,9.8629140000001E-100,2.71122420000098E-87,1.2597796E-71,2.82687868E-71,1.81638E-51,5.73074341638E-45,5.23930994341638E-42,1.17570043930994E-36,1.17570044909693E-36,9.27140117570044E-30,1.0918102011757E-27,4.64524901020117E-24,2.1483664524901E-19,2.2365503724901E-19,1.71518365503724E-15,1.32423795183655E-10,1.00660859518365E-9,1.83306539496882E-9,4.18401833065395E-4,9.1040183306368E-4,0.0298572017006416,0.0574916008264568,0.0604572,0.1510632,0.2508232,0.3574444,0.4382732,0.4958092,0.4399336,0.3887736,0.3036188,0.2358016,0.2054884,0.1921312,0.1651012,0.132546,0.0919,0.0617116
8.17267267267267E-6,1.21374676E-114,1.21374676E-114,3.13049808E-114,3.47889784000003E-100,1.05792980000035E-87,5.6079904E-72,1.25840312E-71,9.6572348E-52,3.23288976572348E-45,3.03798168976572E-42,7.17524637981689E-37,7.17524643502825E-37,6.05761671752464E-30,7.28147216717524E-28,3.22074174721672E-24,1.56899980741747E-19,1.63234464741747E-19,1.31110163446473E-15,1.07955431101634E-10,8.28759831101631E-10,1.51021023094473E-9,3.80801510210231E-4,8.2880151020892E-4,0.0284736014022548,0.0548652006814504,0.05762,0.1462452,0.244362,0.3511944,0.4320936,0.4885,0.4336364,0.38345,0.2991972,0.2324304,0.2033668,0.1907456,0.1643692,0.1319548,0.0914308,0.0613332
8.18118118118118E-6,3.81228512E-115,3.81228512E-115,9.83266612E-115,1.22414972000001E-100,4.11884640000122E-88,2.4913668E-72,5.5904944E-72,5.1255988E-52,1.82078451255988E-45,1.75875078451256E-42,4.37242918750784E-37,4.37242921860322E-37,3.95234483724292E-30,4.84958584837243E-28,2.23020655858484E-24,1.14451110206559E-19,1.18995782206559E-19,1.0011065957822E-15,8.79213611065957E-11,6.81683761106593E-10,1.24302816099214E-9,3.46401243028161E-4,7.5400124302716E-4,0.0271404011551068,0.0523308005613444,0.054888,0.14154,0.2380072,0.3449944,0.4259116,0.4811824,0.4273336,0.3781204,0.2947812,0.2290756,0.201254,0.1893532,0.1636336,0.1313612,0.0909592,0.0609528
8.18968968968969E-6,1.19432696E-115,1.19432696E-115,3.08041184E-115,4.29719080000003E-101,1.60000132000043E-88,1.10455116E-72,2.47855684E-72,2.7156916E-52,1.02379707156916E-45,1.01655579707157E-42,2.66044376555797E-37,2.66044378304238E-37,2.57516386604438E-30,3.22555043866044E-28,1.54232815504387E-24,8.3387222328155E-20,8.66438147281551E-20,7.63560643814725E-16,7.15345635606438E-11,5.60174163560642E-10,1.02213536347726E-9,3.15201022135363E-4,6.860010221346E-4,0.0258568009506008,0.0498868004619612,0.0522588,0.1369464,0.2317584,0.338844,0.4197276,0.473858,0.421026,0.3727848,0.2903716,0.2257376,0.1991504,0.1879536,0.1628944,0.1307656,0.090486,0.0605708
8.1981981981982E-6,3.73199392E-116,3.73199392E-116,9.6255736E-116,1.50484328000001E-101,6.2014244000015E-89,4.8871244E-73,1.09664428E-72,1.4363516E-52,5.7471950363516E-46,5.86632239503635E-43,1.61633506632239E-37,1.61633507613747E-37,1.67552856163351E-30,2.14247968561633E-28,1.06524664796856E-24,6.06822252466479E-20,6.3012966046648E-20,5.81735412966045E-16,5.81445017354129E-11,4.59885301735412E-10,8.39692101674731E-10,2.86400839692102E-4,6.2320083969152E-4,0.0246204007815476,0.0475304003798068,0.0497292,0.1324624,0.2256152,0.3327444,0.4135436,0.46653,0.4147172,0.3674464,0.2859708,0.2224188,0.1970572,0.1865476,0.1621516,0.1301676,0.0900104,0.0601868
8.20670670670671E-6,1.1631592E-116,1.1631592E-116,3.00002496E-116,5.25721640000003E-102,2.39821964000052E-89,2.1579356E-73,4.842292E-73,7.5837692E-53,3.22096515837692E-46,3.37994096515838E-43,9.80514179940965E-38,9.80514185441751E-38,1.08866569805142E-30,1.42116065698051E-28,7.34794516065698E-25,4.4106854794516E-20,4.57729271945161E-20,4.42716972927193E-16,4.72142427169729E-11,3.77191842716972E-10,6.89153442672866E-10,2.60000689153443E-4,5.66000689153E-4,0.0234312006419392,0.0452604003119616,0.0472972,0.1280876,0.2195776,0.326696,0.4073612,0.4592016,0.4084084,0.362106,0.2815796,0.2191196,0.1949744,0.185136,0.1614056,0.1295676,0.0895332,0.0598012
8.21521521521521E-6,3.61590344E-117,3.61590344E-117,9.32615972E-117,1.83221728000001E-102,9.25363520000183E-90,9.5091384E-74,2.13380124E-73,3.9971876E-53,1.80220279971876E-46,1.94428740279972E-43,5.93912904287403E-38,5.9391290736522E-38,7.0637365939129E-31,9.41419736593912E-29,5.06202141973659E-25,3.20208782021419E-20,3.3210374602142E-20,3.36546930374601E-16,3.83008565469304E-11,3.0907281654693E-10,5.65061256514909E-10,2.35895285061256E-4,5.1349528506092E-4,0.0222874952467604,0.0430750949759884,0.04496069472,0.1238204,0.2136452,0.3206988,0.4011808,0.451874,0.4021012,0.3567648,0.2771996,0.2158416,0.1929028,0.1837184,0.1606564,0.1289656,0.089054,0.059414
8.22372372372372E-6,1.12117816E-117,1.12117816E-117,2.89175104E-117,6.37023040000003E-103,3.56256600000064E-90,4.1817972E-74,9.3837324E-74,2.1031416E-53,1.00672141031416E-46,1.11665792141031E-43,3.59200196657921E-38,3.59200198377209E-38,4.5768955592002E-31,6.227836955592E-29,3.48276598369556E-25,2.32189722765984E-20,2.40671798765984E-20,2.55554787179876E-16,3.10395595547872E-11,2.53014279554787E-10,4.62869679531568E-10,2.13744902869679E-4,4.65344902869424E-4,0.0211881448718301,0.0409721446498554,0.04271614444,0.1196588,0.2078172,0.3147532,0.3950044,0.4445512,0.3957988,0.3514252,0.2728324,0.2125856,0.1908428,0.1822952,0.1599036,0.128362,0.0885736,0.0590256
8.23223223223223E-6,3.4674738E-118,3.4674738E-118,8.94332636E-118,2.20948544000001E-103,1.36848372000022E-90,1.83527932E-74,4.11827212E-74,1.1046564E-53,5.6143951046564E-47,6.40305679510465E-44,2.16918200305679E-38,2.1691820126451E-38,2.9614494169182E-31,4.11438689416918E-29,2.39313263868942E-25,1.68164833132639E-20,1.74205857132639E-20,1.93838980585713E-16,2.51300738389806E-11,2.0692631383898E-10,3.78796713822164E-10,1.93472898796714E-4,4.2119157879652E-4,0.0201319915536666,0.0389499913718704,0.0405619912,0.11560211868,0.2020936,0.30886,0.3888336,0.4372352,0.3895024,0.3460884,0.2684792,0.2093528,0.1887952,0.1808676,0.159148,0.1277568,0.0880916,0.0586356
8.24074074074074E-6,1.06962296E-118,1.06962296E-118,2.75878052E-118,7.64510760000002E-104,5.24497520000076E-91,8.038216E-75,1.80373532E-74,5.792026E-54,3.1259621792026E-47,3.6657499621792E-44,1.30797926574996E-38,1.30797927108849E-38,1.91352653079793E-31,2.71447846530798E-29,1.64229464784653E-25,1.21649282294648E-20,1.25946510294648E-20,1.46864514651029E-16,2.03256108645146E-11,1.69072170864514E-10,3.0969717085235E-10,1.74976349697171E-4,3.81249709697024E-4,0.0191184496893716,0.037006849540625,0.0384956494,0.11164907336,0.196474,0.30302,0.3826704,0.42993,0.3832152,0.3407568,0.264142,0.2061444,0.1867596,0.1794344,0.158388,0.1271488,0.0876076,0.058244
8.24924924924925E-6,3.29101264E-119,3.29101264E-119,8.48819188E-119,2.63895892000001E-104,2.00573332000026E-91,3.5134724E-75,7.884042E-75,3.0316448E-54,1.73760950316448E-47,2.09530200950316E-44,7.87500895302009E-39,7.87500898269504E-39,1.23470047875009E-31,1.7884678047875E-29,1.12558444678048E-25,8.78953655844467E-21,9.09484283844468E-21,1.11150454842838E-16,1.64234471504548E-11,1.38011087150455E-10,2.52960007141665E-10,1.58128012960007E-4,3.44513412959896E-4,0.0181457133965365,0.0351409132749489,0.03651531316,0.1077987854,0.1909592,0.2972344,0.3765172,0.4226376,0.3769388,0.3354312,0.259822,0.2029612,0.1847376,0.1779972,0.1576256,0.1265404,0.0871232,0.057852
8.25775775775776E-6,1.00996916E-119,1.00996916E-119,2.6049144E-119,9.08738320000002E-105,7.65296520000091E-92,1.53260792E-75,3.43908704E-75,1.5840556E-54,9.6429215840556E-48,1.1957430921584E-44,4.73420395743092E-39,4.73420397389909E-39,7.95581647342039E-32,1.17676341647342E-29,7.70453276341647E-26,6.34315704532763E-21,6.55980416532764E-21,8.40281198041652E-17,1.32573640281198E-11,1.1254908402812E-10,2.06419444021777E-10,1.42883286419444E-4,3.1123284641936E-4,0.0172132328331621,0.0333500327338704,0.03461763264,0.10404874956,0.1855472,0.291502,0.370374,0.4153604,0.3706748,0.3301132,0.2555208,0.1998044,0.1827288,0.1765556,0.1568588,0.1259292,0.0866368,0.0574584
8.26626626626627E-6,3.09147356E-120,3.09147356E-120,7.97354436E-120,3.12178588000001E-105,2.91347900000031E-92,6.6717984E-76,1.49711476E-75,8.2624352E-55,5.34259322624352E-48,6.81297339322624E-45,2.84176681297339E-39,2.84176682209747E-39,5.11923228417668E-32,7.73236032284176E-30,5.26692523603228E-26,4.57222466925236E-21,4.72577098925236E-21,6.34536857709892E-17,1.06910634536858E-11,9.16971434536857E-11,1.68280263449114E-10,1.29011128280263E-4,2.810470082802E-4,0.0163194469975892,0.0316322469165831,0.03280104684,0.10039843588,0.180238,0.2858244,0.3642432,0.4081008,0.3644248,0.3248036,0.2512388,0.1966744,0.1807332,0.1751096,0.1560888,0.1253164,0.0861492,0.057064
8.27477477477477E-6,9.4385044E-121,9.4385044E-121,2.43438388E-120,1.06985236E-105,1.10667736000011E-92,2.8985004E-76,6.504078E-76,4.3021796E-55,2.95517603021796E-48,3.87564677603022E-45,1.70323867564678E-39,1.70323868069363E-39,3.28943577032387E-32,5.07396915770324E-30,3.59592059691577E-26,3.29178875920597E-21,3.40048019920597E-21,4.78638804801991E-17,8.61303186388047E-12,7.46372318638804E-11,1.37056471860589E-10,1.16398097056472E-4,2.53571137056424E-4,0.0154639711284434,0.0299863710624192,0.031063171,0.09684637304,0.1750316,0.280202,0.3581268,0.4008628,0.3581928,0.319506,0.2469792,0.1935736,0.1787524,0.17366,0.1553148,0.1247012,0.0856596,0.056668
8.28328328328328E-6,2.87423144E-121,2.87423144E-121,7.41323388E-121,3.6576488E-106,4.19426680000036E-93,1.25667132E-76,2.819903E-76,2.23622E-55,1.631933823622E-48,2.20120033382362E-45,1.01931460120033E-39,1.01931460398735E-39,2.11074010193146E-32,3.32504420101931E-30,2.4519145044201E-26,2.36711291914504E-21,2.44395883914504E-21,3.60642999588391E-17,6.93206406429996E-12,6.06933440642999E-11,1.11519184061933E-10,1.04939111519184E-4,2.28609071519148E-4,0.0146450090645871,0.0284094090108258,0.02940100896,0.09339046996,0.1699264,0.2746344,0.352026,0.3936476,0.3519788,0.3142204,0.242742,0.190502,0.1767868,0.172208,0.1545384,0.1240856,0.0851696,0.0562716
8.29179179179179E-6,8.7300948E-122,8.7300948E-122,2.25167348E-121,1.24748972E-106,1.58605272000012E-93,5.4373708E-77,1.2201164E-76,1.1603384E-55,8.9972319603384E-49,1.24819652319603E-45,6.09097368196523E-40,6.09097369733072E-40,1.35252446090974E-32,2.1760064446091E-30,1.66971600064446E-26,1.70015429716001E-21,1.75441877716001E-21,2.71435184187771E-17,5.57365914351841E-12,4.93074191435184E-11,9.06532191418183E-11,9.45368906532191E-5,2.05948930653192E-4,0.0138615489250796,0.0268995488813458,0.02781194884,0.09002901204,0.1649216,0.2691224,0.345942,0.3864584,0.3457852,0.3089488,0.2385284,0.1874604,0.1748352,0.1707524,0.1537576,0.1234676,0.084678,0.0558744
8.3003003003003E-6,2.64482944E-122,2.64482944E-122,6.8215596E-122,4.24451828E-107,5.98420000000042E-94,2.3478672E-77,5.268488E-77,6.010352E-56,4.9522454010352E-49,7.06665904540103E-46,3.63421466665904E-40,3.63421467511652E-40,8.65470036342146E-33,1.42212030036342E-30,1.13559061203004E-26,1.21966295590612E-21,1.25793484790612E-21,2.04067139348479E-17,4.47702440671393E-12,4.00192644067139E-11,7.36208244054943E-11,8.51016336208244E-5,1.85394993620804E-4,0.0131125949891438,0.0254553949536016,0.02629419492,0.08676069336,0.1600172,0.2636672,0.339878,0.3792988,0.339616,0.303694,0.2343412,0.1844504,0.1729,0.1692948,0.152974,0.1228484,0.0841856,0.0554764
8.30880880880881E-6,7.9920056E-123,7.9920056E-123,2.06130316E-122,1.44071064E-107,2.25278968000014E-94,1.0117564E-77,2.27032832E-77,3.1078452E-56,2.72134471078452E-49,3.99441734471078E-46,2.16510799441734E-40,2.16510799906487E-40,5.5303882165108E-33,9.2816638821651E-31,7.71335216638821E-27,8.73924113352166E-22,9.00883741352167E-22,1.53249288837413E-17,3.59260732492888E-12,3.24497473249289E-11,5.9731227324055E-11,7.65502597312273E-5,1.66766459731212E-4,0.0123975664561386,0.0240751664272815,0.0248455664,0.0835846162,0.1552132,0.2582688,0.3338352,0.3721708,0.3334716,0.2984564,0.2301808,0.1814724,0.1709808,0.1678356,0.1521872,0.122228,0.0836924,0.055078
8.31731731731732E-6,2.408764E-123,2.408764E-123,6.2126878E-123,4.878464E-108,8.46178680000048E-95,4.3510876E-78,9.7636072E-78,1.6042196E-56,1.49297456042196E-49,2.25424257456042E-46,1.28793705424257E-40,1.28793705679228E-40,3.5290341287937E-33,6.04963434128793E-31,5.23246896343413E-27,6.25446832468963E-22,6.44414632468964E-22,1.14958964146325E-17,2.88005829589641E-12,2.62869022958964E-11,4.8415670295271E-11,6.88062084156702E-5,1.49896488415659E-4,0.0117142964855356,0.0227558964621288,0.02346309644,0.08049829028,0.1505076,0.252928,0.3278152,0.3650764,0.3273536,0.2932372,0.2260476,0.1785268,0.1690776,0.1663748,0.1513972,0.1216064,0.0831984,0.0546792
8.32582582582583E-6,7.241222E-124,7.241222E-124,1.86765704E-123,1.647958E-108,3.17123620000016E-95,1.86739752E-78,4.19034232E-78,8.266316E-57,8.17728802663159E-50,1.27015132880266E-46,7.64988070151328E-41,7.64988071547848E-41,2.24880887649881E-33,3.93773008876499E-31,3.54496897300888E-27,4.47084344968973E-22,4.60413088968973E-22,8.61402441308896E-18,2.30655621402441E-12,2.12741802140244E-11,3.92061402135773E-11,6.17988792061402E-5,1.34631319206132E-4,0.0110626313168996,0.021496631297932,0.02214503128,0.07750043244,0.1459004,0.2476448,0.3218196,0.3580188,0.3212652,0.2880388,0.221944,0.1756148,0.1671904,0.164912,0.1506032,0.1209832,0.0827036,0.0542804
8.33433433433433E-6,2.17125008E-124,2.17125008E-124,5.60009644E-124,5.5534884E-109,1.18582976000005E-95,7.998226E-79,1.79476152E-78,4.2521196E-57,4.47150562521196E-50,7.14527310562521E-47,4.5369123452731E-41,4.53691235290955E-41,1.43102204536912E-33,2.55962502045369E-31,2.39861196250204E-27,3.19205958611962E-22,3.28560702611963E-22,6.44744856070261E-18,1.84543084744856E-12,1.72009188474486E-11,3.17179988471294E-11,5.54632717179988E-5,1.20829391717992E-4,0.0104412293898726,0.0202952293745171,0.02088962936,0.07459016612,0.1413916,0.2424204,0.3158516,0.3510008,0.3152084,0.2828628,0.2178716,0.1727372,0.1653208,0.1634492,0.1498068,0.1203592,0.0822084,0.0538812
8.34284284284284E-6,6.49362048E-125,6.49362048E-125,1.674839608E-124,1.86699076E-109,4.42427600000018E-96,3.4187724E-79,7.6715384E-79,2.18345E-57,2.441101018345E-50,4.01319030101834E-47,2.6866548131903E-41,2.68665481735922E-41,9.09360026866548E-34,1.66157520026866E-31,1.62087695752003E-27,2.27632780876957E-22,2.34190364876958E-22,4.82046219036487E-18,1.47503682046219E-12,1.38943008204622E-11,2.56354528202346E-11,4.97395456354528E-5,1.08360425635448E-4,0.00984916042416041,0.0191495604117412,0.0196939604,0.07176582088,0.1369796,0.2372544,0.3099116,0.3440244,0.309184,0.2777104,0.2138308,0.1698944,0.1634676,0.1619856,0.1490068,0.1197344,0.0817132,0.0534828
8.35135135135135E-6,1.93706932E-125,1.93706932E-125,4.99609528E-125,6.26146E-110,1.64698128000006E-96,1.45835616E-79,3.27247216E-79,1.11924712E-57,1.33046971192471E-50,2.25044606971192E-47,1.58857985044607E-41,1.58857985271825E-41,5.77062335885798E-34,1.07715142335886E-31,1.09391011514234E-27,1.62136773910115E-22,1.66727961910115E-22,3.60004552796191E-18,1.17782240004553E-12,1.12126144000455E-11,2.06994903998834E-11,4.45727806994904E-5,9.71047006994868E-5,0.00928510469952166,0.0180579046894869,0.01855630468,0.06902533192,0.1326636,0.232148,0.304002,0.337092,0.3031944,0.2725832,0.2098224,0.1670864,0.1616312,0.1605212,0.1482028,0.1191076,0.0812168,0.0530836
8.35985985985986E-6,5.763449E-126,5.763449E-126,1.48651098E-125,2.09492212E-110,6.11732120000021E-97,6.208342E-80,1.39311784E-79,5.727326E-58,7.2395445727326E-51,1.25995635445727E-47,9.37887259956354E-42,9.37887261192728E-42,3.65684049378872E-34,6.97342840493788E-32,7.37319734284049E-28,1.15348057319734E-22,1.18558580119734E-22,2.68562855858012E-18,9.39566285628558E-13,9.03987428562855E-12,1.66978902855132E-11,3.99124966978903E-5,8.69522966978876E-5,0.00874855229575832,0.017018552287658,0.01747455228,0.0663674398,0.1284432,0.2271012,0.2981252,0.3302068,0.2972424,0.2674832,0.2058488,0.1643144,0.1598124,0.1590576,0.1473968,0.1184812,0.0807216,0.052686
8.36836836836837E-6,1.71040972E-126,1.71040972E-126,4.41149716E-126,6.9922188E-111,2.26704520000007E-97,2.63758E-80,5.9185848E-80,2.9256544E-58,3.93283389256544E-51,7.04288283389256E-48,5.52890304288283E-42,5.52890304959934E-42,2.31412245528903E-34,4.50847682455289E-32,4.96331604768245E-28,8.19638163316047E-23,8.42061283316048E-23,2.00125620612833E-18,7.48766401256206E-13,7.2812064012562E-12,1.34569624011742E-11,3.57124134569624E-5,7.78024134569604E-5,0.00823780241270819,0.0160294024061758,0.0164462024,0.06379009,0.1243172,0.2221148,0.2922824,0.3233708,0.2913292,0.2624112,0.20191,0.1615788,0.1580112,0.1575948,0.1465876,0.1178536,0.0802256,0.052288
8.37687687687688E-6,5.06288288E-127,5.06288288E-127,1.305822368E-126,2.32819716E-111,8.38272520000023E-98,1.11828784E-80,2.5093744E-80,1.4918972E-58,2.13298294918972E-51,3.93054938294919E-48,3.25440993054938E-42,3.2544099341921E-42,1.4623888325441E-34,2.91089628832544E-32,3.33679788962883E-28,5.81722936797889E-23,5.9736469279789E-23,1.48963013646928E-18,5.96123489630136E-13,5.85908748963013E-12,1.0834679489572E-11,3.19301308346795E-5,6.9562650834678E-5,0.00775236265023855,0.0150883626449756,0.01546876264,0.06129123252,0.120284,0.217188,0.2864748,0.316586,0.2854568,0.2573696,0.198008,0.1588808,0.156228,0.1561328,0.1457748,0.1172248,0.0797292,0.0518904
8.38538538538538E-6,1.49477348E-127,1.49477348E-127,3.8553246E-127,7.7335932E-112,3.09270080000008E-98,4.7317188E-81,1.06177256E-80,7.5945044E-59,1.15493367594504E-51,2.19010053367594E-48,1.91271939010053E-42,1.91271939207293E-42,9.22861219127193E-35,1.87688181219127E-32,2.24042248818122E-28,4.12375320422488E-23,4.23273252422488E-23,1.10757232732524E-18,4.74129907572327E-13,4.71022590757233E-12,8.71501790753109E-12,2.85268087150179E-5,6.21484087150168E-5,0.00729134840824089,0.0141941484040048,0.0145413484,0.0588704216,0.1163444,0.2123232,0.280706,0.3098556,0.2796272,0.2523592,0.1941424,0.1562192,0.154462,0.1546716,0.1449588,0.1165956,0.0792332,0.0514936
8.39389389389389E-6,4.401823E-128,4.401823E-128,1.135318252E-127,2.5627188E-112,1.13845508000003E-98,1.99803264E-81,4.48347944E-81,3.8592608E-59,6.24329918592608E-52,1.21837872991859E-48,1.12247161837873E-42,1.12247161944496E-42,5.81576211224716E-35,1.20853696211225E-32,1.50235445369621E-28,2.91979062354454E-23,2.99562614354454E-23,8.22592756261435E-19,3.76729622592756E-13,3.78302162259276E-12,7.00331922256356E-12,2.54669470033192E-5,5.54823870033184E-5,0.00685348238662659,0.0133446823832203,0.01366148238,0.05652561544,0.1124964,0.2075196,0.2749768,0.3031812,0.273842,0.2473816,0.1903156,0.1535956,0.152714,0.1532124,0.14414,0.1159656,0.0787372,0.0510976
8.4024024024024E-6,1.29291528E-128,1.29291528E-128,3.33469168E-128,8.4718236E-113,4.18138880000008E-99,8.4198528E-82,1.88937092E-81,1.9577316E-59,3.36944819577316E-52,6.76718424819577E-49,6.57727196718425E-43,6.57727197293861E-43,3.65993486577272E-35,7.77134734865772E-33,1.00613611347349E-28,2.06487086136113E-23,2.11757814136114E-23,6.10261975781413E-19,2.99042810261976E-13,3.03543801026197E-12,5.62241721024133E-12,2.27180576224172E-5,4.94938176224166E-5,0.00643829381732337,0.012538693814587,0.012827493812,0.05425557576,0.10874,0.2027776,0.2692884,0.2965644,0.268102,0.2424372,0.1865272,0.1510096,0.150984,0.1517552,0.143318,0.1153352,0.0782416,0.0507024
8.41091091091091E-6,3.78779948E-129,3.78779948E-129,9.76950744E-129,2.79389268E-113,1.53232596000003E-99,3.540998E-82,7.9458076E-82,9.913944E-60,1.81547809913944E-52,3.75268307809914E-49,3.84823135268308E-43,3.84823135578356E-43,2.30004763848231E-35,4.99052367638482E-33,6.72950705236764E-29,1.45853432950705E-23,1.49512226150705E-23,4.52237351222615E-19,2.37141612237351E-13,2.43326201223735E-12,4.50946721222277E-12,2.02505205094672E-5,4.41181525094668E-5,0.00604491815227232,0.0117745181500762,0.012037718148,0.052058667632,0.1050736,0.1980976,0.2636428,0.2900072,0.2624092,0.2375284,0.1827788,0.1484616,0.149272,0.1503004,0.1424928,0.114704,0.0777464,0.0503084
8.41941941941942E-6,1.10683828E-129,1.10683828E-129,2.85476052E-129,9.191776E-114,5.60284120000009E-100,1.48615312E-82,3.33484876E-82,5.0117048E-60,9.76588130117048E-53,2.07770538813012E-49,2.24813407770539E-43,2.24813407937321E-43,1.44343282248134E-35,3.20043632822481E-33,4.49522804363282E-29,1.02901649522804E-23,1.05438383922804E-23,3.34761143838392E-19,1.87868454761144E-13,1.94868365476114E-12,3.61335365475085E-12,1.80373076133536E-5,3.92965356133533E-5,0.00567209653542548,0.0110504965336647,0.011290198692,0.049933361388,0.10149650216,0.19348050216,0.25804210216,0.2835124,0.2567656,0.232656,0.1790704,0.1459512,0.1475776,0.148848,0.1416648,0.1140728,0.077252,0.0499156
8.42792792792793E-6,3.22597308E-130,3.22597308E-130,8.32044324E-130,3.01678964E-114,2.04405168000003E-100,6.2247276E-83,1.3967936E-82,2.529112E-60,5.2446706529112E-53,1.14850806706529E-49,1.31137994850807E-43,1.31137994940376E-43,9.04592013113799E-36,2.04967712013114E-33,2.99890296771201E-29,7.25121398902967E-24,7.42687746902968E-24,2.47526746877469E-19,1.48686327526747E-13,1.55911992752675E-12,2.89254112751949E-12,1.60537868925411E-5,3.49753108925409E-5,0.00531897531074385,0.0103645753093334,0.010582771948,0.047877518164,0.09800699664,0.18892539664,0.25248739664,0.2770812,0.2511724,0.2278216,0.175404,0.1434796,0.1459016,0.1473992,0.140834,0.1134412,0.076758,0.049524
8.43643643643643E-6,9.37816159999999E-131,9.3781616E-131,2.41881824E-130,9.8775292E-115,7.44048120000009E-101,2.6019248E-83,5.83858E-83,1.2740768E-60,2.81198492740768E-53,6.3385699849274E-50,7.63801553856998E-44,7.6380155433723E-44,5.66116767638015E-36,1.31091676767638E-33,1.99809029167677E-29,5.10365998090291E-24,5.22515470090292E-24,1.82821905154701E-19,1.17560022821905E-13,1.2462440228219E-12,2.3132988228168E-12,1.42775543132988E-5,3.11056383132986E-5,0.00498510563819573,0.00971550563706705,0.009913697236,0.045889419684,0.0946045916,0.1844329916,0.2469801916,0.270716,0.245632,0.2230272,0.17178,0.1410472,0.1442444,0.1459544,0.1400008,0.1128104,0.0762656,0.0491344
8.44494494494495E-6,2.71927736E-131,2.71927736E-131,7.0135728E-131,3.22633464E-115,2.70232032000003E-101,1.0853944E-83,2.43556676E-83,6.4071864E-61,1.50520446407186E-53,3.49266320446407E-50,4.4419938926632E-44,4.4419938952338E-44,3.53798404441994E-36,8.37294784044419E-34,1.3295649294784E-29,3.58785729564929E-24,3.6717844556493E-24,1.34881591784456E-19,9.28579348815917E-14,9.95202734881591E-13,1.848276734878E-12,1.26882098482767E-5,2.76431098482766E-5,0.00466924310975542,0.00910124310885307,0.009281214268,0.04396772606,0.09128797116,0.18000397116,0.24152317116,0.2644192,0.240146,0.218274,0.1681996,0.1386536,0.1426048,0.1445124,0.1391636,0.1121776,0.0757724,0.0487452
8.45345345345345E-6,7.86447676E-132,7.86447676E-132,2.028408596E-131,1.05129888E-115,9.7926164000001E-102,4.5185368E-84,1.01393524E-83,3.2165012E-61,8.04386992165012E-54,1.92145318699216E-50,2.57941272145319E-44,2.57941272282692E-44,2.20801682579413E-36,5.34065256825794E-34,8.83580206525682E-30,2.51924763580206E-24,2.57715279580207E-24,9.94023371527957E-20,7.32739394023371E-14,7.93971539402337E-13,1.47531673939982E-12,1.12672254753167E-5,2.45473534753166E-5,0.00437054735340204,0.00852054735268134,0.008683944392,0.042111477168,0.08805659704,0.17563899704,0.23611779704,0.2581924,0.2347152,0.2135628,0.1646624,0.1362984,0.1409832,0.1430748,0.138324,0.1115456,0.0752808,0.048358
8.46196196196196E-6,2.2686464E-132,2.2686464E-132,5.85129892E-132,3.41744208E-116,3.54069100000003E-102,1.8772694E-84,4.212489E-84,1.6119232E-61,4.29163016119232E-54,1.05538596301612E-50,1.49557785538596E-44,1.49557785611889E-44,1.37608681495578E-36,3.40191446814956E-34,5.86441619144681E-30,1.76680506441619E-24,1.80670770841619E-24,7.31743267077084E-20,5.77631931743267E-14,6.32824793174326E-13,1.17648639317256E-12,9.99778117648639E-6,2.17817371764863E-5,0.00408858173711872,0.00797178173654366,0.008119989776,0.040318391996,0.08490900804,0.17133740804,0.23076500804,0.2520368,0.2293412,0.2088948,0.1611696,0.133982,0.1393792,0.1416412,0.1374812,0.1109132,0.07479,0.0479728
8.47047047047047E-6,6.52745368E-133,6.52745368E-133,1.683560008E-132,1.1082366E-116,1.27732940000001E-102,7.7834832E-85,1.7465702E-84,8.063976E-62,2.28595048063976E-54,5.78762555048064E-51,8.65851778762555E-45,8.65851779152951E-45,8.56416808658517E-37,2.16404176808658E-34,3.88727760417681E-30,1.2376266872776E-24,1.2650901512776E-24,5.38070650901513E-20,4.54908138070651E-14,5.03903213807065E-13,9.37284813805827E-13,8.86462493728481E-6,1.93130249372848E-5,0.00382251302489179,0.00745411302443338,0.007588448624,0.038587184,0.0818443356,0.1670999356,0.2254663356,0.245954,0.224026,0.204272,0.1577224,0.1317048,0.1377936,0.1402124,0.1366356,0.1102804,0.0743,0.0475892
8.47897897897898E-6,1.87326432E-133,1.87326432E-133,4.83153084E-133,3.58525576E-117,4.59773560000003E-103,3.220608E-85,7.2268684E-85,4.0271652E-62,1.21562404027165E-54,3.16881722404027E-51,5.00521796881722E-45,5.00521797089327E-45,5.32257205005218E-37,1.37473937205005E-34,2.5734062739372E-30,8.65910573406273E-25,8.84789541406274E-25,3.95219727895414E-20,3.57904795219728E-14,4.00862879521973E-13,7.46000879521107E-13,7.85392474600087E-6,1.71110967460008E-5,0.00357151109671021,0.00696551109634514,0.007087186296,0.036916532372,0.0788616752,0.1629264752,0.2202236752,0.239946,0.21877,0.199694,0.1543204,0.1294656,0.1362252,0.138788,0.1357868,0.1096472,0.0738108,0.0472072
8.48748748748749E-6,5.36209588E-134,5.36209588E-134,1.382993708E-133,1.157086E-117,1.65124284000001E-103,1.32990524E-85,2.98423404E-85,2.0076768E-62,6.45385780076768E-55,1.73221498578008E-51,2.88900253221498E-45,2.88900253331718E-45,3.30335002889002E-37,8.72146150028889E-35,1.701426014615E-30,6.05115701426014E-25,6.18077649426015E-25,2.89972300776494E-20,2.81308289972301E-14,3.1858786899723E-13,5.93185028996625E-13,6.95316859318503E-6,1.5148688593185E-5,0.00333474868856505,0.0065047486882746,0.006614878368,0.0353047252,0.07595932968,0.15881732968,0.21503772968,0.2340132,0.213574,0.1951628,0.150964,0.1272652,0.1346752,0.1373696,0.1349356,0.1090148,0.0733232,0.0468276
8.49599599599599E-6,1.53091144E-134,1.53091144E-134,3.94853484E-134,3.7253528E-118,5.91704360000003E-104,5.4805064E-86,1.22979504E-85,9.9915432E-63,3.42079489991543E-55,9.45397799489991E-52,1.6650145453978E-45,1.665014545982E-45,2.04731321665014E-37,5.5254895321665E-35,1.12346565489532E-30,4.22363563465655E-25,4.31252147465655E-25,2.12516712521475E-20,2.20886212516712E-14,2.52957701251671E-13,4.71220541251249E-13,6.15104047122054E-6,1.34011444712205E-5,0.00311220114444913,0.00607100114421826,0.006170610024,0.033750458984,0.07313680888,0.15477200888,0.20991000888,0.2281576,0.2084404,0.1906796,0.1476548,0.1251032,0.1331424,0.135956,0.1340812,0.108382,0.0728368,0.0464504
8.5045045045045E-6,4.35959444E-135,4.35959444E-135,1.124428208E-134,1.19653812E-118,2.11555552000001E-104,2.25392436E-86,5.05768636E-86,4.9638052E-63,1.81018204963805E-55,5.15150258204964E-52,9.58151315150258E-46,9.58151315459402E-46,1.26709960958151E-37,3.49595179609581E-35,7.40880559517961E-31,2.94453380880559E-25,3.0054122888056E-25,1.55577965412289E-20,1.73270995577965E-14,2.00655699557796E-13,3.73973699557502E-13,5.4373083739737E-6,1.18461763739737E-5,0.00290264617635664,0.00566264617617332,0.005752675256,0.032252437948,0.07039322908,0.15079162908,0.20484242908,0.2223808,0.20337,0.1862452,0.1443928,0.1229796,0.131628,0.1345488,0.1332244,0.1077496,0.072352,0.0460752
8.51301301301301E-6,1.2382882E-135,1.2382882E-135,3.19379692E-135,3.83390768E-119,7.54692720000004E-105,9.2507248E-87,2.07581316E-86,2.4617412E-63,9.56323264617411E-56,2.80260472326462E-52,5.50547360260472E-46,5.50547360423794E-46,7.83129205505473E-38,2.20888569205505E-35,4.8795412885692E-31,2.05035567954129E-25,2.09200085154129E-25,1.13768492000851E-20,1.35785873768492E-14,1.59015707376849E-13,2.96511267376644E-13,4.80273629651126E-6,1.04636682965113E-5,0.00270566366828293,0.0052784636681375,0.005359776388,0.030808973652,0.06772691272,0.14687571272,0.19983571272,0.2166836,0.1983632,0.18186,0.1411772,0.1208932,0.13013,0.1331472,0.1323648,0.1071176,0.0718688,0.0457028
8.52152152152152E-6,3.508133E-136,3.508133E-136,9.04819536E-136,1.22550356E-119,2.68623380000001E-105,3.7890552E-87,8.5024348E-87,1.21875088E-63,5.04398652187509E-56,1.52228879865219E-52,3.1586495222888E-46,3.15864952315021E-46,4.83340363158649E-38,1.39377900363159E-35,3.20960697790036E-31,1.42601560960698E-25,1.45446907360698E-25,8.31025744690736E-21,1.06305083102574E-14,1.25896308310257E-13,2.34868188310115E-13,4.23899623486819E-6,9.23547223486818E-6,0.00252043547222424,0.00491763547210897,0.004991023432,0.029419184436,0.06513698796,0.14302498796,0.19489098796,0.2110672,0.1934216,0.177526,0.1380092,0.1188448,0.1286492,0.1317516,0.1315024,0.106486,0.0713872,0.0453332
8.53003003003003E-6,9.91313679999999E-137,9.9131368E-137,2.5568014E-136,3.9078974E-120,9.53988360000003E-106,1.54883056E-87,3.47548996E-87,6.0232476E-64,2.65601966023247E-56,8.25545161966023E-53,1.80947842554516E-46,1.80947842599876E-46,2.97899201809478E-38,8.78268592018094E-36,2.1084650268592E-31,9.90609308465026E-26,1.01002597246503E-25,6.06352900259724E-21,8.314278063529E-15,9.9579758063529E-14,1.8586179806343E-13,3.7385801858618E-6,8.14523618586179E-6,0.00234654523617755,0.00457854523608628,0.004644733636,0.028080595056,0.0626213884,0.1392377884,0.1900089884,0.2055324,0.188546,0.1732436,0.1348892,0.1168332,0.1271848,0.1303624,0.1306372,0.1058544,0.0709072,0.044966
8.53853853853854E-6,2.79399868E-137,2.79399868E-137,7.2062926E-137,1.2431656E-120,3.38039196000001E-106,6.3182156E-88,1.41777216E-87,2.9716088E-64,1.39629122971609E-56,4.46983869122971E-53,1.03502484698387E-46,1.03502484722233E-46,1.83350441035025E-38,5.5268038441035E-36,1.38332246803844E-31,6.87325383322468E-26,7.00559147322468E-26,4.41931805591473E-21,6.49630041931805E-15,7.8688980419318E-14,1.46939660419249E-13,3.29472814693966E-6,7.17823214693966E-6,0.00218277823214044,0.00425957823206825,0.004319230832,0.026791936104,0.0601792526,0.1355156526,0.1851916526,0.2000808,0.1837372,0.1690136,0.1318168,0.1148584,0.1257372,0.12898,0.1297696,0.1052236,0.0704292,0.0446016
8.54704704704705E-6,7.8545426E-138,7.8545426E-138,2.02584758E-137,3.94523324E-121,1.195137E-106,2.5721904E-88,5.7718572E-88,1.463516E-64,7.3283869463516E-57,2.41629803869463E-53,5.91146081629804E-47,5.91146081754958E-47,1.12691520591146E-38,3.47323115205911E-36,9.0640633231152E-32,4.76326546406332E-26,4.85335254406332E-26,3.21738933352544E-21,5.07082721738933E-15,6.21214272173893E-14,1.16056827217342E-13,2.90136011605683E-6,6.32121611605682E-6,0.00202952121611099,0.00396112121605394,0.004014845096,0.025552743736,0.05781012388,0.13185812388,0.18043932388,0.1947128,0.178996,0.1648372,0.1287928,0.11292,0.1243052,0.127604,0.1288984,0.104592,0.069952,0.0442396
8.55555555555555E-6,2.20239292E-138,2.20239292E-138,5.68042276E-138,1.2490282E-121,4.21595080000001E-107,1.04503304E-88,2.34499808E-88,7.1952636E-65,3.83997127195263E-57,1.30411839712719E-53,3.3711909041184E-47,3.37119090477419E-47,6.91667203371191E-39,2.17974867203371E-36,5.9314899748672E-32,3.29708273148997E-26,3.35833333148998E-26,2.33975478333331E-21,3.95423433975478E-15,4.89952343397548E-14,9.15767943397218E-14,2.55301089157679E-6,5.56227889157679E-6,0.00188556227888762,0.00368076227884258,0.0037291121988,0.024360959188,0.05551234992,0.12826514992,0.17575354992,0.1894296,0.1743236,0.1607148,0.1258172,0.111018,0.12289,0.1262348,0.1280248,0.1039612,0.0694768,0.0438804
8.56406406406406E-6,6.15955664E-139,6.15955664E-139,1.588674504E-138,3.94484056E-122,1.48388164E-107,4.2371612E-89,9.5079592E-89,3.5313504E-65,2.0087932353135E-57,7.02735839323531E-54,1.91963150273584E-47,1.9196315030789E-47,4.23935601919631E-39,1.3661293560192E-36,3.8765610129356E-32,2.27948827656101E-26,2.32108199256101E-26,1.69963601081992E-21,3.08047289963601E-15,3.8605632899636E-14,7.21909808996132E-14,2.24477367219098E-6,4.89072967219098E-6,0.00175089072966911,0.00341809072963359,0.0034615732096,0.023214928436,0.05328428248,0.12473588248,0.17113468248,0.1842312,0.1697204,0.1566476,0.1228904,0.1091512,0.1214908,0.1248728,0.127148,0.10333,0.0690032,0.0435236
8.57257257257257E-6,1.71823532E-139,1.71823532E-139,4.4316846E-139,1.24291972E-122,5.21109680000001E-108,1.7145E-89,3.84724636E-89,1.730132E-65,1.04913225730132E-57,3.7807167322573E-54,1.09143317807167E-47,1.09143317825084E-47,2.59477081091433E-39,8.55047570810914E-37,2.53029710475708E-32,1.5740805302971E-26,1.60229128229711E-26,1.23327602291282E-21,2.39741523327602E-15,3.0390099233276E-14,5.68542952332603E-14,1.97224925685429E-6,4.29698285685429E-6,0.00162469698285446,0.00317229698282646,0.0032113741428,0.0221142018936,0.05112587716,0.12127187716,0.16658467716,0.17912,0.165188,0.1526364,0.1200124,0.1073196,0.1201064,0.1235172,0.126268,0.1026988,0.0685312,0.04317
8.58108108108108E-6,4.780757E-140,4.780757E-140,1.233056208E-139,3.90673608E-123,1.82593596E-108,6.9233848E-90,1.55357172E-89,8.461794E-66,5.47032448461794E-58,2.03078423244846E-54,6.19614603078423E-48,6.19614603171846E-48,1.58597040619615E-39,5.34443210406196E-37,1.64944584432104E-32,1.08567204944584E-26,1.10478249344584E-26,8.93886647824934E-22,1.86397569388665E-15,2.39000396938866E-14,4.47328596938758E-14,1.73148924473286E-6,3.77244124473286E-6,0.00150697244124287,0.00294257244122083,0.0029776655212,0.021057134032,0.04903509308,0.11787149308,0.16210309308,0.1740948,0.160726,0.1486816,0.1171832,0.1055228,0.1187376,0.1221692,0.1253852,0.1020676,0.0680608,0.0428192
8.58958958958959E-6,1.32675368E-140,1.32675368E-140,3.42196548E-140,1.22501408E-123,6.38363120000001E-109,2.790084E-90,6.2607956E-90,4.1313264E-66,2.84762604131326E-58,1.08908476260413E-54,3.51230428908476E-48,3.51230428957108E-48,9.68028003512304E-40,3.33599908003512E-37,1.0738565599908E-32,7.4791667385656E-27,7.6084661385656E-27,6.47178008466138E-22,1.44779704717801E-15,1.8778025047178E-14,3.51619530471705E-14,1.51896243516195E-6,3.30940643516195E-6,0.00139650940643371,0.00272730940641638,0.0027588020864,0.020042083124,0.04701029268,0.11453509268,0.15769109268,0.1691564,0.1563352,0.1447836,0.114402,0.10376,0.1173844,0.1208288,0.1245004,0.101438,0.0675932,0.042472
8.5980980980981E-6,3.67250944E-141,3.67250944E-141,9.47213764E-141,3.8319986E-124,2.2267712E-109,1.12210632E-90,2.51794596E-90,2.0135436E-66,1.47992722013544E-58,5.83132392722013E-55,1.98796218313239E-48,1.98796218338514E-48,5.90032721987962E-40,2.07952072721988E-37,6.98229195207272E-33,5.14623898229195E-27,5.23361502229195E-27,4.68040833615022E-22,1.12343326804083E-15,1.47395892680408E-14,2.76122572680357E-14,1.33150442761226E-6,2.90099122761226E-6,0.00129370099122649,0.00252650099121287,0.0025547424712,0.0190682109668,0.04505064148,0.11126184148,0.15334864148,0.1643052,0.1520156,0.1409432,0.1116696,0.1020308,0.1160456,0.119496,0.1236124,0.100808,0.0671272,0.0421276
8.60660660660661E-6,1.01394824E-141,1.01394824E-141,2.61518192E-141,1.1958212E-124,7.75015000000001E-110,4.5036848E-91,1.01060264E-90,9.7966452E-67,7.67864689796645E-59,3.11731306468979E-55,1.12349111173131E-48,1.12349111186244E-48,3.59138081123491E-40,1.29453418081123E-37,4.53409545341808E-33,3.53679093409545E-27,3.59576445409546E-27,3.38113315764454E-22,8.70877938113315E-16,1.15586219381133E-14,2.16627659381098E-14,1.16629122166277E-6,2.54104082166277E-6,0.00119734104082079,0.0023385410408101,0.0023638488808,0.0181334825896,0.04315410784,0.10805210784,0.14907730784,0.159542,0.1477684,0.1371612,0.108986,0.1003352,0.1147216,0.1181712,0.122722,0.1001784,0.0666628,0.0417864
8.61511511511511E-6,2.79221356E-142,2.79221356E-142,7.20169088E-142,3.72275252E-125,2.69135792E-110,1.80393192E-91,4.04792856E-91,4.758154E-67,3.97756084758154E-59,1.66380055608476E-55,6.33980446380055E-49,6.33980446447985E-49,2.1829492063398E-40,8.04779349206339E-38,2.94052927793492E-33,2.42779054052928E-27,2.46754546852928E-27,2.43982907545468E-22,6.74432243982907E-16,9.0554642439829E-15,1.69788522439805E-14,1.02079841697885E-6,2.22405441697885E-6,0.0011078240544163,0.00216382405440792,0.0021864867584,0.01723786596,0.041321062704,0.104905862704,0.144877062704,0.1548664,0.1435936,0.1334376,0.1063504,0.0986716,0.1134116,0.116854,0.1218288,0.0995492,0.0662008,0.0414488
8.62362362362362E-6,7.66938619999999E-143,7.6693862E-143,1.97809146E-142,1.15616228E-125,9.32521600000001E-111,7.2109128E-92,1.61809248E-91,2.3069772E-67,2.05701002306977E-59,8.86604381002306E-56,3.57213448660438E-49,3.57213448695568E-49,1.32502120357213E-40,4.99635021203572E-38,1.90459476350212E-33,1.66454430459476E-27,1.69131099659476E-27,1.75863451310997E-22,5.21783375863451E-16,7.08761137586345E-15,1.32949113758618E-14,8.92774013294911E-7,1.94512561329491E-6,0.00102434512561277,0.00200074512560621,0.0020210246616,0.0163797318876,0.039549479536,0.101822679536,0.140749079536,0.1502796,0.139492,0.1297732,0.1037632,0.09704,0.1121156,0.1155444,0.1209328,0.0989204,0.0657408,0.0411144
8.63213213213213E-6,2.10113352E-143,2.10113352E-143,5.41925036E-143,3.58203964E-126,3.2238278E-111,2.876602E-92,6.4549412E-92,1.11658708E-67,1.06204677116587E-59,4.71699804677116E-56,2.0096720716998E-49,2.00967207188118E-49,8.03152802009672E-41,3.0977179280201E-38,1.23203177717928E-33,1.13988603203178E-27,1.15788584803178E-27,1.26622117885848E-22,4.03286126622118E-16,5.54208612662212E-15,1.0400286126621E-14,7.80210410400286E-7,1.69988081040029E-6,9.46499880809996E-4,0.00184849988080486,0.0018666338808,0.0155570536704,0.037837334,0.098801734,0.136692934,0.1457812,0.1354636,0.1261688,0.1012248,0.0954404,0.1108332,0.1142428,0.1200336,0.0982908,0.065282,0.0407828
8.64064064064064E-6,5.74150844E-144,5.74150844E-144,1.48085036E-143,1.107129E-126,1.1120168E-111,1.145212E-92,2.56979532E-92,5.394946E-68,5.47442205394946E-60,2.50558744220539E-56,1.12893265055874E-49,1.12893265065224E-49,4.86149881128932E-41,1.91797949881129E-38,7.95943179794988E-34,7.79669195943179E-28,7.9175875194318E-28,9.10673517587519E-23,3.11391811067352E-16,4.32943581106735E-15,8.12807981106657E-15,6.81318808128079E-7,1.48442320812808E-6,8.73884423207816E-4,0.0017066844232038,0.0017228882632,0.0147690069444,0.03618380384,0.09584300384,0.13270940384,0.1413712,0.1315088,0.122624,0.098734,0.0938712,0.109564,0.1129492,0.119132,0.0976616,0.0648252,0.0404544
8.64914914914915E-6,1.5648682E-144,1.5648682E-144,4.03611084E-144,3.41368964E-127,3.82716028E-112,4.5499924E-93,1.0209934E-92,2.6021076E-68,2.81721602602107E-60,1.3288041216026E-56,6.33223612880412E-50,6.33223612928525E-50,2.93859000633224E-41,1.18592779000633E-38,5.135524992779E-34,5.32649713552499E-28,5.407597255525E-28,6.54235807597255E-23,2.40199665423581E-16,3.37888886542358E-15,6.34619326542305E-15,5.94507606346193E-7,1.29528520634619E-6,8.06495285206106E-4,0.00157529528520297,0.0015897640452,0.0140155695376,0.03458846876,0.09294646876,0.12879846876,0.1370496,0.1276272,0.1191392,0.0962904,0.0923316,0.1083068,0.1116628,0.1182272,0.0970324,0.0643704,0.0401296
8.65765765765766E-6,4.25411088E-145,4.25411088E-145,1.097221452E-144,1.05004184E-127,1.31422212E-112,1.80406956E-93,4.0482314E-93,1.2528766E-68,1.44740401252877E-60,7.03591020401252E-57,3.54642550359102E-50,3.54642550383821E-50,1.77379960354642E-41,7.32293799603546E-39,3.30925042937996E-34,3.63458930925043E-28,3.68892718925043E-28,4.69488088927189E-23,1.85100926948809E-16,2.63451532694881E-15,4.95018372694844E-15,5.18361604950183E-7,1.12938320495018E-6,7.43529383204765E-4,0.00145232938320232,0.0014652396112,0.0132939212496,0.033048110228,0.090110910228,0.124960910228,0.1328164,0.1238196,0.1157156,0.0938948,0.0908216,0.1070632,0.1103852,0.1173204,0.096404,0.0639184,0.0398084
8.66616616616617E-6,1.15350692E-145,1.15350692E-145,2.97512756E-145,3.22214208E-128,4.5028368E-113,7.1386092E-94,1.6018622E-93,6.0219192E-69,7.42414566021919E-61,3.71952241456602E-57,1.98321757195224E-50,1.98321757207903E-50,1.06921840198322E-41,4.51570578401983E-39,2.12968915705784E-34,2.47714692968916E-28,2.51350939368916E-28,3.36537313509394E-23,1.42500433653731E-16,2.05216283365373E-15,3.85755363365348E-15,4.51623603857553E-7,9.83978803857553E-7,6.84983978803715E-4,0.00133818397880181,0.0013496953028,0.0126036436792,0.031562311324,0.087335911324,0.121195511324,0.1286704,0.1200848,0.1123524,0.091546,0.0893404,0.1058316,0.1091156,0.1164104,0.0957752,0.063468,0.0394904
8.67467467467467E-6,3.119688E-146,3.119688E-146,8.0463082E-146,9.8637144E-129,1.53932416E-113,2.8189744E-94,6.325624E-94,2.8893928E-69,3.80181282889393E-61,1.96318738128289E-57,1.10737539631874E-50,1.10737539638367E-50,6.43611761107375E-42,2.78085731761107E-39,1.36881460857318E-34,1.68628096881461E-28,1.71058470481461E-28,2.40968590584705E-23,1.09596064096859E-16,1.59701086409686E-15,3.00320686409669E-15,3.93177603003207E-7,8.56640003003207E-7,6.30856640002893E-4,0.00123245664000141,0.001242713288,0.0119443201104,0.030130656648,0.084621856648,0.117504256648,0.1246132,0.1164244,0.1090504,0.089244,0.0878868,0.1046112,0.1078532,0.1154972,0.0951464,0.0630196,0.039176
8.68318318318318E-6,8.41554432E-147,8.41554432E-147,2.170536992E-146,3.01225844E-129,5.250494E-114,1.11093244E-94,2.49286976E-94,1.38395556E-69,1.94366921383955E-61,1.03453204692138E-57,6.17398103453205E-51,6.17398103486399E-51,3.86882440617398E-42,1.71018922440617E-39,8.78649901892244E-35,1.1465452786499E-28,1.1627694506499E-28,1.72347882769451E-23,8.42062572347882E-17,1.24161705723479E-15,2.33582825723467E-15,3.42034002335828E-7,7.45211202335828E-7,5.80745211202251E-4,0.00113474521120109,0.0011438773872,0.0113151353532,0.028751932176,0.081968732176,0.113886732176,0.1206436,0.1128376,0.10581,0.0869884,0.0864608,0.1034028,0.1065992,0.1145812,0.0945176,0.0625732,0.0388652
8.69169169169169E-6,2.2642882E-147,2.2642882E-147,5.84006316E-147,9.17702279999999E-130,1.78688344E-114,4.3691944E-95,9.8042332E-95,6.6173236E-70,9.92067726617323E-62,5.44295086772661E-58,3.43701094429509E-51,3.43701094446451E-51,2.32236400343701E-42,1.05032276400344E-39,5.6328538322764E-35,7.78634963285383E-29,7.89452331285384E-29,1.23131989452331E-23,6.46345723131989E-17,9.64387772313198E-16,1.81501057231312E-15,2.9731560181501E-7,6.4778120181501E-7,5.3424778120175E-4,0.00104384778120085,0.0010519729372,0.0107140756216,0.027424125156,0.079374925156,0.110342525156,0.1167616,0.1093248,0.1026308,0.0847792,0.085062,0.102206,0.1053532,0.1136628,0.0938888,0.0621288,0.0385576
8.7002002002002E-6,6.07661008E-148,6.07661008E-148,1.567282244E-147,2.78911776E-130,6.0676096E-115,1.71487776E-95,3.84809284E-95,3.1585448E-70,5.05532003158545E-62,2.85911713200316E-58,1.91047548591171E-51,1.91047548599805E-51,1.39212680191047E-42,6.4418996680191E-40,3.60647721899668E-35,5.28152760647722E-29,5.35356356647722E-29,8.78725753563566E-24,4.95628487872575E-17,7.48342048787257E-16,1.4089644487872E-15,2.58246561408964E-7,5.62659361408964E-7,4.91362659361359E-4,9.59762659360661E-4,9.6698665536E-4,0.0101403284088,0.026146023996,0.076840023996,0.106871223996,0.112966,0.1058848,0.0995124,0.0826148,0.0836892,0.1010196,0.1041144,0.1127404,0.0932588,0.0616848,0.0382524
8.70870870870871E-6,1.62656508E-148,1.62656508E-148,4.19524472E-148,8.4564796E-131,2.05573576E-115,6.7171076E-96,1.50728516E-95,1.5049976E-70,2.57183401504997E-62,1.4994683834015E-58,1.06034654994684E-51,1.06034654999076E-51,8.33341601060346E-43,3.9456446160106E-40,2.30610825644616E-35,3.57822270610825E-29,3.62613499410826E-29,6.26404426134994E-24,3.79680862640442E-17,5.80139686264044E-16,1.09270608626401E-15,2.24140001092706E-7,4.88349481092706E-7,4.51688349481055E-4,8.82088349480513E-4,8.8850652948E-4,0.00959308238947999,0.02491681818,0.07436441818,0.10347401818,0.109258,0.1025192,0.096456,0.080496,0.0823416,0.0998436,0.1028836,0.111816,0.0926292,0.0612436,0.0379512
8.71721721721722E-6,4.34270668E-149,4.34270668E-149,1.120074276E-148,2.55780808E-131,6.9493152E-116,2.62573468E-96,5.89200748E-96,7.1586188E-71,1.30624560715862E-62,7.85145744560716E-59,5.87625038514574E-52,5.87625038536883E-52,4.98154800587625E-43,2.41342994800588E-40,1.47271493429948E-35,2.42134947271493E-29,2.45317780871494E-29,4.46041253177808E-24,2.90570884604125E-17,4.49313088460412E-16,8.46621088460388E-16,1.94389080846621E-7,4.23529800846621E-7,4.14823529800817E-4,8.10023529800397E-4,8.157216898E-4,0.00907112730072,0.02373449816,0.07194649816,0.10014929816,0.1056352,0.099226,0.0934608,0.078422,0.0810192,0.0986784,0.1016612,0.1108892,0.0919996,0.0608044,0.0376536
8.72572572572573E-6,1.15645752E-149,1.15645752E-149,2.98273916E-149,7.717982E-132,2.343925E-116,1.02432196E-96,2.29852476E-96,3.3991232E-71,6.62358763399123E-63,4.1046007587634E-59,3.25160281046007E-52,3.2516028105732E-52,2.9737332032516E-43,1.47422813320325E-40,9.39287942281332E-36,1.63655253928794E-29,1.65767041528794E-29,3.17258937670415E-24,2.22155111725894E-17,3.47656271172589E-16,6.55326231172573E-16,1.68458200655326E-7,3.67032880655326E-7,3.80767032880633E-4,7.43167032880308E-4,7.4822231688E-4,0.00857325385868,0.022597455284,0.069585055284,0.096897055284,0.1020976,0.0960052,0.0905264,0.076392,0.0797204,0.0975224,0.1004456,0.1099592,0.0913692,0.0603664,0.0373588
8.73423423423423E-6,3.07170124E-150,3.07170124E-150,7.92253844E-150,2.3232556E-132,7.8880856E-117,3.98786E-97,8.948542E-97,1.611198E-71,3.35312361611198E-63,2.14239211236161E-59,1.79655461423921E-52,1.79655461429648E-52,1.77270560179655E-43,8.99304305601796E-41,5.98303113043056E-36,1.10480259830311E-29,1.11879706230311E-29,2.25409118797062E-24,1.69680262540912E-17,2.68741746254091E-16,5.0676722625408E-16,1.45875040506767E-7,3.17829440506767E-7,3.4911782944049E-4,6.81517829440238E-4,6.8599954544E-4,0.0080990536704,0.021505281716,0.067281281716,0.093717681716,0.0986448,0.0928568,0.0876536,0.0744056,0.0784448,0.096376,0.099238,0.109026,0.090738,0.05993,0.0370672
8.74274274274274E-6,8.13781715999999E-151,8.13781716E-151,2.098904396E-150,6.97663756E-133,2.64864452E-117,1.5493924E-97,3.47675192E-97,7.6238564E-72,1.69470120762386E-63,1.11643947012076E-59,9.91124911643946E-53,9.91124911672889E-53,1.05527800099112E-43,5.47849998000991E-41,3.8061467849998E-36,7.44942380614678E-30,7.54204960614679E-30,1.59973114204961E-24,1.29472535997311E-17,2.07540973599731E-16,3.91508973599724E-16,1.26222760391509E-7,2.75011920391509E-7,3.19875011920378E-4,6.24675011920184E-4,6.2864538792E-4,0.00764771916516,0.020456770376,0.065033570376,0.090610370376,0.095276,0.0897804,0.084842,0.0724632,0.0771924,0.0952392,0.0980384,0.1080908,0.0901068,0.059496,0.0367796
8.75125125125125E-6,2.15037824E-151,2.15037824E-151,5.54626556E-151,2.090033E-133,8.8736732E-118,6.0075896E-98,1.3480696E-97,3.6011952E-72,8.55114643601195E-64,5.8086943146436E-60,5.45960938086943E-53,5.45960938101547E-53,6.27328200545961E-44,3.33295488200546E-41,2.41819932954882E-36,5.01698161819933E-30,5.07821333819933E-30,1.13407467821334E-24,9.86949713407467E-18,1.60124297134075E-16,3.0217453713407E-16,1.09134520302174E-7,2.37780600302174E-7,2.93037780600292E-4,5.72237780600142E-4,5.757526326E-4,0.00721844349808,0.019450714852,0.062841514852,0.087575114852,0.0919904,0.0867752,0.0820908,0.0705628,0.075962,0.0941116,0.0968464,0.1071528,0.0894752,0.0590632,0.0364948
8.75975975975976E-6,5.66764388E-152,5.66764388E-152,1.461801288E-151,6.24620612E-134,2.96625192E-118,2.32464776E-98,5.21638956E-98,1.6980956E-72,4.30767641698095E-64,3.0173775676417E-60,3.00289750173776E-53,3.00289750181132E-53,3.7240784030029E-44,2.024930078403E-41,1.53440624930078E-36,3.37477353440625E-30,3.41520230240625E-30,8.03073015202302E-25,7.51594080307301E-18,1.23422580803073E-16,2.3300018080307E-16,9.42876002330001E-8,2.05432560233E-7,2.68205432560225E-4,5.23805432560109E-4,5.2691478456E-4,0.00680962049696,0.018485109352,0.060703909352,0.084610709352,0.0887868,0.0838408,0.0794,0.068704,0.0747524,0.092992,0.0956608,0.1062108,0.088842,0.0586312,0.0362124
8.76826826826827E-6,1.48994492E-152,1.48994492E-152,3.84287268E-152,1.862241E-134,9.893256E-119,8.97701879999999E-99,2.01439756E-98,7.993214E-73,2.16645120799321E-64,1.5649066451208E-60,1.64916895649066E-53,1.64916895652766E-53,2.20769720164917E-44,1.22857849720165E-41,9.72368685784971E-37,2.26740617236868E-30,2.29406703236869E-30,5.68050294067032E-25,5.71798056805029E-18,9.50420605680502E-17,1.79488620568048E-16,8.13982001794886E-8,1.77349480179489E-7,2.44977349480174E-4,4.78919589480084E-4,4.8166824548E-4,0.00642078684728,0.017559490896,0.058621490896,0.081717948656,0.0856656,0.0809776,0.0767704,0.0668872,0.073564,0.0918812,0.0944832,0.1052664,0.0882084,0.0582012,0.0359336
8.77677677677678E-6,3.90676296E-153,3.90676296E-153,1.007632888E-152,5.53875348E-135,3.29228588E-119,3.4596012E-99,7.763154E-99,3.7559976E-73,1.087781723756E-64,8.10316778172375E-61,9.04345361031677E-54,9.04345361050255E-54,1.30694360090434E-44,7.44403743600904E-42,6.15408244037436E-37,1.52158621540824E-30,1.53914631140824E-30,4.01362619146311E-25,4.34583240136262E-18,7.31174324013626E-17,1.38133792401361E-16,7.02170801381337E-8,1.52988320138134E-7,2.23984268320134E-4,4.37689308320065E-4,4.4011736912E-4,0.00605124715204,0.0166723643808,0.0565917331008,0.0788952280608,0.0826248,0.078184,0.0742004,0.0651112,0.0723956,0.0907784,0.0933128,0.1043196,0.0875744,0.0577728,0.035658
8.78528528528528E-6,1.021746616E-153,1.021746616E-153,2.635296056E-153,1.64340564E-135,1.09315304E-119,1.330568E-99,2.98571952E-99,1.761868E-73,5.45284641761868E-65,4.18918008464176E-61,4.95164561891801E-54,4.95164561901113E-54,7.72629200495164E-45,4.50429509200495E-42,3.88989344295092E-37,1.01987318898934E-30,1.03142497298934E-30,2.83273351424973E-25,3.29969828327335E-18,5.61965782832733E-17,1.06205058283272E-16,6.0525520106205E-8,1.31872520106205E-7,2.04542352520103E-4,3.9970463252005E-4,4.0184794732E-4,0.0057001874218,0.0158225160748,0.0546149055948,0.0761421433148,0.079664,0.0754596,0.07169,0.0633752,0.0712464,0.0896828,0.0921492,0.1033696,0.0869392,0.0573456,0.0353852
8.79379379379379E-6,2.66532624E-154,2.66532624E-154,6.87441884E-154,4.86446412E-136,3.62151988E-120,5.1069924E-100,1.14598172E-99,8.25022E-74,2.72892200825022E-65,2.16227329220082E-61,2.70713701622733E-54,2.70713701627394E-54,4.56122680270713E-45,2.72180962680271E-42,2.45557921809627E-37,6.82775445557921E-31,6.90365433557922E-31,1.99706890365433E-25,2.50291699970689E-18,4.31501969997069E-17,8.15779569997062E-17,5.21317200815779E-8,1.13584280081578E-7,1.86516824280079E-4,3.64684544280038E-4,3.6657514588E-4,0.00536652301416,0.0150084615616,0.0526900583216,0.0734582906016,0.076782,0.072804,0.0692396,0.0616796,0.0701164,0.0885948,0.0909928,0.1024168,0.0863028,0.0569196,0.0351156
8.8023023023023E-6,6.93482476E-155,6.93482476E-155,1.788633936E-154,1.43641896E-136,1.19708912E-120,1.956194E-100,4.38959448E-100,3.856582E-74,1.36347360385658E-65,1.11429462736039E-61,1.47780091142946E-54,1.47780091145275E-54,2.6889880014778E-45,1.64248538800148E-42,1.54814642485388E-37,4.56553754814642E-31,4.61534589614643E-31,1.4063682153459E-25,1.89666134063682E-18,3.31008893406368E-17,6.26012413406364E-17,4.48676400626012E-8,9.77574000626012E-8,1.70153237400061E-4,3.32709357400029E-4,3.343758458E-4,0.00505033097816,0.0142298780884,0.0508166226084,0.0708428664884,0.073978,0.070216,0.066848,0.0600232,0.0690048,0.0875144,0.0898444,0.1014624,0.085666,0.0564956,0.0348492
8.81081081081081E-6,1.79970844E-155,1.79970844E-155,4.64181776E-155,4.23140812E-137,3.94810348E-121,7.4778264E-101,1.6779866E-100,1.7996328E-74,6.80127601799632E-66,5.7331913276018E-62,8.05502137331913E-55,8.05502137343529E-55,1.5830424008055E-45,9.89825042400805E-43,9.74791098250424E-38,3.0492177747911E-31,3.0818639627911E-31,9.89288281863962E-26,1.43583409892883E-18,2.53676380989288E-17,4.79927060989285E-17,3.85862000479927E-8,8.40714800479927E-8,1.55278631480047E-4,3.03480991480023E-4,3.0494887788E-4,0.00475051029168,0.0134852648064,0.0489936702464,0.0682950678864,0.0712508,0.0676952,0.0645148,0.0584052,0.0679112,0.0864408,0.0887024,0.1005048,0.0850276,0.056072,0.0345852
8.81931931931932E-6,4.6585136E-156,4.6585136E-156,1.201527364E-155,1.24349836E-137,1.29920092E-121,2.85271524E-101,6.40134124E-101,8.3831844E-75,3.38704520838318E-66,2.94510590452084E-62,4.38392469451059E-55,4.38392469456844E-55,9.30662800438392E-46,5.95699102800438E-43,6.12989476991028E-38,2.03407741298948E-31,2.05544878098948E-31,6.95129655448781E-26,1.08590006951296E-18,1.9422488069513E-17,3.67578440695128E-17,3.31587600367578E-8,7.22462400367578E-8,1.41471526240036E-4,2.76500286240017E-4,2.7779230744E-4,0.00446615914868,0.0127733200612,0.0472207207812,0.0658148920212,0.0686,0.0652416,0.0622404,0.0568256,0.0668348,0.085374,0.0875672,0.0995444,0.084388,0.0556496,0.034324
8.82782782782783E-6,1.202742288E-156,1.202742288E-156,3.102117048E-156,3.64553588E-138,4.26570144E-122,1.08607252E-101,2.43708816E-101,3.8983348E-75,1.68398720389833E-66,1.51047279872039E-62,2.38234695104728E-55,2.38234695107604E-55,5.46371440238234E-46,3.58020851440238E-43,3.84978860208514E-38,1.35527918497886E-31,1.36925255697886E-31,4.87896169252557E-26,8.20438848789617E-19,1.48564028487896E-17,2.81259468487895E-17,2.84729200281259E-8,6.20368000281259E-8,1.28809076800027E-4,2.51755756800013E-4,2.528921648E-4,0.00419686369188,0.012093630128,0.045497683088,0.063401936408,0.0660248,0.0628544,0.0600236,0.0552828,0.0657748,0.0843136,0.0864384,0.0985816,0.0837476,0.0552284,0.0340656
8.83633633633634E-6,3.09725248E-157,3.09725248E-157,7.98844936E-157,1.0661894E-138,1.39743068E-122,4.126448E-102,9.2595276E-102,1.8096432E-75,8.35880001809643E-67,7.73451348000181E-63,1.29268447734513E-55,1.29268447735941E-55,3.20317640129268E-46,2.14883277640129E-43,2.41469628832776E-38,9.01928641469628E-32,9.11053797469629E-32,3.42064231053797E-26,6.19260434206423E-19,1.13528804342064E-17,2.15003964342063E-17,2.44305600215004E-8,5.32293200215004E-8,1.17204389320021E-4,2.2907770932001E-4,2.3007652732E-4,0.00394205209676,0.011444423298,0.043822472138,0.061054198818,0.0635228,0.0605316,0.0578636,0.0537768,0.0647308,0.0832596,0.0853164,0.0976164,0.0831056,0.054808,0.0338096
8.84484484484484E-6,7.95537836E-158,7.95537836E-158,2.051856448E-157,3.11074716E-139,4.56769092E-123,1.5646304E-102,3.51094928E-102,8.38592959999999E-76,4.14225200838593E-67,3.95421542520084E-63,7.00366719542154E-56,7.00366719549229E-56,1.87529840070037E-46,1.2879820984007E-43,1.51262167982098E-38,5.99512151262168E-32,6.05463951262168E-32,2.39555485463951E-26,4.66951223955548E-19,8.66726322395555E-18,1.64198032239555E-17,2.09460640164198E-8,4.56373280164198E-8,1.06576357328016E-4,2.08307797328008E-4,2.09185052128E-4,0.003700764106064,0.0108251394148,0.0421954086948,0.0587720772548,0.0610944,0.058274,0.0557604,0.0523068,0.0637024,0.0822112,0.0842004,0.0966484,0.082462,0.054388,0.033556
8.85335335335335E-6,2.03809704E-158,2.03809704E-158,5.256668E-158,9.05423479999999E-140,1.48966564E-123,5.9206016E-103,1.32855284E-102,3.8793072E-76,2.04935080387931E-67,2.01834533508039E-63,3.78881740183453E-56,3.78881740186953E-56,1.09636880037888E-46,7.70955168800378E-44,9.46324909551687E-39,3.98021214632491E-32,4.01898480232491E-32,1.6758056189848E-26,3.51755456758056E-19,6.61061545675805E-18,1.2527711456758E-17,1.79448000125277E-8,3.90982200125277E-8,9.68494982200121E-5,1.89298658220006E-4,1.9006859022E-4,0.00347245064542,0.010234429492,0.040614819092,0.056553569932,0.0587368,0.0560788,0.0537124,0.0508716,0.062688,0.081168,0.0830908,0.0956776,0.0818164,0.0539688,0.0333048
8.86186186186186E-6,5.20796704E-159,5.20796704E-159,1.343241444E-158,2.62902996E-140,4.84738164E-124,2.2358196E-103,5.01706376E-103,1.7914348E-76,1.01224120179143E-67,1.02857966412018E-63,2.04657370285797E-56,2.04657370287525E-56,6.40088120204657E-47,4.60851688120204E-44,5.91278288516881E-39,2.63934819127829E-32,2.66457559127829E-32,1.17100786457559E-26,2.64716571710079E-19,5.03715657171008E-18,9.54899657171005E-18,1.5361812009549E-8,3.3470432009549E-8,8.79535504320092E-5,1.71912990432004E-4,1.72588243232E-4,0.00325657288142,0.0096713547728,0.0390806346928,0.0543982752528,0.0564496,0.053946,0.0517196,0.0494708,0.0616884,0.0801308,0.081988,0.0947052,0.08117,0.0535508,0.0330564
8.87037037037037E-6,1.32736824E-159,1.32736824E-159,3.42355332E-159,7.61545236E-141,1.57380652E-124,8.426086E-104,1.89077132E-103,8.258334E-77,4.99158560825833E-68,5.23343755856082E-64,1.10381485233437E-56,1.1038148523429E-56,3.73180680110381E-47,2.7510974068011E-44,3.68965151097407E-39,1.74811196896515E-32,1.76450610896515E-32,8.17360164506109E-27,1.99017848173602E-19,3.8345322481736E-18,7.27152824817358E-18,1.31405640072715E-8,2.86307840072715E-8,7.9823070784007E-5,1.56023030784003E-4,1.56614820784E-4,0.00305260168022,0.00913418619,0.03759079175,0.05230459179,0.0542308,0.051874,0.0497816,0.0481048,0.0607032,0.0790992,0.0808916,0.0937304,0.0805212,0.0531328,0.03281
8.87887887887888E-6,3.37437984E-160,3.37437984E-160,8.7032124E-160,2.200656E-141,5.09826236E-125,3.1690852E-104,7.1112536E-104,3.8003956E-77,2.45742800380039E-68,2.65854774280038E-64,5.94442706585477E-57,5.94442706589674E-57,2.17267560059444E-47,1.64007427560059E-44,2.29943200074275E-39,1.1564446299432E-32,1.1670854179432E-32,5.69883967085418E-27,1.4947696569884E-19,2.91624056569884E-18,5.53192376569883E-18,1.12318880055319E-8,2.44721760055319E-8,7.23973121760053E-5,1.41510072176003E-4,1.42028342176E-4,0.002860017110288,0.00862320387,0.03614603103,0.05027291827,0.0520808,0.0498636,0.0478976,0.046772,0.0597312,0.0780724,0.0798004,0.0927528,0.0798704,0.0527152,0.0325656
8.88738738738739E-6,8.55610264E-161,8.55610264E-161,2.206795304E-160,6.34404712E-142,1.64785492E-125,1.18948552E-104,2.66913768E-104,1.745856E-77,1.20784288174586E-68,1.34837118428817E-64,3.19646173483712E-57,3.19646173485775E-57,1.26318640031965E-47,9.76411186400319E-45,1.43119256411186E-39,7.64122543119256E-33,7.71020643119257E-33,3.96896971020643E-27,1.1215716396897E-19,2.21573516396897E-18,4.20444556396896E-18,9.59310000420444E-9,2.09015800042044E-8,6.56199015800041E-5,1.28264021580002E-4,1.2871757838E-4,0.00267830798528,0.0081366966768,0.0347446976768,0.0483016535568,0.0499972,0.0479124,0.0460668,0.0454716,0.0587716,0.0770504,0.0787152,0.0917728,0.0792176,0.052298,0.0323232
8.8958958958959E-6,2.16390224E-161,2.16390224E-161,5.58114524E-161,1.82446472E-142,5.31423644E-126,4.4555524E-105,9.9980156E-105,8.0063072E-78,5.9268900080063E-69,6.8278278890008E-65,1.71622446827828E-57,1.7162244682884E-57,7.33391720171622E-48,5.80517111720171E-45,8.89646605171117E-40,5.0429300896466E-33,5.08759370564661E-33,2.7611366875937E-27,8.40719227611366E-20,1.68188152276114E-18,3.19244232276113E-18,8.18714800319244E-9,1.78382840031924E-8,5.94384382840031E-5,1.16182478284001E-4,1.16579116284E-4,0.002506970929136,0.007673761278,0.033386340678,0.046389996638,0.0479796,0.0460204,0.0442888,0.0442036,0.0578256,0.076034,0.0776368,0.090792,0.078564,0.0518816,0.0320832
8.9044044044044E-6,5.4585734E-162,5.4585734E-162,1.407877232E-161,5.23433848E-143,1.70997284E-126,1.6655674E-105,3.737441E-105,3.6652316E-78,2.90356200366523E-69,3.45193595620036E-65,9.20078474519359E-58,9.20078474524319E-58,4.25208120092008E-48,3.44675168120092E-45,5.52304526751681E-40,3.32418615230453E-33,3.35306951230453E-33,1.91874255306951E-27,6.29572419187425E-20,1.27542924191874E-18,2.42169484191874E-18,6.98190000242169E-9,1.52122800024217E-8,5.38044122800023E-5,1.05170732280001E-4,1.0551734428E-4,0.00234551036238,0.007233902132,0.032070112932,0.044537146612,0.0460264,0.0441864,0.0425628,0.0429672,0.0568916,0.0750224,0.076564,0.0898088,0.077908,0.0514652,0.0318448
8.91291291291291E-6,1.37340872E-162,1.37340872E-162,3.54230024E-162,1.49811364E-143,5.48989848E-127,6.2135616E-106,1.3942894E-105,1.6749976E-78,1.420112001675E-69,1.74240921120017E-65,4.92515737424092E-58,4.92515737426518E-58,2.46186040049251E-48,2.04370186040049E-45,3.4243788370186E-40,2.18861834243788E-33,2.20727402243788E-33,1.33187780727402E-27,4.70990013318778E-20,9.66276601331877E-19,1.83526260133188E-18,5.94951600183526E-9,1.29629160018353E-8,4.86728429160018E-5,9.51409229160009E-5,9.5443600516E-5,0.002193037651,0.0068158306376,0.0307947707576,0.0427415026776,0.044136,0.0424092,0.0408876,0.0417612,0.0559688,0.0740148,0.0754964,0.0888232,0.0772496,0.0510488,0.031608
8.92142142142142E-6,3.4466786E-163,3.4466786E-163,8.88967544E-163,4.27745496E-144,1.75859224E-127,2.31332784E-106,5.1909804E-106,7.6413796E-79,6.93427880764138E-70,8.78103342788076E-66,2.63245448781033E-58,2.63245448782218E-58,1.42338280026324E-48,1.21014578280026E-45,2.12044450145783E-40,1.43925301204445E-33,1.45128793204445E-33,9.23484251287931E-28,3.52004889234842E-20,7.31357688923484E-19,1.38950168892348E-18,5.0659080013895E-9,1.10377000013895E-8,4.40021577000013E-5,8.60117977000007E-5,8.627591914E-5,0.002049470853232,0.00641866488144,0.02955987376144,0.04100226412144,0.0423076,0.0406876,0.0392628,0.0405852,0.0550576,0.0730116,0.0744348,0.087836,0.0765892,0.0506324,0.0313728
8.92992992992993E-6,8.62741876E-164,8.62741876E-164,2.225186632E-163,1.21837872E-144,5.62071104E-128,8.5951072E-107,1.92869404E-106,3.479956E-79,3.38039680347995E-70,4.41823283968035E-66,1.40490484418233E-58,1.4049048441881E-58,8.2181960014049E-49,7.1559905960014E-46,1.3113359559906E-40,9.45338131133595E-34,9.53092471133596E-34,6.39607353092471E-28,2.62818886396073E-20,5.53021088639607E-19,1.05099788863961E-18,4.310228001051E-9,9.391212001051E-9,3.9753871212001E-5,7.77081912120005E-5,7.7938501772E-5,0.001914334191544,0.00604152911056,0.02836418463056,0.03931823031056,0.0405392,0.0390204,0.0376872,0.0394384,0.0541572,0.0720128,0.0733788,0.0868472,0.0759272,0.0502164,0.0311396
8.93843843843844E-6,2.15397E-164,2.15397E-164,5.55553164E-164,3.46206284E-145,1.79243564E-128,3.18699856E-107,7.15145816E-107,1.58204876E-79,1.64520840158205E-70,2.21952012084016E-66,7.48650662195201E-59,7.48650662198011E-59,4.73836080074865E-49,4.22585796080075E-46,8.09921425857961E-41,6.20181680992142E-34,6.25171859792143E-34,4.4250278517186E-28,1.96035924425028E-20,4.17769992442503E-19,7.94194712442502E-19,3.66446000079419E-9,7.98420800079419E-9,3.58924242080008E-5,7.01606242080004E-5,7.0361307488E-5,0.001787157643028,0.00568395332328,0.02720726888328,0.03768860068328,0.03883,0.0374072,0.0361604,0.0383204,0.0532672,0.0710184,0.072328,0.0858564,0.0752628,0.0498004,0.0309076
8.94694694694695E-6,5.36387336E-165,5.36387336E-165,1.38345316E-164,9.813962E-146,5.70325128E-129,1.179319E-107,2.64633048E-107,7.1797528E-80,7.99397120717975E-71,1.11320809971207E-66,3.98342051132081E-59,3.98342051133446E-59,2.72820120039834E-49,2.4921410012004E-46,4.99589972141001E-41,4.06380729958997E-34,4.09588156358997E-34,3.05799849588156E-28,1.46078363057998E-20,3.152943563058E-19,5.99561836305799E-19,3.11305600059956E-9,6.78280400059956E-9,3.23849828040006E-5,6.33049028040003E-5,6.3479644124E-5,0.001667476531068,0.00534427286132,0.02608749466132,0.03611177474132,0.0371784,0.035846,0.0346812,0.0372308,0.0523876,0.0700276,0.0712828,0.0848644,0.074596,0.049384,0.0306772
8.95545545545546E-6,1.332286536E-165,1.332286536E-165,3.436240216E-165,2.77530904E-146,1.81061916E-129,4.3551104E-108,9.7726288E-108,3.2526976E-80,3.8778484032527E-71,5.57445818484032E-67,2.11630845574458E-59,2.1163084557512E-59,1.56863400021163E-49,1.46771783400021E-46,3.07770187717834E-41,2.65968310777019E-34,2.68027359177019E-34,2.11094388027359E-28,1.08744242110944E-20,2.37726824211094E-19,4.52192064211094E-19,2.64260160045219E-9,5.75776960045219E-9,2.92013577696004E-5,5.70820377696002E-5,5.72340807296E-5,0.001555231438128,0.00502282832296,0.02500563272296,0.03458815204296,0.0355844,0.0343372,0.0332496,0.0361688,0.0515184,0.0690416,0.070244,0.0838716,0.073928,0.048968,0.0304484
8.96396396396396E-6,3.3006266E-166,3.3006266E-166,8.51299084E-166,7.82950876E-147,5.73532188E-130,1.60503348E-108,3.60160744E-108,1.47103248E-80,1.87804760147103E-71,2.78699420476015E-67,1.12265602786994E-59,1.12265602787315E-59,9.00663600112265E-50,8.63226263600112E-47,1.89356863226264E-41,1.73863578935686E-34,1.75183797735686E-34,1.45557695183798E-28,8.08719614555769E-21,1.79070556145558E-19,3.40717156145557E-19,2.24152400034072E-9,4.88389360034072E-9,2.63135638936003E-5,5.14373638936002E-5,5.15695616136E-5,0.0014495673200896,0.00471796467772,0.02395925599772,0.03311493219772,0.0340444,0.0328779536,0.0318635536,0.0351335536,0.0506587536,0.0680599536,0.0692108,0.0828776,0.0732576,0.0485516,0.0302208
8.97247247247247E-6,8.15592968E-167,8.15592968E-167,2.103582364E-166,2.20350764E-147,1.81265144E-130,5.903192E-109,1.32464332E-108,6.6411784E-81,9.08049920664117E-72,1.39115840499207E-67,5.94647213911584E-60,5.94647213913135E-60,5.16415520059465E-50,5.07013455520059E-47,1.16353107013455E-41,1.13519411635311E-34,1.14364874435311E-34,1.00256514364874E-28,6.00842410025651E-21,1.34757544100256E-19,2.56476304100256E-19,1.89986160025648E-9,4.13947640025648E-9,2.36959314764002E-5,4.63207154764001E-5,4.64355753564E-5,0.0013504336754948,0.00442963143588,0.02294873964388,0.03169211485988,0.0325592,0.03146883396,0.03052323396,0.03412523396,0.04980923396,0.06708283396,0.0681836,0.0818832,0.0725852,0.0481352,0.0299944
8.98098098098098E-6,2.01016412E-167,2.01016412E-167,5.18462332E-167,6.186598E-148,5.71606004E-131,2.16674456E-109,4.862057E-109,2.9930368E-81,4.38328520299303E-72,6.9330475285203E-68,3.14498046933047E-60,3.14498046933796E-60,2.9568768003145E-50,2.97390367680031E-47,7.14028573903677E-42,7.40310471402857E-35,7.45718170602858E-35,6.8977594571817E-29,4.45958406897759E-21,1.01313024068978E-19,1.92877784068977E-19,1.60904600019288E-9,3.50583760019288E-9,2.13248418376002E-5,4.16859258376001E-5,4.17856497976E-5,0.0012573840407516,0.00415658214396,0.02197286080796,0.03031849972396,0.0311268,0.03010806244,0.02922766244,0.03314246244,0.04896846244,0.06610926244,0.0671616,0.0808876,0.0719104,0.0477184,0.0297692
8.98948948948949E-6,4.94161176E-168,4.94161176E-168,1.274541544E-167,1.73277964E-148,1.79847852E-131,7.9368064E-110,1.7809758E-109,1.34655292E-81,2.11240720134655E-72,3.44968804072013E-68,1.66081843449688E-60,1.66081843450049E-60,1.69069040016608E-50,1.74199549040017E-47,4.3761858199549E-42,4.82214203761858E-35,4.85668821761858E-35,4.74047565668822E-29,3.30673084740475E-21,7.60958108474047E-20,1.44910250847405E-19,1.36170160014491E-9,2.96691640014491E-9,1.91785349164001E-5,3.74905029164001E-5,3.75770230364E-5,0.0011699756613348,0.00389837405612,0.02103079848812,0.02899288652012,0.029746,0.02879504616,0.02797584616,0.03218464616,0.04813624616,0.06513944616,0.0661444,0.0798904,0.0712328,0.0473008,0.0295444
8.997997997998E-6,1.211673464E-168,1.211673464E-168,3.125150144E-168,4.84164608E-149,5.64598588E-132,2.90136364E-110,6.51050444E-110,6.047552E-82,1.01634844060475E-72,1.71373043484406E-68,8.75731977137304E-61,8.7573197713904E-61,9.65365200087573E-51,1.01901256520009E-47,2.67866139012565E-42,3.13724386786614E-35,3.15928614786614E-35,3.25427435928615E-29,2.44948203254274E-21,5.71004420325427E-20,1.08767202032543E-19,1.15149560010877E-9,2.50891320010877E-9,1.72369929132001E-5,3.36953129132001E-5,3.37703233132E-5,0.0010881691718176,0.0036545678144,0.0201217333304,0.0277140750104,0.0284152,0.0275279788,0.0267659788,0.0312511788,0.0473123788,0.0641731788,0.0651324,0.0788928,0.0705528,0.0468828,0.0293208
9.00650650650651E-6,2.96333804E-169,2.96333804E-169,7.64305116E-169,1.34958244E-149,1.76848008E-132,1.05846424E-110,2.37513832E-110,2.7113136E-82,4.88196120271131E-73,8.49988019612027E-69,4.6106768849988E-61,4.61067688500714E-61,5.50445840046106E-51,5.95284045840046E-48,1.63750275284046E-42,2.03863176375027E-35,2.05267874375028E-35,2.23154205267874E-29,1.81267802231542E-21,4.28056780223154E-20,8.15602780223154E-20,9.7299320008156E-10,2.11998760008156E-9,1.54819439876001E-5,3.02646399876E-5,3.03296248676E-5,0.0010115286518744,0.00342432750488,0.01924484768088,0.02648086498488,0.0271336,0.02630628772,0.02559788772,0.03034188772,0.04649748772,0.06321108772,0.064126,0.0778948,0.0698704,0.046464,0.0290976
9.01501501501502E-6,7.22865212E-170,7.22865212E-170,1.8644152E-169,3.7528566E-150,5.52696392E-133,3.8536132E-111,8.6472988E-111,1.21345564E-82,2.34117640121345E-73,4.20912411764012E-69,2.42384404209124E-61,2.42384404209524E-61,3.13425720024238E-51,3.47281625720024E-48,9.99741472816257E-43,1.32315729997415E-35,1.33209814397415E-35,1.52853333209814E-29,1.34010321528533E-21,3.20587552152853E-20,6.11000272152853E-20,8.215320000611E-10,1.7899796000611E-9,1.38965219796001E-5,2.71655219796E-5,2.72217806596E-5,9.396209591276E-4,0.00320641999068,0.01839892525868,0.02529205625868,0.0258992,0.02512836872,0.02447076872,0.02945596872,0.04569036872,0.06225276872,0.0631248,0.0768964,0.0691856,0.0460448,0.0288752
9.02352352352352E-6,1.75877956E-170,1.75877956E-170,4.53625236E-170,1.04107244E-150,1.72345056E-133,1.4001594E-111,3.14188052E-111,5.4214036E-83,1.12088560054214E-73,2.08102368856005E-69,1.27230002081024E-61,1.27230002081215E-61,1.78217920012723E-51,2.02326057920013E-48,6.09587823260579E-43,8.57761660958782E-36,8.63445521758782E-36,1.04583486344552E-29,9.89751210458348E-22,2.39869672104583E-20,4.57284232104583E-20,6.93116400045728E-10,1.51018400004573E-9,1.2465326184E-5,2.4367858184E-5,2.4416527304E-5,8.72415834187599E-4,0.00300121501712,0.01758355120112,0.02414684866912,0.0247112,0.02399335804,0.02338295804,0.02859295804,0.04489135804,0.06129815804,0.0621288,0.075898,0.0684984,0.0456248,0.0286536
9.03203203203203E-6,4.26821488E-171,4.26821488E-171,1.100860144E-170,2.88108908E-151,5.36213308E-134,5.07697E-112,1.13924456E-111,2.4179328E-83,5.35765520241793E-74,1.02723641655202E-69,6.66836650272364E-62,6.66836650273279E-62,1.01196400006668E-51,1.17715596400007E-48,3.71215617155964E-43,5.55397917121561E-36,5.59006839921562E-36,7.1477535900684E-30,7.30273207147753E-22,1.79302812071477E-20,3.41910732071477E-20,5.84325200034191E-10,1.27314720003419E-9,1.11742451472E-5,2.18440691472E-5,2.18861421872E-5,8.09885557861999E-4,0.00280788486904,0.01679791189704,0.02304364207304,0.023568,0.02289959552,0.02233359552,0.02775199552,0.04410079552,0.06034839552,0.0611392,0.0749004,0.0678096,0.0452044,0.0284324
9.04054054054054E-6,1.033143296E-171,1.033143296E-171,2.664686976E-171,7.9540652E-152,1.66456864E-134,1.83717256E-112,4.12251572E-112,1.07651784E-83,2.55667920107652E-74,5.06257606792011E-70,3.48975445062576E-62,3.48975445063013E-62,5.73818040034897E-52,6.83956018040035E-49,2.25765723956018E-43,3.59190022576572E-36,3.61478680576573E-36,4.8797180147868E-30,5.38289204879718E-22,1.33900332048797E-20,2.55400092048797E-20,4.9223240002554E-10,1.07249280002554E-9,1.00103564928E-5,1.95689004928E-5,1.96052451728E-5,7.512047529404E-4,0.00262520417268,0.01604079488868,0.02198163634468,0.0224684,0.02184662444,0.02132262444,0.02693302444,0.04331782444,0.05940262444,0.0601548,0.0739028,0.0671184,0.0447832,0.0282116
9.04904904904905E-6,2.4943282E-172,2.4943282E-172,6.43338648E-172,2.1906752E-152,5.15576008E-135,6.6345804E-113,1.4887618E-112,4.784566E-84,1.21804952047846E-74,2.49103460495205E-70,1.82354122491035E-62,1.82354122491243E-62,3.24922760018235E-52,3.96858162760018E-49,1.37129556858163E-43,2.32020613712956E-36,2.33470232912956E-36,3.32765513470233E-30,3.96384763327655E-22,9.98987676332765E-21,1.90595127633276E-20,4.14336400019059E-10,9.02770400019059E-10,8.96184677040001E-6,1.75192667704E-5,1.75506403704E-5,6.96350226034E-4,0.0024531497376,0.0153121887936,0.0209604313736,0.021412,0.02083399128,0.02034879128,0.02613479128,0.04254159128,0.05845999128,0.0591752,0.0729056,0.0664252,0.0443616,0.0279916
9.05755755755756E-6,6.00657784E-173,6.00657784E-173,1.549219372E-172,6.01898324E-153,1.59334236E-135,2.39107144E-113,5.365438E-113,2.1227936E-84,5.79350800212279E-75,1.22375789508002E-70,9.51441532237578E-63,9.51441532238569E-63,1.83731120009514E-52,2.29961411120009E-49,8.31853899614111E-44,1.49696488318539E-36,1.50613545118539E-36,2.26673390613545E-30,2.91601002266734E-22,7.44596900226673E-21,1.42096690022667E-20,3.48500000014209E-10,7.5932400001421E-10,8.01792732400001E-6,1.5674075324E-5,1.5701138228E-5,6.45300789728E-4,0.002291700378904,0.014611283210904,0.019978427062904,0.0203972,0.01986004564,0.01941084564,0.02535724564,0.04177324564,0.05752164564,0.0582012,0.0719088,0.0657296,0.0439388,0.0277716
9.06606606606607E-6,1.44271028E-173,1.44271028E-173,3.72104776E-173,1.64978152E-153,4.913049E-136,8.5998376E-114,1.9297584E-113,9.4019252E-85,2.75109320094019E-75,6.00231230932009E-71,4.95671846002312E-63,4.95671846002782E-63,1.03748560004957E-52,1.33071988560005E-49,5.03969570719885E-44,9.64668450396957E-37,9.70462842396957E-37,1.54234337046284E-30,2.14304881542343E-22,5.54453688154234E-21,1.05837088815423E-20,2.92900000010584E-10,6.38181200010584E-10,7.16874618120001E-6,1.40140741812E-5,1.40374017972E-5,5.976371088972E-4,0.002139236763616,0.013936868655616,0.019034423327616,0.0194228,0.01892394024,0.01850874024,0.02459994024,0.04101234024,0.05658794024,0.0572332,0.0709132,0.0650324,0.0435156,0.0275516
9.07457457457457E-6,3.45630012E-174,3.45630012E-174,8.91450235999999E-174,4.51112884E-154,1.51153804E-136,3.086786E-114,6.9265808E-114,4.1569164E-85,1.30423584041569E-75,2.93933602358404E-71,2.57840482939336E-63,2.57840482939559E-63,5.85030160025784E-53,7.69007670160025E-50,3.0493240900767E-44,6.20908030493241E-37,6.24564726093241E-37,1.04828822456473E-30,1.57342361048288E-22,4.12470236104829E-21,7.87542156104829E-21,2.45982040007875E-10,5.35954680007875E-10,6.40531595468E-6,1.252169595468E-5,1.254178934668E-5,5.5294154336464E-4,0.001996141253392,0.013288536473392,0.018127620093392,0.0184872,0.01802443048,0.01764043048,0.02386203048,0.04025803048,0.05565803048,0.0562704,0.0699184,0.0643328,0.0430916,0.027332
9.08308308308308E-6,8.2589058E-175,8.2589058E-175,2.130141432E-174,1.23055448E-154,4.63994864E-137,1.10570696E-114,2.48114688E-114,1.83471768E-85,6.17297200183472E-76,1.43710132972002E-71,1.33922321437101E-63,1.33922321437207E-63,3.29435600013392E-53,4.43799955600013E-50,1.84265683799955E-44,3.99170938426568E-37,4.01475769626569E-37,7.11702401475769E-31,1.15406560711702E-22,3.0655105607117E-21,5.8545201607117E-21,2.06421280005854E-10,4.49758280005854E-10,5.71945375828E-6,1.118093775828E-5,1.119823281828E-5,5.11598026397E-4,0.00186159778306,0.01266547877906,0.01725681729506,0.01759,0.01716067452,0.01680627452,0.02314387452,0.03951187452,0.05473307452,0.0553136,0.0689248,0.0636312,0.0426664,0.027112
9.09159159159159E-6,1.96840256E-175,1.96840256E-175,5.0769114E-175,3.34867024E-155,1.42112692E-137,3.9526836E-115,8.8696012E-115,8.083726E-86,2.91688880080837E-76,7.01508768888008E-72,6.94545367015087E-64,6.94545367015586E-64,1.85250440006945E-53,2.55773770440007E-50,1.1120597577377E-44,2.56314451120597E-37,2.57765422720598E-37,4.82652497765423E-31,8.45641604826525E-23,2.27612416048265E-21,4.34800976048265E-21,1.73089960004348E-10,3.77135120004348E-10,5.10369713512E-6,9.97722113512E-6,9.99209681512E-6,4.7319192372516E-4,0.00173559171968,0.01206728839968,0.01642121487568,0.0167296,0.01633143316,0.01600463316,0.02244423316,0.03877263316,0.05381263316,0.0543628,0.0679324,0.0629276,0.0422404,0.026892
9.1001001001001E-6,4.67933908E-176,4.67933908E-176,1.206896108E-175,9.09078436E-156,4.34289744E-138,1.41013668E-115,3.16426652E-115,3.5554812E-86,1.37604476035555E-76,3.41889920447603E-72,3.59660923418899E-64,3.59660923419134E-64,1.04026520003597E-53,1.47210106520004E-50,6.70274632101065E-45,1.64387726702746E-37,1.65300049102746E-37,3.26955845300049E-31,6.19032003269558E-23,1.68838680032696E-21,3.22605400032696E-21,1.45029480003226E-10,3.15996160003226E-10,4.55125599616E-6,8.89727599616E-6,8.91006151216E-6,4.3730991648268E-4,0.001616909745516,0.011492358805516,0.015619212785516,0.0159044,0.0155354696,0.0152342696,0.0217626696,0.0380402696,0.0528966696,0.0534176,0.066942,0.062222,0.0418132,0.0266716
9.10860860860861E-6,1.109518568E-176,1.109518568E-176,2.861677288E-176,2.46198704E-156,1.32419396E-138,5.0205092E-116,1.1265744E-115,1.56109316E-86,6.48084880156109E-77,1.66359160848801E-72,1.85964841663591E-64,1.85964841663702E-64,5.83344720018596E-54,8.46119744720018E-51,4.03477846119744E-45,1.05304644034778E-37,1.05877580954778E-37,2.21239345877581E-31,4.52700402212393E-23,1.25121204022124E-21,2.39130204022124E-21,1.21424880002391E-10,2.64565560002391E-10,4.05596456556E-6,7.92904456556E-6,7.94002566956E-6,4.0393990424468E-4,0.001505939761104,0.010940684061104,0.014850410981104,0.015114,0.01477234928,0.01449474928,0.02109914928,0.03731474928,0.05198514928,0.052478,0.0659528,0.0615144,0.0413852,0.0264512
9.11711711711712E-6,2.62400192E-177,2.62400192E-177,6.76783948E-177,6.65162676E-157,4.02854964E-139,1.7838252E-116,4.00280508E-116,6.8423312E-87,3.04732720068423E-77,8.08191753272006E-73,9.60094968081917E-65,9.60094968082438E-65,3.26665400009601E-54,4.85666545400009E-51,2.42565285666545E-45,6.73765624256528E-38,6.77359263456529E-38,1.49538987735926E-31,3.3073452149539E-23,9.26344252149539E-22,1.77083785214954E-21,1.01584200001771E-10,2.21335960001771E-10,3.61220933596E-6,7.06155733596E-6,7.07098186796E-6,3.7307088028376E-4,0.001401470760532,0.010411058772532,0.014113209424532,0.0143568,0.01404043996,0.01378563996,0.02045323996,0.03659643996,0.05107843996,0.0515444,0.0649652,0.0608044,0.0409556,0.02623
9.12562562562562E-6,6.18975644E-178,6.18975644E-178,1.596465348E-177,1.79277204E-157,1.22284704E-139,6.3252164E-117,1.4193414E-116,2.9938032E-87,1.43051988029938E-77,3.92004145198803E-73,4.94930043920041E-65,4.94930043920286E-65,1.82674320004949E-54,2.78391874320005E-51,1.45639478391874E-45,4.30578454563948E-38,4.32829744163948E-38,1.00963683282974E-31,2.41390001009637E-23,6.85168200100963E-22,1.31010220010096E-21,8.49203200013101E-11,1.8502804000131E-10,3.21490102804E-6,6.28486902804E-6,6.29295179204E-6,3.4429286687172E-4,0.001303892766764,0.00990347805076399,0.013407208082764,0.01363200516,0.0133393166,0.0131049166,0.0198237166,0.0358845166,0.05017691144,0.0506176,0.0639812,0.060094,0.0405264,0.0260092
9.13413413413413E-6,1.45633768E-178,1.45633768E-178,3.75619124E-178,4.82036548E-158,3.70358604E-140,2.23827752E-117,5.02257556E-117,1.30763596E-87,6.70433720130763E-78,1.89833864337201E-73,2.54752201898339E-65,2.54752201898453E-65,1.02011280002547E-54,1.59362891280002E-51,8.73315193628912E-46,2.74838688733152E-38,2.76247321533152E-38,6.80916676247321E-32,1.76006840680917E-23,5.06296284068091E-22,9.68307084068092E-22,7.09355600009683E-11,1.54557480000968E-10,2.85942255748E-6,5.58994655748E-6,5.59687357348E-6,3.1759680263792E-4,0.001212396719016,0.009416337451016,0.012730406927016,0.01293782776,0.0126671632,0.0124519632,0.0192111632,0.0351803632,0.04928133544,0.0496976,0.063,0.059382,0.040096,0.0257876
9.14264264264264E-6,3.41766336E-179,3.41766336E-179,8.81486392E-179,1.29297816E-158,1.11917572E-140,7.9044564E-118,1.77371716E-117,5.7015624E-88,3.13693160057015E-78,9.17834489316005E-74,1.30929320917834E-65,1.30929320917888E-65,5.68874520013093E-55,9.11025674520013E-52,5.23004191025674E-46,1.75220725230042E-38,1.76101032030042E-38,4.58713416101032E-32,1.28206720458713E-23,3.73762072045871E-22,7.14994672045871E-22,5.9208400000715E-11,1.29005840000715E-10,2.54158620584E-6,4.96860940584E-6,4.97454164584E-6,2.9257448243744E-4,0.00112657441264,0.00894963295544,0.01208280593224,0.0122740832,0.0120241688,0.0118269688,0.0186149688,0.0344829688,0.0483908856,0.048784,0.0620212,0.0586684,0.0396648,0.0255656
9.15115115115115E-6,7.99976E-180,7.99976E-180,2.06330014E-179,3.45985688E-159,3.3744202E-141,2.78577828E-118,6.25113896E-118,2.4816792E-88,1.46535160024817E-78,4.43059413516002E-74,6.71895604430594E-66,6.71895604430845E-66,3.16796600006719E-55,5.20100556600006E-52,3.12810520100556E-46,1.11577123128105E-38,1.12126586928105E-38,3.08679232126587E-32,9.32960003086792E-24,2.75656520030868E-22,5.27441080030868E-22,4.93820800005274E-11,1.07595840000527E-10,2.25759919584E-6,4.41344359584E-6,4.41852024384E-6,2.6961847086176E-4,0.001046418412648,0.008502560921048,0.011463205076648,0.01163937296,0.01140851032,0.01122811032,0.01803451032,0.03379251032,0.04750553736,0.0478764,0.0610452,0.0579528,0.039232,0.0253428
9.15965965965966E-6,1.86768392E-180,1.86768392E-180,4.81714104E-180,9.23596148E-160,1.01514084E-141,9.79803759999999E-119,2.19863E-118,1.07830496E-88,6.8338452010783E-79,2.13534153845201E-74,3.44279922135341E-66,3.44279922135458E-66,1.76173680003443E-55,2.96521013680003E-52,1.86852696521014E-46,7.09656018685269E-39,7.1308143708527E-39,2.07487511308144E-32,6.78244802074875E-24,2.03106848020749E-22,3.88711208020749E-22,4.11550000003887E-11,8.96702800003887E-11,2.00403287028E-6,3.91774527028E-6,3.92208659028E-6,2.4832204543528E-4,9.7152199692E-4,0.00807471805372,0.01087120434132,0.01103348532,0.01082035308,0.01065515308,0.01746955308,0.03310875308,0.04662566776,0.0469752,0.0600728,0.0572368,0.0387992,0.02512
9.16816816816817E-6,4.34920336E-181,4.34920336E-181,1.121750152E-180,2.45959156E-160,3.0470538E-142,3.43914444E-119,7.71725724E-119,4.6771568E-89,3.18182440046771E-79,1.027495098244E-74,1.76143601027495E-66,1.76143601027549E-66,9.78359200017614E-56,1.68824875920002E-52,1.11470328824876E-46,4.50819411147033E-39,4.52952246747033E-39,1.39313965295225E-32,4.92584401393139E-24,1.49507684013931E-22,2.86194644013931E-22,3.42722400002862E-11,7.46738400002862E-11,1.77778067384E-6,3.47544267384E-6,3.47915249384E-6,2.284215182216E-4,9.0122147782E-4,0.00766504377182,0.01030494610982,0.01045433336,0.01025784632,0.01010704632,0.01691944632,0.03243224632,0.04575165536,0.0460808,0.0591036,0.0565192,0.0383648,0.024896
9.17667667667668E-6,1.010172856E-181,1.010172856E-181,2.605440264E-181,6.53430004E-161,9.1255376E-143,1.20470048E-119,2.70328368E-119,2.025194E-89,1.47902100020252E-79,4.93629070210002E-75,8.9984368493629E-67,8.99843684936543E-67,5.42564760008998E-56,9.59906564760009E-53,6.64142599906564E-47,2.86048526641426E-39,2.87374913841426E-39,9.34365487374913E-33,3.57392680934365E-24,1.09947606809344E-22,2.10512686809344E-22,2.85186640002105E-11,6.21377040002105E-11,1.576039737704E-6,3.081059337704E-6,3.084227225704E-6,2.0990651870704E-4,8.35506485088E-4,0.007273130507488,0.009764025487888,0.009901464,0.009720522,0.009582922,0.016383722,0.031762122,0.04488268032,0.0451924,0.0581376,0.0558004,0.0379296,0.0246716
9.18518518518518E-6,2.34023852E-182,2.34023852E-182,6.03595912E-182,1.73178448E-161,2.72686812E-143,4.2113852E-120,9.4501176E-120,8.7537664E-90,6.86372000087537E-80,2.36770903720001E-75,4.58999842367709E-67,4.58999842367826E-67,3.0047040000459E-56,5.45046750400004E-53,3.9518910504675E-47,1.81283923951891E-39,1.82107783551891E-39,6.25974982107783E-33,2.59048760625975E-24,8.07774476062597E-23,1.5469496760626E-22,2.37127920001547E-11,5.16664840001547E-11,1.396278466484E-6,2.729640866484E-6,2.732344032084E-6,1.93002160319292E-4,7.742021323656E-4,0.0068984059055656,0.0092474725431656,0.00937384496,0.00920709922,0.00908149922,0.01586189922,0.03109869922,0.0440195241,0.0443108,0.0571756,0.0550808,0.0374936,0.0244464
9.19369369369369E-6,5.40758888E-183,5.40758888E-183,1.394731948E-182,4.5787208E-162,8.1300756E-144,1.4692266E-120,3.29686284E-120,3.7771784E-90,3.18003880037772E-80,1.133872160388E-75,2.33777921133872E-67,2.33777921133927E-67,1.66168320002338E-56,3.09065968320002E-53,2.34849829065968E-47,1.14752242348498E-39,1.15263341308498E-39,4.18904995263341E-33,1.87580920418905E-24,5.9289409204189E-23,1.13567929204189E-22,1.97016800001136E-11,4.29268960001136E-11,1.236210526896E-6,2.416720526896E-6,2.419025479696E-6,1.77118325778016E-4,7.167183025528E-4,0.0065398821349528,0.0087539016249528,0.00887003176,0.0087167019,0.0086023019,0.0153539019,0.0304423019,0.04316296946,0.0434368,0.056218,0.0543612,0.0370576,0.0242208
9.2022022022022E-6,1.24631778E-183,1.24631778E-183,3.21451154E-183,1.20767684E-162,2.41853596E-144,5.1152852E-121,1.1478418E-120,1.6269898E-90,1.4709323601627E-80,5.42133389323601E-76,1.18888440542133E-67,1.18888440542159E-67,9.17678880011888E-57,1.75017407888001E-53,1.39385655017408E-47,7.25513213938565E-40,7.28680053938566E-40,2.80022472868005E-33,1.35695720280022E-24,4.34757172028002E-23,8.32945772028002E-23,1.63564880000833E-11,3.56382760000833E-11,1.093775638276E-6,2.138271238276E-6,2.140235219076E-6,1.62450658862588E-4,6.636506395808E-4,0.0061981568995808,0.0082839124039808,0.00839056864,0.00824965864,0.00814525864,0.01486005864,0.02979365864,0.04231340044,0.0425708,0.0552656,0.0536412,0.0366208,0.0239944
9.21071071071071E-6,2.86504912E-184,2.86504912E-184,7.3895514E-184,3.1777058E-163,7.17853096E-145,1.77733316E-121,3.9882396E-121,6.9959272E-91,6.79265280069959E-81,2.58795272652801E-76,6.03700762587952E-68,6.03700762588069E-68,5.06092440006037E-57,9.89745292440005E-54,8.26203789745292E-48,4.58154368262038E-40,4.60114189462038E-40,1.86977126011419E-33,9.80652001869771E-25,3.18492600018698E-23,6.10322840018698E-23,1.3568872000061E-11,2.9564496000061E-11,9.67117964495999E-7,1.890664764496E-6,1.892337002896E-6,1.49038923434024E-4,6.142389074384E-4,0.0058712718190384,0.0078351482722384,0.00793304676,0.007803502384,0.007708302384,0.014379102384,0.029151102384,0.041469202224,0.0417112,0.0543168,0.05292,0.0361832,0.0237672
9.21921921921922E-6,6.5692286E-185,6.5692286E-185,1.69434024E-184,8.34128512E-164,2.125902E-145,6.1628984E-122,1.38292228E-121,3.0029672E-91,3.1316564003003E-81,1.233426636564E-76,3.06089721233426E-68,3.0608972123348E-68,2.78718320003061E-57,5.58956358320003E-54,4.89100798956358E-48,2.88975364891008E-40,2.90186734091008E-40,1.24710309018673E-33,7.08002401247103E-25,2.33095664012471E-23,4.46769984012471E-23,1.12477200000447E-11,2.45070760000447E-11,8.54566907076E-7,1.670634907076E-6,1.672057711476E-6,1.36657566463756E-4,5.678575532044E-4,0.0055594030108044,0.0074077869428044,0.00749759476,0.007378570248,0.007292170248,0.013911370248,0.028515770248,0.040631961008,0.0408592,0.0533728,0.0521984,0.0357448,0.0235388
9.22772772772773E-6,1.502371316E-185,1.502371316E-185,3.874924956E-185,2.18428636E-164,6.28171244E-146,2.13265176E-122,4.785558E-122,1.28676584E-91,1.44143796012868E-81,5.86919774379601E-77,1.5496044058692E-68,1.54960440586944E-68,1.5328428000155E-57,3.15242724280001E-54,2.89168915242724E-48,1.82050602891689E-40,1.82798438091689E-40,8.30872182798438E-34,5.10652400830872E-25,1.70432404008309E-23,3.26730724008309E-23,9.31648400003267E-12,2.02992080000327E-11,7.54619499208E-7,1.475244299208E-6,1.476454000808E-6,1.25234204684324E-4,5.248341937016E-4,0.0052616795945016,0.0070005589697016,0.007082897,0.00697360332,0.00689520332,0.01345640332,0.02788760332,0.03980166408,0.04001492636,0.05243412636,0.05147732636,0.03530652636,0.02331012636
9.23623623623623E-6,3.42704328E-186,3.42704328E-186,8.83905008E-186,5.70613268E-165,1.85198548E-146,7.364988E-123,1.65266376E-122,5.5041944E-92,6.62376160055042E-82,2.788376237616E-77,7.83317602788376E-69,7.8331760278849E-69,8.41833520007833E-58,1.77551463352001E-54,1.70744497551463E-48,1.14552721707445E-40,1.15013831827445E-40,5.52949315013832E-34,3.67948320552949E-25,1.24495123205529E-23,2.38713683205529E-23,7.71092400002387E-12,1.68009400000239E-11,6.6592480094E-7,1.30185200094E-6,1.30287977414E-6,1.14700992063216E-4,4.851009829732E-4,0.0049784350749732,0.0066133991477732,0.00668884492,0.006588546412,0.006517346412,0.013013746412,0.027266946412,0.038978699612,0.03917885516,0.05150125516,0.05075645516,0.03486765516,0.02308045516
9.24474474474474E-6,7.7972302E-187,7.7972302E-187,2.011064548E-186,1.48707044E-165,5.44783712E-147,2.53829312E-123,5.69579352E-123,2.3503436E-92,3.03879280023503E-82,1.322608347928E-77,3.95366801322608E-69,3.9536680132266E-69,4.61691040003953E-58,9.98655291040003E-55,1.00689259865529E-48,7.19946410068926E-41,7.22786110468926E-41,3.67582472278611E-34,2.64861720367582E-25,9.08521772036758E-24,1.74239417203676E-23,6.37716400001742E-12,1.38948800000174E-11,5.8726989488E-7,1.14808629488E-6,1.14895886888E-6,1.04994312491716E-4,4.47794304974E-4,0.004707607048974,0.006243846232574,0.00631293652,0.00622094784,0.00615654784,0.01258254784,0.02665294784,0.03816225668,0.03834993788,0.05057313788,0.05003513788,0.03442793788,0.02284953788
9.25325325325325E-6,1.769460984E-187,1.769460984E-187,4.563803664E-187,3.86613244E-166,1.59895276E-147,8.7302856E-124,1.95903124E-123,1.0018756E-92,1.39182508010019E-82,6.26351598250801E-78,1.99254360626352E-69,1.99254360626375E-69,2.52855800001992E-58,5.60942935800002E-55,5.93008880942935E-49,4.51937045930089E-41,4.53683711530089E-41,2.44086005368371E-34,1.90468360244086E-25,6.62370436024408E-24,1.27056523602441E-23,5.2700600000127E-12,1.14826680000127E-11,5.17565482668E-7,1.011818282668E-6,1.012558557868E-6,9.60547132878079E-5,4.132547070752E-4,0.0044499371530752,0.0058926429002752,0.00595587636,0.005871559384,0.005813159384,0.012163159384,0.026046359384,0.037353125184,0.03752871844,0.04965071844,0.04931431844,0.03398791844,0.02261791844
9.26176176176176E-6,4.00517036E-188,4.00517036E-188,1.033016844E-187,1.002718376E-166,4.68245768E-148,2.9966366E-124,6.72428852E-124,4.2632392E-93,6.36436720042632E-83,2.961506443672E-78,1.00267708296151E-69,1.00267708296162E-69,1.38290120001003E-58,3.14655090120001E-55,3.4880411465509E-49,2.83359763488041E-41,2.84432803888041E-41,1.6190102844328E-34,1.36834880161901E-25,4.8244628801619E-24,9.2561188801619E-24,4.35181200000925E-12,9.48194800000926E-12,4.55835481948E-7,8.91139481948E-7,8.91767063148E-7,8.7826482711336E-5,3.810264775812E-4,0.0042041706515812,0.0055585353475812,0.00561637484,0.005539135916,0.005486335916,0.011755535916,0.025447135916,0.036551695796,0.0367161336,0.0487349336,0.0485945336,0.0335481336,0.0223857336
9.27027027027027E-6,9.04234431999999E-189,9.04234432E-189,2.332203608E-188,2.594402E-167,1.36816108E-148,1.02649428E-124,2.30339864E-124,1.81096536E-93,2.90544720018109E-83,1.398024774472E-78,5.03802001398025E-70,5.03802001398075E-70,7.55274960005038E-59,1.76263967496E-55,2.04900936263967E-49,1.77451762049009E-41,1.78110164609009E-41,1.07269177811016E-34,9.82068801072691E-26,3.51058368010727E-24,6.73662648010727E-24,3.59080400000674E-12,7.82382800000674E-12,4.01204623828E-7,7.84339023828E-7,7.84870682228E-7,8.0257507091424E-5,3.514575028584E-4,0.0039710563060584,0.0052414731716584,0.00529434808,0.005223635336,0.005175940176,0.011359140176,0.024855940176,0.035758664736,0.03591249164,0.0478257868,0.0478753868,0.0331077868,0.0221521868
9.27877877877878E-6,2.036194512E-189,2.036194512E-189,5.251756032E-189,6.69658076E-168,3.9886618E-149,3.5091084E-125,7.87425008E-125,7.6793528E-94,1.32421392007679E-83,6.589074021392E-79,2.52757200658907E-70,2.5275720065893E-70,4.11923000002527E-59,9.86061923000002E-56,1.20212058606192E-49,1.10995441202121E-41,1.11398934842121E-41,7.09933711398934E-35,7.04138400709933E-26,2.55206864007099E-24,4.89820984007099E-24,2.9606004000049E-12,6.4507084000049E-12,3.528896507084E-7,6.898852507084E-7,6.903353219084E-7,7.32991723613079E-5,3.236991688712E-4,0.0037485462856712,0.0049398092900712,0.00498811764,0.004923418336,0.004880448776,0.010973648776,0.024271648776,0.034972539976,0.03511635556,0.04692252512,0.04715692512,0.03266732512,0.02191812512
9.28728728728729E-6,4.5733772E-190,4.5733772E-190,1.179566008E-189,1.72434436E-168,1.1602268E-149,1.1971668E-125,2.68637752E-125,3.2507408E-94,6.02547080032507E-84,3.100567454708E-79,1.26617040310057E-70,1.26617040310067E-70,2.24348560001266E-59,5.50879908560001E-56,7.04358350879908E-50,6.93446407043583E-42,6.95916148643584E-42,4.69331669591615E-35,5.04365200469331E-26,1.85348132004693E-24,3.55806532004693E-24,2.43912760000356E-12,5.31450000000356E-12,3.101893145E-7,6.064081145E-7,6.067888433E-7,6.69060664041723E-5,2.980055035288E-4,0.0035372953195288,0.0046537991007288,0.00469790964,0.004638747756,0.004600008836,0.010598808836,0.023694808836,0.034194697916,0.03432907436,0.04602631384,0.04644031384,0.03222751384,0.02168351384
9.2957957957958E-6,1.024552924E-190,1.024552924E-190,2.642530608E-190,4.42946812E-169,3.36731708E-150,4.07596088E-126,9.14623768E-126,1.3736776E-94,2.73722760013737E-84,1.456683852276E-79,6.33324201456683E-71,6.33324201456731E-71,1.22018800000633E-59,3.073422588E-56,4.12174907342259E-50,4.32715444121749E-42,4.34225298521749E-42,3.0992752342253E-35,3.60913320309927E-26,1.34482453203099E-24,2.58209213203099E-24,2.00796600000258E-12,4.37506200000258E-12,2.72477175062E-7,5.32682375062E-7,5.33004212262E-7,6.1035802204296E-5,2.741683998372E-4,0.0033362959270372,0.0043820357218372,0.0044222898,0.004368223728,0.004333559128,0.010234359128,0.023125959128,0.033425304728,0.03355078764,0.04513671964,0.04572431964,0.03178671964,0.02144711964
9.3043043043043E-6,2.2893464E-191,2.2893464E-191,5.90469248E-191,1.135104716E-169,9.7510292E-151,1.38491568E-126,3.10767604E-126,5.7947164E-95,1.24141744005795E-84,6.832780541744E-80,3.16304600683278E-71,3.16304600683299E-71,6.62716200003163E-60,1.7123791162E-56,2.40885771237911E-50,2.69695642408858E-42,2.70617550808858E-42,2.04436827061755E-35,2.58007120204437E-26,9.74822312020443E-25,1.87202231202044E-24,1.65175280000187E-12,3.59892520000187E-12,2.391926789252E-7,4.676128789252E-7,4.678847373252E-7,5.56488030855724E-5,2.523702011384E-4,0.0031457310120584,0.0041247025918584,0.00416141596,0.004112036364,0.004080830644,0.009880030644,0.022564430644,0.032664117004,0.03278122612,0.04425451044,0.04501051044,0.03134691044,0.02121051044
9.31281281281281E-6,5.10231796E-192,5.10231796E-192,1.3159938E-191,2.90186028E-170,2.81736844E-151,4.696062E-127,1.05377116E-126,2.4401872E-95,5.62097080024402E-85,3.199900609708E-80,1.5773576031999E-71,1.5773576032E-71,3.59438040001577E-60,9.52772638040001E-57,1.40599095277264E-50,1.67891241405991E-42,1.68453466245991E-42,1.34702896845347E-35,1.84260280134703E-26,7.0594042801347E-25,1.35591282801347E-24,1.35768720000136E-12,2.95820040000136E-12,2.098361582004E-7,4.102224382004E-7,4.104519129604E-7,5.07083305552732E-5,2.3198156895476E-4,0.00296417173575476,0.00388037134947476,0.00391383596,0.003868763548,0.003840842148,0.009535642148,0.022010042148,0.031910577308,0.03201980736,0.04337885552,0.04429805552,0.03090725552,0.02097325552
9.32132132132132E-6,1.134233896E-192,1.134233896E-192,2.925422796E-192,7.40072872E-171,8.1219728E-152,1.58913824E-127,3.5659426E-127,1.02578768E-95,2.54092760010258E-85,1.496178169276E-80,7.85417201496178E-72,7.85417201496222E-72,1.94677960000785E-60,5.29408677960001E-57,8.19587729408678E-51,1.04391360819588E-42,1.04733814459588E-42,8.86570904733814E-36,1.31462680088657E-26,5.10731868008865E-25,9.81146668008866E-25,1.11511960000098E-12,2.42968280000098E-12,1.839619896828E-7,3.596395896828E-7,3.598331485628E-7,4.61800720334432E-5,2.1316199071888E-4,0.00279217803115888,0.00364920235355888,0.00367968792,0.0036385716,0.00361359408,0.00920119408,0.02146359408,0.03116590832,0.0312677298,0.0425105254,0.0435865254,0.0304669254,0.0207341254
9.32982982982983E-6,2.51488812E-193,2.51488812E-193,6.48640748E-193,1.88290028E-171,2.33618244E-152,5.3667056E-128,1.20425864E-127,4.3046452E-96,1.14672888004305E-85,6.984525472888E-81,3.90494360698452E-72,3.90494360698472E-72,1.0529472000039E-60,2.9376869472E-57,4.77145293768695E-51,6.48310804771453E-43,6.50394158771453E-43,5.82865265039416E-36,9.37008400582865E-27,3.69147924005828E-25,7.09279724005828E-25,9.15187600000709E-13,1.99406000000071E-12,1.6117231406E-7,3.1508679406E-7,3.1524994038E-7,4.20321290251924E-5,1.9576100794632E-4,0.00262879983762632,0.00342984592314632,0.00345760144,0.003420116416,0.003397812336,0.008876212336,0.020925012336,0.030430056656,0.0305249166,0.0416498918,0.0428770918,0.0300270918,0.0204942918
9.33833833833834E-6,5.56178088E-194,5.56178088E-194,1.434494708E-193,4.77900304E-172,6.70465556E-153,1.80871772E-128,4.05867108E-128,1.80327064E-96,5.16674800018032E-86,3.25535246748E-81,1.93854120325535E-72,1.93854120325544E-72,5.68712600001938E-61,1.6279163126E-57,2.77426242791631E-51,4.02146242774262E-43,4.03412124374263E-43,3.82772960341212E-36,6.67200000382773E-27,2.66557160003828E-25,5.12250680003828E-25,7.50525200000512E-13,1.63528520000051E-12,1.411131152852E-7,2.758719152852E-7,2.760093279652E-7,3.823484857744E-5,1.7968348769268E-4,0.00247394237621268,0.00322260761741268,0.00324786284,0.003213708856,0.003193827176,0.008561027176,0.020394227176,0.029703371816,0.02979169464,0.04079772768,0.04217052768,0.02958852768,0.02025412768
9.34684684684685E-6,1.22683614E-194,1.22683614E-194,3.164260688E-194,1.210051304E-172,1.91987952E-153,6.0834712E-129,1.36510028E-128,7.5409764E-97,2.32413080007541E-86,1.514839841308E-81,9.60905001514839E-73,9.6090500151488E-73,3.06743320000961E-61,9.00889183320001E-58,1.61096730088918E-51,2.49153721610967E-43,2.49921954810967E-43,2.51091944992195E-36,4.74612800251092E-27,1.92292368002511E-25,3.69597328002511E-25,6.15017200000369E-13,1.34003280000037E-12,1.234693800328E-7,2.413790600328E-7,2.414947144728E-7,3.47606940994556E-5,1.6483729337444E-4,0.00232711382533444,0.00302619591565444,0.003049162684,0.003018062344,0.003000372784,0.008254372784,0.019871172784,0.0289850059,0.02906719428,0.03995280724,0.04146560724,0.02914960724,0.02001280724
9.35535535535536E-6,2.69922868E-195,2.69922868E-195,6.96185744E-195,3.05651736E-173,5.48524256E-154,2.04197912E-129,4.58209252E-129,3.1480388E-97,1.04373628003148E-86,7.037900373628E-82,4.7558888070379E-73,4.75588880703808E-73,1.65216800000476E-61,4.978769768E-58,9.34258497876976E-52,1.54181800934258E-43,1.54647453414259E-43,1.64529175464745E-36,3.37282560164529E-27,1.38585105601645E-25,2.66413825601645E-25,5.03588800000266E-13,1.09724640000027E-12,1.079607772464E-7,2.110602572464E-7,2.111575282864E-7,3.15840770246976E-5,1.5113599643104E-4,0.00218822803675104,0.00284052493727104,0.002861398416,0.002833095656,0.002817387176,0.007956587176,0.019356187176,0.0282761136,0.0283525492,0.03911630576,0.04076350576,0.02871150576,0.01977070576
9.36386386386386E-6,5.92341888E-196,5.92341888E-196,1.527767564E-195,7.7020438E-174,1.56366604E-154,6.840184E-130,1.53490064E-129,1.31188508E-97,4.67958840013119E-87,3.264575595884E-82,2.35032520326457E-73,2.35032520326466E-73,8.8864728000235E-62,2.74780304728E-58,5.41114834780304E-52,9.52974805411148E-44,9.55793837011149E-44,1.07688929557938E-36,2.39452320107689E-27,9.97821632010768E-26,1.91851883201077E-25,4.12032400000192E-13,8.97758400000192E-13,9.43381377584E-8,1.844284577584E-7,1.845102082784E-7,2.8681269796246E-5,1.3849858931052E-4,0.00205640425207052,0.00266471416175052,0.002683674056,0.002657932644,0.002644012124,0.007667612124,0.018849212124,0.027576652148,0.0276476964,0.0382885996,0.0400645996,0.0282745996,0.0195281996
9.37237237237237E-6,1.296533444E-196,1.296533444E-196,3.344022204E-196,1.93616252E-174,4.44751288E-155,2.2866612E-130,5.13114628E-130,5.4575248E-98,2.09465400005457E-87,1.51188246654E-82,1.15976208151188E-73,1.15976208151192E-73,4.77310600001159E-62,1.5144717106E-58,3.13006791447171E-52,5.88316083130068E-44,5.90020623530068E-44,7.04074059002062E-37,1.69830240070407E-27,7.1774742400704E-26,1.38024622400704E-25,3.36862800000138E-13,7.33975200000138E-13,8.23802939752E-8,1.610512539752E-7,1.611199107352E-7,2.60303195738724E-5,1.2684919917676E-4,0.00193196681961676,0.00249908814865676,0.002516299844,0.0024929019564,0.0024805928364,0.0073869928364,0.0183501928364,0.0268865810724,0.02695257604,0.03746966628,0.03936886628,0.02783846628,0.01928486628
9.38088088088088E-6,2.83057272E-197,2.83057272E-197,7.30062728E-197,4.85550104E-175,1.26216548E-155,7.6287556E-131,1.71184988E-130,2.26641492E-98,9.36060560022664E-88,6.990621206056E-83,5.71419200699062E-74,5.71419200699078E-74,2.56017200000571E-62,8.335821372E-59,1.80825483358214E-52,3.62763281808255E-44,3.63792681408255E-44,4.59815716379268E-37,1.20332080045982E-27,5.15789608004598E-26,9.92038408004598E-26,2.75195720000099E-13,5.99611720000099E-13,7.189091961172E-8,1.4054483961172E-7,1.4060245809172E-7,2.3610766182896E-5,1.1611668585848E-4,0.00181444479553848,0.00234277614161848,0.002358391684,0.0023371367292,0.0023262777692,0.0071146777692,0.0178590777692,0.0262058621692,0.02626713128,0.03665948432,0.03867668432,0.02740388432,0.01904148432
9.38938938938939E-6,6.16373452E-198,6.16373452E-198,1.58975512E-197,1.214737456E-175,3.5738968E-156,2.53993772E-131,5.69948396E-131,9.39567439999999E-99,4.17621800009395E-88,3.22716696218E-83,2.81116520322717E-74,2.81116520322724E-74,1.37130360000281E-62,4.5819289036E-59,1.04329645819289E-52,2.23417801043296E-44,2.24038714083297E-44,2.99963102403871E-37,8.51764800299963E-28,3.70301928002999E-26,7.12331048003E-26,2.24645080000071E-13,4.89469440000071E-13,6.269592946944E-8,1.2256892946944E-7,1.2261724938944E-7,2.14038050247443E-5,1.0623460475992E-4,0.00170297190931992,0.00219491203631992,0.002209071184,0.0021897744348,0.0021802185948,0.0068506185948,0.0173762185948,0.0255352593988,0.02559210824,0.03585843328,0.03798763328,0.02697003328,0.01879683328
9.3978978978979E-6,1.338736312E-198,1.338736312E-198,3.452876408E-198,3.03171396E-176,1.0097012E-156,8.4393564E-132,1.89374816E-131,3.8883012E-99,1.86015720003888E-88,1.487423281572E-83,1.38090360148742E-74,1.38090360148746E-74,7.3349088000138E-63,2.51513189088E-59,6.01170371513189E-53,1.3743408060117E-44,1.3780814488117E-44,1.95465533780814E-37,6.02321600195465E-28,2.65595776001955E-26,5.10994656001955E-26,1.83239400000051E-13,3.99252560000051E-13,5.464107925256E-8,1.0682195925256E-7,1.0686245193256E-7,1.93919422686931E-5,9.714082205268E-5,0.00159748618137268,0.00205543400049268,0.00206826508,0.0020507566264,0.0020423699464,0.0065947699464,0.0169015699464,0.0248743388264,0.02492705592,0.03506649372,0.03730209372,0.02653729372,0.01855169372
9.40640640640641E-6,2.90017892E-199,2.90017892E-199,7.48015136E-199,7.54830992E-177,2.84622728E-157,2.79843028E-132,6.27952252E-132,1.60633604E-99,8.27185080016063E-89,6.844705518508E-84,6.7730736068447E-75,6.77307360684485E-75,3.91788760000677E-63,1.37874898876E-59,3.45962617874899E-53,8.44410803459626E-45,8.46661573859627E-45,1.27230408466616E-37,4.2550820012723E-28,1.90312922001272E-26,3.66211442001272E-26,1.49350880000037E-13,3.25414360000037E-13,4.758980541436E-8,9.303692541436E-8,9.307083421436E-8,1.75590586848635E-5,8.87772185088E-5,0.0014979296290288,0.0019238841819088,0.001935504956,0.0019196285768,0.0019122891768,0.0063462891768,0.0164346891768,0.0242230683688,0.02427192588,0.03428364712,0.03662084712,0.02610644712,0.01830644712
9.41491491491492E-6,6.2666266E-200,6.2666266E-200,1.616289692E-199,1.8748512E-177,8.00521012E-158,9.2605472E-133,2.07801508E-132,6.6245564E-100,3.67234200006624E-89,3.14472432342E-84,3.31705600314472E-75,3.31705600314479E-75,2.08980400000332E-63,7.547831004E-60,1.9883955547831E-53,5.18197401988395E-45,5.19550052788396E-45,8.27237651955005E-38,3.00302280082724E-28,1.36237902800827E-26,2.62197702800827E-26,1.21636320000026E-13,2.65028240000026E-13,4.142122502824E-8,8.097750502824E-8,8.100587990424E-8,1.58902177582679E-5,8.1089617614876E-5,0.00140384819665488,0.00179980864037488,0.00181032712,0.0017959393212,0.0017895364012,0.0061051364012,0.0159751364012,0.0235806178932,0.02362587236,0.03350907588,0.03594267588,0.02567667588,0.01806067588
9.42342342342342E-6,1.350583052E-200,1.350583052E-200,3.483425184E-200,4.64559384E-178,2.24646868E-158,3.0582686E-133,6.86258816E-133,2.7272276E-100,1.62768740002727E-89,1.442505596874E-84,1.6220544014425E-75,1.62205440144253E-75,1.11315440000162E-63,4.1263971544E-60,1.14134881263971E-53,3.17628081141349E-45,3.18439992341349E-45,5.37264551843999E-38,2.11728960053726E-28,9.74339296005372E-27,1.87545809600537E-26,9.89886400000187E-14,2.15682080000019E-13,3.602853568208E-8,7.043493568208E-8,7.045866259408E-8,1.43716905636054E-5,7.4027450446912E-5,0.00131479142212691,0.00168275701572691,0.001692272188,0.0016792411964,0.0016736742364,0.0058716742364,0.0155240742364,0.0229485590404,0.02299045216,0.03274396336,0.03526836336,0.02524796336,0.01781396336
9.43193193193193E-6,2.903272E-201,2.903272E-201,7.48813268E-201,1.14834386E-178,6.290067E-159,1.00793652E-133,2.26175424E-133,1.12080364E-100,7.20255960011208E-90,6.606326025596E-85,7.91997520660632E-76,7.91997520660645E-76,5.92110320000792E-64,2.25284851032E-60,6.54296705284851E-54,1.94457760654297E-45,1.94944505174297E-45,3.4854957949445E-38,1.49132640034855E-28,6.96152064003485E-27,1.34019206400349E-26,8.04959600000134E-14,1.75389200000013E-13,3.13173353892E-8,6.12246153892E-8,6.12444413292E-8,1.29907643608332E-5,6.754356426594E-5,0.00123111224710594,0.00157308233982594,0.001581684864,0.0015698897984,0.0015650676784,0.0056454676784,0.0150810676784,0.0223264651344,0.02236522436,0.03198869368,0.03459909368,0.02482149368,0.01756749368
9.44044044044044E-6,6.22491128E-202,6.22491128E-202,1.605532588E-201,2.83177712E-179,1.75725424E-159,3.31517736E-134,7.439084E-134,4.5981476E-101,3.18191240004598E-90,3.020717019124E-85,3.86123360302072E-76,3.86123360302077E-76,3.14518000000386E-64,1.228303718E-60,3.74605002830372E-54,1.18908760374605E-45,1.19200209774605E-45,2.25870371920021E-38,1.04938800022587E-28,4.96912680002259E-27,9.56771080002259E-27,6.54077600000095E-14,1.4251420000001E-13,2.72042625142E-8,5.31836705142E-8,5.32002248662E-8,1.17357321594584E-5,6.1594052082352E-5,0.00115236684796235,0.00146994086855435,0.001477713728,0.0014670437628,0.0014628839628,0.0054260839628,0.0146460839628,0.0217143110868,0.02175015032,0.0312428518,0.0339340518,0.0243964518,0.0173204518
9.44894894894895E-6,1.331252928E-202,1.331252928E-202,3.433569624E-202,6.96632064E-180,4.89824004E-160,1.08817524E-134,2.44180944E-134,1.88312868E-101,1.40338564001883E-90,1.3790099138564E-85,1.87963640137901E-76,1.87963640137903E-76,1.66833960000188E-64,6.6879199396E-61,2.14197466879199E-54,7.26246002141974E-46,7.27988988541975E-46,1.4620848727989E-38,7.37684000146208E-29,3.54354600001462E-27,6.82386040001462E-27,5.31069200000068E-14,1.15712440000007E-13,2.361585171244E-8,4.616841571244E-8,4.618222834844E-8,1.05958101752415E-5,5.6138010112636E-5,0.00107811439437664,0.00137289184181264,0.001379910944,0.0013702645404,0.0013666925004,0.0052138925004,0.0142194925004,0.0211124733844,0.02114559368,0.03050722352,0.03327362352,0.02397322352,0.01707322352
9.45745745745746E-6,2.83965376E-203,2.83965376E-203,7.32404576E-203,1.70963064E-180,1.36229504E-160,3.56458564E-135,7.99873408E-135,7.6987592E-102,6.17951280007698E-91,6.285382595128E-86,9.13623640628538E-77,9.13623640628549E-77,8.83731240000913E-65,3.63654333124E-61,1.22319796365433E-54,4.43033641223198E-46,4.44074747223198E-46,9.45376844407474E-39,5.18054400094537E-29,2.52451784000945E-27,4.86220904000945E-27,4.30863600000048E-14,9.38790800000048E-14,2.048728587908E-8,4.005218187908E-8,4.006369853908E-8,9.56106765545271E-6,5.113738760466E-5,0.00100791690041266,0.00128149733551666,0.00128783206,0.0012791162548,0.0012760646948,0.0050088646948,0.0138016646948,0.0205213299588,0.02055192012,0.02978179536,0.03261819536,0.02355179536,0.01682579536
9.46596596596597E-6,6.0415514E-204,6.0415514E-204,1.55824072E-203,4.18560484E-181,3.78031892E-161,1.16529764E-135,2.61486148E-135,3.141996E-102,2.71655200003142E-91,2.86024676552E-86,4.43411360286024E-77,4.43411360286029E-77,4.67469480000443E-65,1.97468906948E-61,6.97623557468907E-55,2.69942880697623E-46,2.70563985897624E-46,6.10598027056398E-39,3.6345548006106E-29,1.79680314800611E-27,3.46113394800611E-27,3.49296800000034E-14,7.61068800000034E-14,1.776149610688E-8,3.472334010688E-8,3.473293548688E-8,8.6223729005572E-6,4.655677285938E-5,9.4213901143938E-4,0.00119572204959538,0.001201435772,0.0011935655064,0.0011909737864,0.0048097737864,0.0133913737864,0.0199400600544,0.01996829724,0.02906615456,0.03196775456,0.02313255456,0.01657815456
9.47447447447447E-6,1.28207514E-204,1.28207514E-204,3.306735256E-204,1.022281284E-181,1.04667336E-161,3.80172872E-136,8.53087392E-136,1.28007356E-102,1.1922551600128E-91,1.2995184825516E-86,2.14877400129952E-77,2.14877400129954E-77,2.46934680000215E-65,1.07083093468E-61,3.97362987083093E-55,1.64281840397363E-46,1.64651927957363E-46,3.93934656465193E-39,2.54740480039393E-29,1.27762884800394E-27,2.46141124800394E-27,2.82954240000025E-14,6.16517840000025E-14,1.5388245651784E-8,3.0083717651784E-8,3.0091706487784E-8,7.77133167819236E-6,4.2363371644836E-5,8.80347983460836E-4,0.00111513328798884,0.001120283868,0.0011131813676,0.0011109948876,0.0046173948876,0.0129893948876,0.0193690442996,0.01939509468,0.02836028912,0.03132188912,0.02271508912,0.01633028912
9.48298298298298E-6,2.71367184E-205,2.71367184E-205,6.99910636E-205,2.4908048E-182,2.89148012E-162,1.23778104E-136,2.77751152E-136,5.2060432E-103,5.22404160005206E-92,5.894806640416E-87,1.03972828058948E-77,1.03972828058949E-77,1.30258880000104E-65,5.7990365888E-62,2.26045217990366E-55,9.98595202260452E-47,1.00079768706045E-46,2.53870050007977E-39,1.78367560025387E-29,9.07592756002538E-28,1.74876315600254E-27,2.29036520000017E-14,4.99038760000017E-14,1.3323345903876E-8,2.6046881903876E-8,2.6053528363876E-8,7.00022150546022E-6,3.852658147846E-5,8.22113258182459E-4,0.00103953449464646,0.001044174712,0.001037768922,0.001035938682,0.004431138682,0.012595304722,0.018808264498,0.01883228372,0.0276645876,0.0306817876,0.0223001876,0.0160825876
9.49149149149149E-6,5.7202384E-206,5.7202384E-206,1.47536236E-205,6.038608E-183,7.9371612E-163,3.9919304E-137,8.9576752E-137,2.0795352E-103,2.23791760002079E-92,2.607708779176E-87,4.87940280260771E-78,4.87940280260775E-78,6.60312800000488E-66,3.0079983128E-62,1.22323990079983E-55,5.7121120122324E-47,5.7244920202324E-47,1.52240845724492E-39,1.14029560015224E-29,5.86481356001522E-28,1.13015735600152E-27,1.62126120000011E-14,3.53250360000011E-14,9.840595325036E-9,1.9238175325036E-8,1.9242964181036E-8,5.29316694796842E-6,2.9292286928856E-5,6.34482446368856E-4,8.01507008788856E-4,8.0501598E-4,8.00168782E-4,7.98846062E-4,0.003470446062,0.009918612102,0.014822303126,0.01484070804,0.02185323164,0.02428923164,0.01767403164,0.01276683164
9.5E-6,1.1957584E-206,1.1957584E-206,3.0841036E-206,1.448608E-183,2.1501612E-163,1.2646064E-137,2.8377072E-137,8.08811199999999E-104,9.30153600008088E-93,1.117275701536E-87,2.21027880111727E-78,2.21027880111729E-78,3.21556400000221E-66,1.4966595564E-62,6.33203749665955E-56,3.11394800633204E-47,3.12058765433204E-47,8.67328431205876E-40,6.89663600086733E-30,3.58296236000867E-28,6.90507436000867E-28,1.07941320000007E-14,2.35189160000007E-14,6.823767518916E-9,1.3340335518916E-8,1.3343578194916E-8,3.75478756740078E-6,2.0890587554676E-5,4.59283763810676E-4,5.79511207242676E-4,5.82000552E-4,5.785597268E-4,5.776645668E-4,0.0025480645668,0.0073222306068,0.0109505412588,0.01096376716,0.01618312652,0.01802592652,0.01313152652,0.00950072652
